{
"type": "FeatureCollection",
"name": "ne_10m_rivers_lake_centerlines",
"features": [
{"type":"Feature","properties":{"name":"Vltava","name_alt":"Moldau","scalerank":9,"min_zoom":7.1},"geometry":{"type":"MultiLineString","coordinates":[[[13.9841309,48.7777774],[13.9638672,48.787543],[13.953125,48.803046],[13.9440918,48.8281436],[13.9311523,48.8403507],[13.8800293,48.8756778],[13.8590332,48.8959415],[13.8505859,48.9012393],[13.8261719,48.9356143],[13.7685547,48.9591007],[13.7463379,48.9640567],[13.7297363,48.9617862],[13.7125488,48.9634952],[13.6552734,48.9974307],[13.6137695,49.0100284],[13.5785156,49.0132022]],[[13.9857422,48.7793643],[13.9912109,48.7758975],[14.0185547,48.7654971],[14.036377,48.7557315],[14.0436035,48.749628],[14.0487305,48.7411563],[14.0509277,48.7233341],[14.0534668,48.7148624],[14.0599609,48.7080753],[14.0769043,48.7008731],[14.0847168,48.6962344],[14.0992676,48.6844424],[14.1054688,48.6828799],[14.1313477,48.6826846],[14.1359863,48.6809757],[14.1381836,48.6790225],[14.1419922,48.6735294],[14.1432129,48.6721378],[14.175293,48.6485049],[14.1881348,48.6435733],[14.203125,48.6432559],[14.2340332,48.6477725],[14.2485352,48.6453311],[14.2533203,48.6427676],[14.255127,48.6406924],[14.2570801,48.6393497],[14.2617188,48.6387393],[14.2668457,48.639838],[14.2773438,48.6444766],[14.2836914,48.6445499],[14.2889648,48.6422794],[14.3034668,48.6316592],[14.315918,48.6264102],[14.3288574,48.6239688],[14.3413086,48.6256046],[14.3527832,48.6330753],[14.3631836,48.6441592],[14.3666992,48.6519229],[14.3630371,48.678046],[14.3600098,48.6901309],[14.3416992,48.7353702],[14.308252,48.7705753],[14.3015137,48.7941348],[14.3062988,48.8080508],[14.3167969,48.8158633],[14.3583008,48.8270206],[14.3649902,48.8303897],[14.369873,48.8351505],[14.3723145,48.8431339],[14.3723145,48.8613956],[14.375,48.8701358],[14.3811035,48.8768985],[14.3825684,48.879169],[14.3833008,48.8826358],[14.3834473,48.8851993],[14.3832031,48.8876407],[14.3840332,48.8991153],[14.3851563,48.9045596],[14.3879395,48.9088077],[14.3945312,48.9135196],[14.4088379,48.9201846],[14.4225098,48.9247501],[14.4353027,48.9309268],[14.4474121,48.9422061],[14.4519043,48.9540469],[14.456543,48.9746768],[14.4580078,48.9935977],[14.4519043,49.0001895],[14.4660645,49.0064151],[14.4518066,49.0198917],[14.4449707,49.0244327],[14.4381348,49.0275333],[14.4467773,49.0534122],[14.4527832,49.0631046],[14.4660645,49.0690372],[14.4625488,49.084296],[14.4626465,49.1391055],[14.4519043,49.1571719],[14.455957,49.1691348],[14.4555664,49.1848819],[14.4518066,49.200629],[14.4455566,49.2124698],[14.4352051,49.2178409],[14.3984375,49.2316348],[14.382959,49.2404239],[14.3664551,49.2444522],[14.3500977,49.2511661],[14.3426758,49.2636905],[14.342041,49.2764346],[14.3392578,49.2863956],[14.3331543,49.296088],[14.3220215,49.3080508],[14.2805176,49.3427921],[14.2519531,49.3897159],[14.2429199,49.396796],[14.2416992,49.4043155],[14.228418,49.4199893],[14.2133789,49.4335391],[14.205957,49.4346378],[14.2038574,49.4375674],[14.1992188,49.4404971],[14.1944824,49.4457462],[14.190332,49.4638126],[14.1813965,49.4783389],[14.1799316,49.4874942],[14.1818848,49.4959171],[14.1882324,49.5120303],[14.189209,49.5210147],[14.1803223,49.579169],[14.1849609,49.5960147],[14.1966797,49.6123721],[14.203125,49.6183536],[14.212793,49.6233585],[14.2189941,49.6096866],[14.2352539,49.6310489],[14.2455078,49.6370792],[14.2600098,49.6370303],[14.2538086,49.6612003],[14.2663574,49.6737003],[14.2877441,49.6815128],[14.3077637,49.691669],[14.3037109,49.6961124],[14.2995605,49.6980167],[14.2885742,49.6984317],[14.3009277,49.6998966],[14.3109375,49.7035587],[14.3163086,49.7098331],[14.3151855,49.7189395],[14.3399902,49.7240665],[14.3515625,49.7238223],[14.3630371,49.7189395],[14.359375,49.7275577],[14.3591309,49.7334659],[14.3630371,49.7468936],[14.3792969,49.7390811],[14.3949219,49.7435245],[14.4101562,49.7528751],[14.4250488,49.7598819],[14.4130859,49.7705264],[14.4110352,49.7844913],[14.4178711,49.7982852],[14.4318848,49.808295],[14.427002,49.8162784],[14.4318848,49.8195987],[14.4401855,49.8223819],[14.4455566,49.8288028],[14.4474121,49.8397891],[14.4458008,49.841669],[14.440918,49.8405216],[14.4318848,49.8424014],[14.4074707,49.8532169],[14.3979492,49.8595645],[14.3903809,49.8697452],[14.3898926,49.876044],[14.3925781,49.8823428],[14.3959961,49.8876407],[14.3972168,49.8908878],[14.3941895,49.8960147],[14.3858887,49.9065616],[14.3803711,49.9166934],[14.3756348,49.9205264],[14.3714844,49.9247501],[14.369873,49.9312198],[14.3725586,49.9379337],[14.3849121,49.9392276],[14.3903809,49.9448917],[14.3935547,49.9536807],[14.3956543,49.9630801],[14.3986816,50.0076358],[14.4035645,50.0257022],[14.4122559,50.043085],[14.4250488,50.0622012],[14.4100586,50.0782413],[14.4174805,50.0880069],[14.4525391,50.0997257],[14.4572754,50.109003],[14.4391113,50.115668],[14.3972168,50.1236026],[14.4047852,50.1557071],[14.4040527,50.1646182],[14.3944336,50.174628],[14.3845215,50.1764591],[14.3562012,50.1720645],[14.3703613,50.1836124],[14.3754883,50.1900089],[14.3773438,50.199335],[14.3725586,50.1983096],[14.362207,50.2096622],[14.3521973,50.2235049],[14.3493652,50.2294376],[14.3195801,50.2439639],[14.3115234,50.2502628],[14.3062988,50.2612979],[14.3117676,50.2694766],[14.3282715,50.2812686],[14.3374023,50.3085391],[14.3426758,50.3154483],[14.3521973,50.3182315],[14.4481445,50.3224551],[14.4701172,50.3281924],[14.4729004,50.3427188]]]}},
{"type":"Feature","properties":{"name":"Ialomița","name_alt":null,"scalerank":9,"min_zoom":7.1},"geometry":{"type":"LineString","coordinates":[[25.4295898,45.3375919],[25.4095703,45.2946231],[25.4063477,45.2799014],[25.4108398,45.2645938],[25.4428711,45.2132022],[25.4506836,45.1856143],[25.4504395,45.1658389],[25.4432617,45.1478946],[25.4300781,45.1254337],[25.4272461,45.1113467],[25.4343262,45.0783878],[25.4341797,45.0634219],[25.4279785,45.0506046],[25.4108398,45.0349307],[25.4024414,45.0235049],[25.4012695,44.9848819],[25.4305664,44.9549503],[25.4732422,44.9335391],[25.5521484,44.9062686],[25.6209961,44.869501],[25.6533203,44.8459659],[25.6721191,44.8307559],[25.6948242,44.8161807],[25.7158203,44.8103702],[25.7889648,44.8037296],[25.8093262,44.7957706],[25.8244629,44.7820499],[25.8327637,44.7611758],[25.8588867,44.7511661],[26.1030273,44.7537296],[26.1635742,44.7678897],[26.1870117,44.7677676],[26.2314453,44.754462],[26.3115234,44.7120303],[26.3535156,44.702753],[26.4166016,44.7029971],[26.4375977,44.7078311],[26.4671875,44.7208926],[26.4808594,44.7226749],[26.4850586,44.7213077],[26.4982422,44.7151553],[26.5035156,44.7135684],[26.5087891,44.714545],[26.5222168,44.7200382],[26.5290527,44.7210147],[26.5399414,44.7189395],[26.5726563,44.7072208],[26.5788574,44.7063174],[26.5973633,44.7068546],[26.6044922,44.7022647],[26.6143555,44.6832217],[26.6210938,44.6775577],[26.6314453,44.6784122],[26.6522461,44.6890323],[26.6617188,44.6907413],[26.6650391,44.688837],[26.6750488,44.6810245],[26.6809082,44.6785831],[26.6884766,44.6798038],[26.7021484,44.6881778],[26.7094727,44.6889102],[26.715332,44.6846378],[26.7304688,44.6685733],[26.7401367,44.6631534],[26.7540039,44.6616885],[26.7765625,44.6677921],[26.7902832,44.6690128],[26.809082,44.6654727],[26.8165039,44.6588077],[26.8198242,44.6500186],[26.8258789,44.6400821],[26.8337402,44.6306339],[26.8365234,44.626044],[26.8421875,44.6238956],[26.9519043,44.6157901],[26.9771484,44.6167667],[27.0204102,44.6264835],[27.0429688,44.6239688],[27.0671387,44.6128604],[27.1137695,44.5843448],[27.1367188,44.5755069],[27.3177734,44.5576846],[27.3415527,44.5634219],[27.3864746,44.5822208],[27.4326172,44.5829532],[27.4867188,44.5958926],[27.5065918,44.6041202],[27.5116211,44.6084659],[27.5153809,44.6135928],[27.5205078,44.6193301],[27.5298828,44.6252628],[27.5410156,44.6261661],[27.5660156,44.6184268],[27.5777344,44.6185245],[27.7541504,44.6563174],[27.7713867,44.657294],[27.8068848,44.6547305],[27.8243164,44.6572452],[27.8430176,44.666376],[27.8504883,44.6771915],[27.8552246,44.6895694],[27.8701172,44.7085635],[27.8661133,44.7033145]]}},
{"type":"Feature","properties":{"name":"Southern Bug","name_alt":"Pivd. Buh","scalerank":8,"min_zoom":7.0},"geometry":{"type":"MultiLineString","coordinates":[[[26.5018555,49.6211612],[26.5898438,49.5840518],[26.6608398,49.5596866],[26.6841797,49.5445499],[26.7089844,49.537421],[26.7300781,49.5259952],[26.7390137,49.5100772],[26.74375,49.5048282],[26.755957,49.5010928],[26.7910156,49.4968448],[26.8215332,49.4935977],[27.0473633,49.4103458],[27.175293,49.3835635],[27.3183594,49.3762882],[27.3256836,49.3801944],[27.3422852,49.4042423],[27.3764648,49.4247501],[27.4001465,49.4326358],[27.4256836,49.4358585],[27.4505859,49.431586],[27.4726562,49.4173038]],[[27.690332,49.4745548],[27.697998,49.4725284],[27.7081055,49.4840762],[27.7194824,49.5006046],[27.7287598,49.5176456],[27.732666,49.530878],[27.737793,49.5353458],[27.7495117,49.5335147],[27.7705078,49.5271671],[27.7796875,49.5296573],[27.8078613,49.548212],[27.8276367,49.5562198],[27.8476562,49.5578067],[27.9350586,49.5550479],[27.9494629,49.5521915],[27.9549805,49.5449893],[27.9581055,49.5359073],[27.9660645,49.5271671],[27.9819336,49.5242374],[28.0296875,49.5232608],[28.0449219,49.5171573],[28.059668,49.5082462],[28.0795898,49.5060489],[28.1236328,49.5066592],[28.1442383,49.5022647],[28.1806641,49.4889591],[28.3339844,49.4736514],[28.3433594,49.4691104],[28.3479004,49.4551456],[28.3588867,49.4356632],[28.3731445,49.4184757],[28.387207,49.4110782],[28.3903809,49.4068057],[28.395752,49.3880557],[28.401123,49.3837344],[28.4087891,49.3820255],[28.4868164,49.3353214],[28.4868164,49.329169],[28.4697266,49.3164249],[28.4615234,49.2989444],[28.459082,49.2785098],[28.4600586,49.2326846],[28.4588867,49.2254581],[28.4389648,49.1845157],[28.3663086,49.1435733],[28.3522949,49.1379581],[28.2950195,49.1026065],[28.302832,49.0894229],[28.3133789,49.0593448],[28.3216797,49.0473087],[28.3325195,49.0432803],[28.3837891,49.03371],[28.4741211,49.0328311],[28.5004883,49.0206973],[28.517334,49.030463],[28.5332031,49.0227237],[28.5483398,49.0088077],[28.5625,49.0001895],[28.5791992,49.0021426],[28.6244141,49.0170352],[28.6479492,49.0206973],[28.6581055,49.0120303],[28.6483398,48.9740665],[28.6615234,48.9653995],[28.6646484,48.9544132],[28.6499023,48.9301212],[28.6234375,48.8965518],[28.6629883,48.8756046],[28.6786133,48.8698184],[28.7027344,48.8698184],[28.706543,48.8683536],[28.7113281,48.8651798],[28.7178711,48.8624942],[28.7270508,48.8623721],[28.7461914,48.8737247],[28.7619629,48.8909366],[28.7790527,48.9008975],[28.8021484,48.8903262],[28.8122559,48.8782901],[28.8254395,48.856879],[28.8363281,48.8493839],[28.8491211,48.8460635],[28.9577637,48.8341007],[28.9893555,48.8360049],[28.9864258,48.8493839],[28.9864258,48.8562198],[29.0006836,48.8566348],[29.0231934,48.8541934],[29.0347656,48.8562198],[29.0464844,48.8629092],[29.0538086,48.8706241],[29.0617188,48.8762393],[29.0758789,48.8766544],[29.1037598,48.8562198],[29.1271973,48.8348331],[29.1379395,48.8282413],[29.1379395,48.8214053],[29.1167969,48.8187198],[29.1019531,48.8091495],[29.0973633,48.7988956],[29.1071777,48.7941348],[29.1108398,48.7910342],[29.1113281,48.7841983],[29.1080078,48.7773624],[29.1000977,48.7742374],[29.0899414,48.773627],[29.0622559,48.7674014],[29.0705566,48.7536807],[29.0824219,48.7428653],[29.0987305,48.7357852],[29.1299805,48.7313907],[29.1401367,48.7268253],[29.1483398,48.7210147],[29.1514648,48.7155948],[29.1560059,48.7050235],[29.1655273,48.7073917],[29.1750488,48.7147891],[29.1789551,48.7190128],[29.1960449,48.7163272],[29.2164063,48.7092471],[29.2333008,48.6992862],[29.240332,48.6880069],[29.2897949,48.6559512],[29.3017578,48.6432559],[29.3041016,48.6344669],[29.3021484,48.6214053],[29.3017578,48.6091495],[29.3006836,48.6049258],[29.2978516,48.6003604],[29.2954102,48.5949893],[29.2949219,48.5886905],[29.3070313,48.5814151],[29.3091797,48.5784366],[29.3155273,48.5656192],[29.3637695,48.534003],[29.3691406,48.5264346],[29.3763672,48.5126407],[29.3837891,48.5067081],[29.3930664,48.5033633],[29.4853516,48.4911563],[29.5371094,48.4950626],[29.6578125,48.4834659],[29.6724609,48.4803409],[29.6851563,48.474921],[29.740625,48.435004],[29.7474609,48.4241397],[29.7412109,48.4216495],[29.7369141,48.4182315],[29.7329102,48.4141788],[29.7276367,48.4099307],[29.7375488,48.3841495],[29.7457031,48.3733585],[29.7583008,48.3689639],[29.776123,48.3679874],[29.7958008,48.3641299],[29.8094727,48.3558292],[29.8094727,48.3416202],[29.8518066,48.3272159],[29.8635254,48.3217227],[29.8747559,48.3132999],[29.8820801,48.3062686],[29.8903809,48.3000674],[29.9050293,48.2938174],[29.9211426,48.2907169],[29.935791,48.2899844],[29.9487305,48.2879092],[29.9597168,48.2807803],[29.9689941,48.2672794],[29.9836426,48.2379825],[30.0129395,48.1992374],[30.0275879,48.1746768],[30.0475586,48.1550967],[30.083252,48.1436221],[30.322168,48.1345401],[30.3303223,48.1361758],[30.3347168,48.141962],[30.3413086,48.1597354],[30.3472656,48.1634464],[30.432847,48.1634464]]]}},
{"type":"Feature","properties":{"name":"Olt","name_alt":null,"scalerank":8,"min_zoom":7.0},"geometry":{"type":"LineString","coordinates":[[25.7836914,46.6837833],[25.7946777,46.6751163],[25.799707,46.655585],[25.8005371,46.6216983],[25.7950195,46.6020694],[25.7770996,46.5697696],[25.7730469,46.5568301],[25.7700195,46.5521182],[25.7631836,46.5474307],[25.7563477,46.540546],[25.7533203,46.529169],[25.7548828,46.5094669],[25.7588867,46.4920108],[25.7606445,46.4686954],[25.7595215,46.4408633],[25.7598633,46.3840518],[25.7663574,46.3595645],[25.7805176,46.3411319],[25.8453125,46.313251],[25.8550781,46.3026798],[25.8580078,46.2865665],[25.8654785,46.2680118],[25.8830566,46.2381046],[25.8972168,46.2201602],[25.9001465,46.2119815],[25.896582,46.2046085],[25.9013672,46.1853214],[25.8907227,46.1670596],[25.8762207,46.1476505],[25.8618164,46.1008975],[25.8381348,46.0573184],[25.842041,46.038837],[25.8254395,46.021918],[25.8344727,46.0005069],[25.8631836,45.9705753],[25.8637695,45.9602725],[25.8620605,45.9475772],[25.8550781,45.9234073],[25.8322754,45.8919132],[25.8283203,45.8852725],[25.8250977,45.8815372],[25.8105469,45.8755557],[25.807373,45.8716495],[25.807373,45.8439395],[25.8046875,45.832587],[25.7983398,45.8209171],[25.7836914,45.803046],[25.7683105,45.7650821],[25.7625977,45.7589053],[25.7470703,45.7566104],[25.732666,45.7526309],[25.7186523,45.7518253],[25.7043457,45.7589053],[25.6965332,45.7539737],[25.6888672,45.7517276],[25.6706543,45.7515323],[25.6688477,45.7848575],[25.6374512,45.8079288],[25.5671387,45.8408878],[25.5577148,45.8541934],[25.5538086,45.8695743],[25.5523438,45.9347598],[25.5542969,45.9569034],[25.560791,45.9705753],[25.560791,45.978046],[25.5581055,45.9878604],[25.5708008,46.0213077],[25.5671387,46.038837],[25.5545898,46.0454776],[25.5336914,46.0494327],[25.5141602,46.0489444],[25.5056152,46.0425967],[25.4880371,46.0202091],[25.4465332,46.0175235],[25.3986816,46.0195987],[25.3617188,46.0115421],[25.3759766,45.9943301],[25.3693848,45.9850528],[25.3555664,45.9831729],[25.3480469,45.9882999],[25.3430176,46.0040225],[25.3312988,46.0042178],[25.3070313,45.9917178],[25.2583008,45.9754092],[25.2416992,45.9635684],[25.2250977,45.9439151],[25.2289063,45.9398135],[25.2298828,45.9381778],[25.2250977,45.9296329],[25.2123047,45.9341983],[25.2060547,45.9279971],[25.2057617,45.9157169],[25.2114258,45.9022891],[25.1984863,45.9014835],[25.1921387,45.8974796],[25.1917969,45.8907413],[25.197168,45.8818546],[25.1792969,45.8740421],[25.1649414,45.8650577],[25.1486816,45.8576114],[25.1254883,45.8545108],[25.0532227,45.8545108],[25.0493164,45.8524844],[25.0390625,45.8433292],[25.0333008,45.8408878],[25.0273438,45.841376],[25.0179688,45.8460147],[25.012207,45.8470401],[24.9674805,45.8470401],[24.9450684,45.8445987],[24.8395996,45.8196475],[24.5349121,45.787543],[24.4750977,45.7746036],[24.4399414,45.7719913],[24.4146973,45.7647159],[24.3811035,45.7473331],[24.3557129,45.7268253],[24.354248,45.7099063],[24.2995605,45.6552921],[24.2785645,45.6279971],[24.2739258,45.6255557],[24.2612305,45.6218936],[24.2586914,45.6180362],[24.2597656,45.6111514],[24.2644043,45.6045108],[24.2655273,45.5972354],[24.2612305,45.5896671],[24.2530762,45.5808292],[24.2467285,45.5716007],[24.2487793,45.5628116],[24.2662598,45.5486514],[24.270752,45.5415714],[24.2723633,45.5289981],[24.2807617,45.5120792],[24.2970215,45.4965274],[24.3076172,45.4808292],[24.2995605,45.4634464],[24.2995605,45.457294],[24.3124023,45.4431827],[24.3095703,45.4247501],[24.3043457,45.4044864],[24.3095703,45.3853214],[24.3104492,45.3775577],[24.3067871,45.3673038],[24.3010254,45.3581729],[24.2958984,45.3542667],[24.282959,45.353046],[24.2780762,45.3497257],[24.2779785,45.3453311],[24.2827148,45.3214053],[24.3021484,45.2891788],[24.3063965,45.2754581],[24.3097168,45.269794],[24.323877,45.260126],[24.3270508,45.2546573],[24.3407227,45.2239444],[24.3459473,45.2177188],[24.3510742,45.2129581],[24.3562012,45.2069034],[24.361084,45.1966007],[24.361084,45.1903751],[24.3583984,45.1838565],[24.3554688,45.1784122],[24.354248,45.1754825],[24.3574219,45.1703555],[24.3662109,45.1616397],[24.3679199,45.1587589],[24.3692871,45.1544864],[24.3757324,45.1440616],[24.3781738,45.1420352],[24.3819824,45.139838],[24.3805176,45.1347842],[24.376709,45.1289737],[24.3747559,45.1245792],[24.3759766,45.1128604],[24.3781738,45.1063907],[24.3785645,45.1012637],[24.3747559,45.0935733],[24.3688965,45.0886905],[24.3537598,45.0838565],[24.3481445,45.0799014],[24.3441406,45.0698917],[24.3430176,45.0589053],[24.3399902,45.0500674],[24.3304688,45.0464053],[24.3225098,45.0451846],[24.3148438,45.0415714],[24.3089844,45.0359073],[24.3063965,45.0283878],[24.3046875,45.0136173],[24.2999512,45.0084903],[24.2933594,45.0057315],[24.2860352,44.9979923],[24.2782227,44.9798526],[24.2680664,44.9441104],[24.2586914,44.9290714],[24.2451172,44.9153995],[24.260498,44.8938663],[24.2619629,44.8835635],[24.2556152,44.8714053],[24.2536621,44.8606632],[24.2617188,44.8508487],[24.2744141,44.8435245],[24.2860352,44.8402774],[24.2849121,44.8358096],[24.2838379,44.8329532],[24.2785645,44.8266788],[24.2849121,44.8073184],[24.2868652,44.785712],[24.2860352,44.7373233],[24.2902832,44.7156924],[24.3043457,44.6724307],[24.2995605,44.6553409],[24.3117676,44.6429385],[24.3227539,44.6242862],[24.3307129,44.6013858],[24.3338867,44.5764835],[24.3329102,44.5628604],[24.3304688,44.5494327],[24.326416,44.5366885],[24.3207031,44.5250186],[24.313623,44.5191104],[24.3049316,44.5150821],[24.2989746,44.5075137],[24.2995605,44.4909122],[24.3061523,44.4785831],[24.3233887,44.4641788],[24.3322754,44.4398135],[24.3557129,44.4230411],[24.361084,44.4120548],[24.3579102,44.3914249],[24.3575684,44.3811221],[24.361084,44.367377],[24.3662109,44.3606143],[24.3790527,44.3528018],[24.3815918,44.3468692],[24.3819824,44.3385684],[24.3839355,44.3336124],[24.3883301,44.3301456],[24.3958984,44.3263614],[24.3884277,44.3195987],[24.3958984,44.3127628],[24.3878418,44.2938907],[24.4032227,44.2713565],[24.4250488,44.2497745],[24.4498535,44.2112003],[24.4758301,44.1977725],[24.4924316,44.1810245],[24.4777832,44.1482608],[24.4942871,44.1414249],[24.5150391,44.1256046],[24.5328613,44.1063907],[24.5404297,44.0893008],[24.5476074,44.082294],[24.5876465,44.0315616],[24.5802246,44.0254092],[24.5883789,44.0203311],[24.5913086,44.013544],[24.5887695,44.0056827],[24.5802246,43.9973819],[24.6230469,43.9446475],[24.6286621,43.9254092],[24.6313477,43.9046573],[24.6388184,43.8904971],[24.6627441,43.8602969],[24.6715332,43.8396182],[24.6778809,43.8296573],[24.6870117,43.8255069],[24.6952148,43.8246524],[24.7032715,43.8225284],[24.7307129,43.8098819],[24.7340332,43.8068301],[24.7365723,43.8029239],[24.7429199,43.7894229],[24.7542969,43.777045],[24.7567383,43.7727237],[24.762207,43.7593936],[24.7743164,43.7404971]]}},
{"type":"Feature","properties":{"name":"Inn","name_alt":null,"scalerank":8,"min_zoom":7.0},"geometry":{"type":"LineString","coordinates":[[9.7459961,46.4031924],[9.7443848,46.4246768],[9.7555176,46.438251],[9.782959,46.4550235],[9.7990723,46.4640567],[9.8055664,46.4753604],[9.8158203,46.4827823],[9.8270508,46.4887149],[9.8366699,46.4954288],[9.8708496,46.5363223],[9.9047852,46.5659854],[10.010498,46.6383731],[10.0869141,46.6976993],[10.0956055,46.7062442],[10.097168,46.7166202],[10.0883789,46.737128],[10.0897461,46.747626],[10.0969238,46.7589053],[10.1052246,46.7681827],[10.1157227,46.7750919],[10.1298828,46.779169],[10.1899414,46.7813174],[10.2992188,46.8068301],[10.391748,46.8410098],[10.4288574,46.862128],[10.4606934,46.889838],[10.5143066,46.9599796],[10.6535645,47.061835],[10.6591797,47.0695255],[10.6606445,47.0791202],[10.6577148,47.0894229],[10.6471191,47.1079288],[10.6388184,47.1165225],[10.6274414,47.1227481],[10.6031738,47.1299503],[10.5866699,47.1316104],[10.5787598,47.1335635],[10.5722656,47.1384464],[10.5700684,47.1583926],[10.5883789,47.174335],[10.703125,47.2194278],[10.8051758,47.2293643],[10.8297363,47.2365909],[10.8431641,47.2443301],[10.863916,47.2624698],[10.876123,47.2689151],[11.0265137,47.3109805],[11.1170898,47.3095157],[11.2246094,47.2829044],[11.317627,47.2827823],[11.369043,47.2748477],[11.3842773,47.2766788],[11.431543,47.2906436],[11.5365234,47.3015323],[11.6090332,47.3184268],[11.677002,47.3454776],[11.7628418,47.3989932],[11.7739258,47.403754],[11.8222656,47.4168155],[11.8439941,47.4296329],[11.8813477,47.4591739],[11.9041992,47.4719913],[12.03125,47.5065372],[12.0444336,47.5114932],[12.0544434,47.518085],[12.0726563,47.5354678],[12.0847168,47.5446231],[12.1412598,47.5778262],[12.2015625,47.6300723],[12.2053223,47.6364932],[12.2062012,47.6458194],[12.2045898,47.6725528],[12.2019043,47.678046],[12.1966797,47.6803653],[12.188623,47.6858585],[12.1811523,47.6924014],[12.1778809,47.6979434],[12.174707,47.7115421],[12.1669922,47.7171573],[12.1574707,47.7198428],[12.1490723,47.7246768],[12.141748,47.7374942],[12.1354004,47.7567813],[12.1308594,47.7781436],[12.1291504,47.7973087],[12.13125,47.8052432],[12.141748,47.8294132],[12.1459961,47.8344913],[12.1561523,47.8389346],[12.1539551,47.8491885],[12.1428223,47.8692569],[12.1445312,47.9108341],[12.1505371,47.9503848],[12.1632324,47.9870059],[12.1843262,48.020087],[12.2072754,48.0464542],[12.2224121,48.0593448],[12.2390137,48.0673282],[12.2390137,48.0747745],[12.2186523,48.0747745],[12.2352539,48.1038272],[12.2485352,48.1174503],[12.2663574,48.122504],[12.2663574,48.1299503],[12.2604004,48.1331729],[12.2578125,48.1358585],[12.2560059,48.1390323],[12.2526855,48.1436221],[12.2652832,48.1436221],[12.2729492,48.1471622],[12.2790527,48.1521182],[12.2868652,48.1566837],[12.3029785,48.159003],[12.3121582,48.1622989],[12.3210449,48.1709659],[12.3347168,48.1634464],[12.330957,48.1732852],[12.3285156,48.1771915],[12.3317871,48.1782413],[12.3338867,48.1784122],[12.3347168,48.1798038],[12.3483887,48.1792667],[12.3903809,48.1765811],[12.4035645,48.1771915],[12.4095703,48.1796329],[12.4155273,48.1842716],[12.4230957,48.1887882],[12.4345703,48.1907901],[12.439209,48.1945255],[12.4413086,48.2012882],[12.4459473,48.2047061],[12.4581543,48.1982608],[12.4740234,48.2100284],[12.4820801,48.2141788],[12.4929199,48.218085],[12.4852539,48.2227237],[12.4802246,48.2277286],[12.4724121,48.2398135],[12.6500488,48.2528751],[12.7148438,48.2665469],[12.7772461,48.2591007],[12.7878418,48.2630557],[12.8024902,48.2705264],[12.8181152,48.2750186],[12.8321777,48.2698917],[12.8439941,48.2596378],[12.8547363,48.2546573],[12.8679199,48.2529971],[12.8867188,48.2528751],[12.8955078,48.247626],[12.9311523,48.2118594],[12.9466797,48.2202823],[12.9789063,48.2322452],[13.0160156,48.2561221],[13.0322266,48.2638614],[13.1359863,48.2913272],[13.2736816,48.3073184],[13.3072754,48.3198917],[13.4050293,48.3768253],[13.4189453,48.3924014],[13.4245605,48.4136417],[13.4266602,48.4187686],[13.4310547,48.4239444],[13.4355469,48.4308536],[13.4376465,48.4412296],[13.4356934,48.4695499],[13.4376465,48.4788272],[13.4422852,48.4879825],[13.455957,48.5069034],[13.4587402,48.516669],[13.456543,48.5254581],[13.4472656,48.5350284],[13.4432617,48.553168],[13.4401855,48.5576358],[13.4394531,48.5611514],[13.4450684,48.5681827],[13.4540039,48.5736758],[13.4865723,48.5818546]]}},
{"type":"Feature","properties":{"name":"Morava","name_alt":null,"scalerank":8,"min_zoom":7.0},"geometry":{"type":"LineString","coordinates":[[16.8432617,50.1962344],[16.8290039,50.1819034],[16.8137207,50.157001],[16.8059082,50.1299503],[16.8029785,50.1204776],[16.8171387,50.1041202],[16.8493652,50.1065128],[16.8849121,50.1137149],[16.9088379,50.1120059],[16.918457,50.0963809],[16.9194336,50.0768497],[16.9112793,50.0399844],[16.9095703,50.0363223],[16.9037109,50.0281436],[16.9015137,50.0241153],[16.9003906,50.0193546],[16.8998047,50.0098331],[16.8988281,50.0053165],[16.8837891,49.9793155],[16.8791504,49.9661319],[16.8837891,49.9537296],[16.8941895,49.9482608],[16.9084473,49.943671],[16.9210449,49.9376895],[16.9265137,49.9280948],[16.9339844,49.8493106],[16.9335938,49.8386905],[16.9320313,49.8323428],[16.931543,49.8259952],[16.9339844,49.8151309],[16.9510742,49.7937198],[16.9538574,49.7843692],[16.9566895,49.7800967],[16.9776855,49.7636173],[16.9943848,49.7395694],[17.0016113,49.7326114],[17.010498,49.726752],[17.0306641,49.717963],[17.0415039,49.7146182],[17.1161133,49.6990421],[17.2104492,49.6610049],[17.2396484,49.6425235],[17.2617188,49.6165225],[17.2680664,49.6015811],[17.2726074,49.5838077],[17.2760254,49.548212],[17.2728516,49.5139835],[17.2765137,49.5029971],[17.2895508,49.4861514],[17.2928711,49.4841983],[17.2998047,49.4828555],[17.3032227,49.4799991],[17.3062988,49.4741885],[17.308252,49.4640567],[17.3100586,49.4588565],[17.3237305,49.4309268],[17.3220215,49.4088077],[17.3171387,49.3900089],[17.3156738,49.3728702],[17.3237305,49.3558292],[17.3468262,49.3369815],[17.4335938,49.294379],[17.4571777,49.2748477],[17.4874512,49.2432803],[17.5114746,49.2116153],[17.5155273,49.191962],[17.5202637,49.1810977],[17.5180664,49.1653018],[17.5053711,49.1284366],[17.495752,49.1094424],[17.494873,49.1050479],[17.4952637,49.1002139],[17.496582,49.0956485],[17.4987793,49.0920596],[17.5006348,49.0864932],[17.496582,49.0838077],[17.4911133,49.0818546],[17.4882812,49.0784366],[17.4797363,49.0726993],[17.4421387,49.070087],[17.4335938,49.0653751],[17.4282227,49.058295],[17.3920898,49.0275333],[17.3994141,49.0206973],[17.3991699,49.0084903],[17.395752,49.0023135],[17.3907715,48.9983096],[17.3858887,48.9927432],[17.3675781,48.9639346],[17.3646484,48.9623477],[17.3549805,48.9522159],[17.2895508,48.9374454],[17.2760254,48.9282901],[17.2629395,48.9172549],[17.2469727,48.9079044],[17.2241211,48.9039981],[17.2094727,48.8985538],[17.1723633,48.8623721],[17.1132812,48.8341739],[17.1040039,48.8248233],[17.0981445,48.8060977],[17.0838867,48.7939639],[17.0494629,48.7742374],[17.0248047,48.7465274],[16.9742676,48.6500919],[16.962793,48.6361758],[16.9470215,48.6234073],[16.9445801,48.6044376],[16.9538574,48.5576358],[16.9464355,48.5400577],[16.9299316,48.5284366],[16.9134766,48.5195987],[16.9060059,48.5101993],[16.9006348,48.4968448],[16.8745117,48.4717471],[16.8644043,48.4583194],[16.8603516,48.4440372],[16.8514648,48.3906924],[16.848877,48.3843448],[16.8464355,48.3813663],[16.8447266,48.3767764],[16.8439941,48.3658389],[16.8470703,48.3598819],[16.8548828,48.3567569],[16.875,48.3552921],[16.8806152,48.353046],[16.8912598,48.3472354],[16.9013672,48.3396671],[16.9060059,48.3317325],[16.9038086,48.3272647],[16.8998047,48.3214786],[16.8979492,48.3164737],[16.9022461,48.3142764],[16.9049316,48.3122012],[16.9084473,48.3071964],[16.9115234,48.3014591],[16.9128418,48.2969424],[16.9161621,48.2910831],[16.9237305,48.2877872],[16.9327637,48.2849796],[16.9438477,48.2782657],[16.9501953,48.2768008],[16.9538574,48.2733829],[16.954834,48.2690616],[16.9533691,48.2576358],[16.9538574,48.2528751],[16.9694824,48.2168643],[16.9741211,48.1987979],[16.9742676,48.1771915]]}},
{"type":"Feature","properties":{"name":"Warta","name_alt":null,"scalerank":8,"min_zoom":7.0},"geometry":{"type":"LineString","coordinates":[[19.4886719,50.4867618],[19.4667969,50.4816348],[19.4492188,50.4848819],[19.4204102,50.5009952],[19.3994141,50.5096378],[19.3932129,50.5140323],[19.3879395,50.5202091],[19.3797852,50.5343692],[19.3725586,50.5420108],[19.3569336,50.5525577],[19.3261719,50.5662784],[19.3105469,50.5755069],[19.2552734,50.6170596],[19.2411133,50.6284854],[19.2341309,50.6367374],[19.2224121,50.6580264],[19.2113281,50.6682803],[19.1772461,50.6890323],[19.1666504,50.6989932],[19.1638184,50.7127628],[19.1734863,50.7399356],[19.1740723,50.7542178],[19.1661621,50.7748477],[19.1559082,50.7863223],[19.1262207,50.8020694],[19.1391602,50.8189639],[19.1552734,50.8242374],[19.1914062,50.8218936],[19.2765137,50.8293643],[19.2870117,50.8284854],[19.292627,50.8270938],[19.298584,50.8267764],[19.3105469,50.8293643],[19.3185059,50.8331973],[19.3236328,50.8379581],[19.329834,50.8419864],[19.3415527,50.8436221],[19.3512207,50.8467471],[19.3580566,50.8535831],[19.3635254,50.8603702],[19.3688965,50.8634708],[19.3798828,50.8648135],[19.4040527,50.872626],[19.414209,50.8771426],[19.4326172,50.8882022],[19.440332,50.8980167],[19.4415527,50.9103458],[19.440918,50.9286563],[19.449707,50.9742374],[19.4506836,50.9953067],[19.440918,51.01496],[19.410791,51.0280216],[19.2833496,51.035419],[19.2469727,51.0432315],[19.2290039,51.0447452],[19.2155762,51.0416202],[19.2066895,51.0441348],[19.1925293,51.0434024],[19.1774902,51.0401065],[19.1666504,51.035419],[19.1481934,51.0509708],[19.0844727,51.0529239],[19.064209,51.0626895],[19.057373,51.0626895],[19.0335938,51.0600772],[18.9858835,51.077385]]}},
{"type":"Feature","properties":{"name":"Main","name_alt":null,"scalerank":8,"min_zoom":7.0},"geometry":{"type":"LineString","coordinates":[[11.5395508,49.8567081],[11.5947266,49.8288028],[11.5998535,49.8323428],[11.6115723,49.838251],[11.6158691,49.8424014],[11.6180664,49.8489444],[11.6176758,49.8553409],[11.6158691,49.8635928],[11.6271973,49.891669],[11.6275879,49.9036807],[11.6158691,49.9113223],[11.6319824,49.9194522],[11.6317383,49.9278507],[11.6268555,49.9363956],[11.6289062,49.9448917],[11.6289062,49.952338],[11.6103516,49.9531436],[11.583252,49.9491641],[11.5675293,49.952338],[11.5534668,49.9590518],[11.5411621,49.9681339],[11.5316406,49.9796085],[11.5258789,49.9932803],[11.5150391,49.9899356],[11.5065918,49.995795],[11.4916992,50.0144229],[11.4630371,50.028876],[11.4492188,50.0403507],[11.4433594,50.0584171],[11.4318848,50.0749698],[11.4055176,50.0877139],[11.3546387,50.1031436],[11.2744141,50.1275089],[11.2385254,50.1324405],[11.229248,50.1373233],[11.2123047,50.1497257],[11.1623535,50.176337],[11.143457,50.1896426],[11.1253906,50.1992374],[11.1065918,50.2012393],[11.0849609,50.1918399],[11.0326172,50.1421573],[11.0119629,50.1304385],[10.9785156,50.1215274],[10.9631348,50.1133487],[10.9566895,50.0997257],[10.9535156,50.0851505],[10.9367676,50.0465762],[10.9091797,50.0029483],[10.8941895,49.9866885],[10.8789062,49.9796085],[10.8590332,49.9755313],[10.861084,49.9646182],[10.8693848,49.9491641],[10.8679199,49.9312198],[10.8544922,49.921503],[10.8358398,49.9202823],[10.7728516,49.9269473],[10.7597656,49.9325626],[10.7381836,49.952338],[10.7248535,49.9602237],[10.6180664,49.9932803],[10.5816895,49.9964542],[10.5492188,50.0052432],[10.4912109,50.0342471],[10.4691406,50.0208682],[10.439209,50.0143497],[10.3745117,50.0144229],[10.347168,50.0189883],[10.3268066,50.0274112],[10.2938477,50.0493839],[10.279541,50.0547549],[10.2520996,50.0536563],[10.2280273,50.0410342],[10.1799316,49.9987247],[10.1751953,49.9924991],[10.1744629,49.9852969],[10.1757812,49.9734561],[10.1826172,49.9462344],[10.1827637,49.9341983],[10.1757812,49.9249942],[10.1757812,49.9181583],[10.1899414,49.9060733],[10.1833496,49.8966007],[10.1696777,49.8884952],[10.1622559,49.8803165],[10.1696777,49.8700626],[10.2054688,49.8682803],[10.2175293,49.8567081],[10.1845703,49.8593204],[10.1706543,49.8562686],[10.1727539,49.8458926],[10.2052246,49.8229434],[10.2113281,49.8151309],[10.2126465,49.8034122],[10.208252,49.7973087],[10.1972656,49.7949893],[10.1795898,49.7946231],[10.1634766,49.7925967],[10.1569824,49.7862003],[10.1491699,49.7598819],[10.161377,49.7434268],[10.1516113,49.7235782],[10.1212402,49.691669],[10.1491699,49.6779971],[10.1170898,49.6669376],[10.0821777,49.6669376],[10.0506836,49.6750674],[10.0288086,49.688544],[10.0240723,49.695502],[10.0200195,49.7089298],[10.0147949,49.7158389],[10.0080566,49.7193546],[10.0003906,49.7212589],[9.9941406,49.7238956],[9.9851074,49.7456729],[9.9708496,49.7568546],[9.956543,49.7646671],[9.9499512,49.7707706],[9.9444824,49.7786319],[9.9089355,49.8015323],[9.901123,49.8041446],[9.8873535,49.8059757],[9.8817383,49.808295],[9.8753906,49.8132999],[9.8730469,49.816962],[9.8714844,49.8213565],[9.8674316,49.8288028],[9.8475586,49.8567081],[9.8425293,49.8778751],[9.8400879,49.8834171],[9.814209,49.9068057],[9.8063965,49.9193057],[9.8121582,49.9312198],[9.8037109,49.9370303],[9.771875,49.9485538],[9.7582031,49.9864444],[9.7416992,49.9980655],[9.7228027,50.0047061],[9.712793,50.0141788],[9.7235352,50.0341251],[9.705957,50.0381534],[9.6998535,50.0382755],[9.6872559,50.0355899],[9.6827637,50.035419],[9.6645508,50.0391788],[9.6582031,50.0394229],[9.6520996,50.0385928],[9.6402832,50.0349307],[9.634668,50.0325382],[9.6164551,50.0206973],[9.6095215,50.0178897],[9.5913086,50.0132999],[9.5855957,50.0106143],[9.579834,50.0061221],[9.5766602,50.0007999],[9.5712891,49.9883975],[9.5628906,49.9739444],[9.5605469,49.9685245],[9.5589844,49.9603946],[9.5594727,49.9539249],[9.5625,49.9481876],[9.5725098,49.9374454],[9.6010742,49.8820255],[9.6029297,49.8720157],[9.6003418,49.8627383],[9.5910645,49.8433292],[9.5836426,49.8317325],[9.5808105,49.8253848],[9.5802246,49.8167178],[9.5848633,49.8120792],[9.6013184,49.8075626],[9.6105957,49.8024356],[9.6095215,49.7973087],[9.6020508,49.7925479],[9.5689941,49.7801456],[9.5567871,49.7778995],[9.5446777,49.7786319],[9.4908691,49.7951114],[9.4723145,49.7954288],[9.464611,49.7946743]]}},
{"type":"Feature","properties":{"name":"Bug","name_alt":null,"scalerank":8,"min_zoom":7.0},"geometry":{"type":"LineString","coordinates":[[24.9500977,49.8834171],[24.9126953,49.891376],[24.786377,49.8976505],[24.7650391,49.9029483],[24.7219238,49.9210147],[24.7075195,49.9249942],[24.6875,49.9268741],[24.643457,49.9380069],[24.6286621,49.9448917],[24.6241699,49.9502628],[24.6136719,49.9677188],[24.6081543,49.9734561],[24.5992676,49.9760928],[24.5791016,49.9782901],[24.5619141,49.9872501],[24.5521484,49.9900577],[24.5438477,49.994501],[24.5367676,50.0170352],[24.5274902,50.0215518],[24.5160156,50.0230167],[24.505127,50.0274112],[24.4863281,50.0480411],[24.4777832,50.0547549],[24.4592285,50.0576846],[24.4483887,50.0622012],[24.4391113,50.0810001],[24.428125,50.0798526],[24.4155273,50.0765323],[24.4055176,50.0789249],[24.3929688,50.0894229],[24.3481445,50.1099307],[24.3541504,50.1221866],[24.3658691,50.1284366],[24.3958984,50.1372745],[24.3879395,50.1477725],[24.3897949,50.1608341],[24.3979492,50.1724796],[24.4088379,50.1788272],[24.3869629,50.1958194],[24.3536621,50.2501163],[24.3338867,50.2744815],[24.2822266,50.3091983],[24.2624512,50.3122012],[24.2497559,50.3198917],[24.2314453,50.3427188],[24.236084,50.3576846],[24.2412109,50.3990421],[24.2451172,50.4048038],[24.2480469,50.4061954],[24.2507324,50.4064395],[24.2506348,50.407587],[24.2451172,50.4115665],[24.2625977,50.4390811],[24.2692871,50.4529483],[24.2723633,50.466254],[24.2616211,50.4931094],[24.2592773,50.5076358],[24.2689453,50.5140323],[24.2819824,50.518378],[24.2900391,50.5286319],[24.2961426,50.5410831],[24.3029785,50.5515811],[24.3055664,50.563251],[24.2921387,50.5713077],[24.2586914,50.5829532],[24.2586914,50.5755069],[24.2477051,50.5816592],[24.2290039,50.5853214],[24.2177734,50.5891788],[24.2087402,50.5966251],[24.2021484,50.6058292],[24.1940918,50.6137149],[24.179834,50.6170596],[24.1706543,50.6213565],[24.1645508,50.6400821],[24.1522461,50.6444034],[24.1384277,50.6438663],[24.1257324,50.6417178],[24.1151367,50.6373233],[24.1079102,50.6301456],[24.0822754,50.669379],[24.0744629,50.6904971],[24.0805664,50.7133243],[24.0537109,50.7174014],[24.0263672,50.7282901],[24.0123535,50.7435977],[24.0253906,50.7610538],[24.0253906,50.7672794],[23.9974609,50.7694766],[23.9737793,50.7764346],[23.9588867,50.7891299],[23.9570312,50.8082217],[23.9693848,50.8253848],[23.992334,50.8364932],[24.0199219,50.8387393],[24.0463867,50.8293643],[24.0667969,50.8350284],[24.1,50.8352237],[24.1303711,50.8393008],[24.1425781,50.8566348],[24.1297852,50.8692569],[24.0463867,50.8982608],[23.9787598,50.9377628],[23.9638672,50.9534854],[23.958252,50.9666202],[23.9572754,50.9756534],[23.9544922,50.9838321],[23.9433594,50.9944522],[23.9312988,50.9997012],[23.9186035,51.0029971],[23.9112793,51.0070987],[23.9155273,51.01496],[23.9155273,51.0211124],[23.9037109,51.0629337],[23.8950195,51.0763614],[23.8939725,51.077385]]}},
{"type":"Feature","properties":{"name":"Adige","name_alt":null,"scalerank":8,"min_zoom":7.0},"geometry":{"type":"LineString","coordinates":[[10.7109375,46.8271671],[10.6896973,46.8301944],[10.6669922,46.8391299],[10.6449219,46.8447452],[10.6249023,46.8377139],[10.6065918,46.8281436],[10.560791,46.8208682],[10.5390625,46.8134952],[10.5296875,46.7685001],[10.5300293,46.7122257],[10.5365234,46.7033145],[10.5783691,46.6672549],[10.6152344,46.6509464],[10.6809082,46.6354434],[10.713623,46.6325137],[10.7783203,46.6339053],[10.8452148,46.6282413],[10.9094238,46.6314151],[10.9311523,46.6355655],[10.9513184,46.6424014],[10.9676758,46.6527042],[10.978418,46.6565616],[11.0001465,46.6502139],[11.0089355,46.6527042],[11.0161133,46.6577823],[11.0841309,46.685126],[11.1046387,46.6901309],[11.1184082,46.6872012],[11.1638184,46.6466739],[11.176416,46.629169],[11.1913086,46.5879092],[11.203125,46.5684757],[11.2214355,46.5602481],[11.2313477,46.5521915],[11.2726074,46.506293],[11.3001953,46.4912296],[11.3068848,46.4845645],[11.3061523,46.4774844],[11.3037109,46.4661319],[11.3037109,46.4556339],[11.3105469,46.4509952],[11.3117676,46.4393985],[11.2583008,46.3098331],[11.2399902,46.2801456],[11.2180176,46.2592227],[11.1628418,46.2322452],[11.1459961,46.2207706],[11.1013184,46.1698673],[11.0910645,46.1618106],[11.0849609,46.1591983],[11.0817871,46.1566837],[11.080957,46.1493594],[11.0824219,46.1388614],[11.0866699,46.1250674],[11.0921875,46.1129825],[11.1079102,46.0999698],[11.1151367,46.0818546],[11.1218262,46.0463321],[11.121582,46.0275333],[11.1185547,46.0049503],[11.112793,45.9860294],[11.1047363,45.978046],[11.0944824,45.9473331],[11.0892578,45.9404971],[11.0534668,45.9296329],[11.0383301,45.9182803],[11.0020996,45.8784366],[10.994873,45.8589542],[11.0023438,45.835712],[11.0138184,45.8123233],[11.0187988,45.7924258],[11.0091797,45.7730655],[10.9899902,45.7582462],[10.9504395,45.7371768],[10.9168945,45.7082706],[10.8884277,45.6763858],[10.8958984,45.6689639],[10.8480469,45.6080997],[10.8405762,45.5957217],[10.8356934,45.5896671],[10.8307129,45.5869815],[10.8214355,45.5843448],[10.8208008,45.5776553],[10.8226563,45.568671],[10.8208008,45.5591007],[10.8027344,45.5298526],[10.8023926,45.5153262],[10.8133789,45.4982364],[10.8269043,45.4910831],[10.8632812,45.4838321],[10.8754883,45.4771182],[10.8880859,45.4795596],[10.9335938,45.4817569],[10.9436035,45.480585],[10.9515625,45.4707217],[10.9697266,45.4590518],[11.0057617,45.4429874],[11.0030762,45.4393985],[10.998291,45.4299991],[11.0163574,45.4301212],[11.0244141,45.432001],[11.0324707,45.4362247],[11.0283203,45.4165225],[11.0395508,45.4012393],[11.0739746,45.3815372],[11.0739746,45.3952091],[11.1943359,45.3704776],[11.251709,45.3475284],[11.2590332,45.3126895],[11.2726074,45.3126895],[11.2726074,45.3064639],[11.268457,45.3050479],[11.2590332,45.299628],[11.2616211,45.2945499],[11.2623535,45.2914493],[11.259668,45.2872989],[11.2521973,45.2791202],[11.2800293,45.2649112],[11.2765137,45.2480655],[11.2924805,45.224921],[11.3310547,45.1860538],[11.3416992,45.1780948],[11.3824707,45.1618106],[11.395752,45.1514835],[11.4063965,45.1405704],[11.4178711,45.1319034],[11.4457031,45.1265323],[11.4786621,45.1165225],[11.4882812,45.1112735],[11.496582,45.1113467],[11.5395508,45.1283633],[11.5667969,45.1292178],[11.6025391,45.1257999],[11.6375977,45.1185977],[11.6630859,45.1078555],[11.6943359,45.1108585],[11.7186523,45.1102969],[11.7538086,45.0987003],[11.7739258,45.1073673],[11.8009277,45.1283633],[11.8399902,45.1388614],[12.0810547,45.1474063],[12.1149902,45.1420352],[12.1891113,45.1143253],[12.228418,45.1088321],[12.2663574,45.1208682],[12.2809082,45.1282413],[12.2853027,45.1338565],[12.2868652,45.1453799],[12.3214355,45.1649112]]}},
{"type":"Feature","properties":{"name":"Mureș","name_alt":null,"scalerank":8,"min_zoom":7.0},"geometry":{"type":"LineString","coordinates":[[25.6728516,46.6353702],[25.6425781,46.6360049],[25.614502,46.6396671],[25.5791016,46.6528995],[25.5166016,46.6701114],[25.4946289,46.6804385],[25.4737305,46.6931339],[25.4566406,46.7093448],[25.4466797,46.7302921],[25.4467773,46.7505069],[25.4616699,46.7886417],[25.4664063,46.8089053],[25.4610352,46.8539493],[25.4398438,46.8851993],[25.4071289,46.905878],[25.3676758,46.9191348],[25.1763672,46.9676456],[25.1543945,46.9683292],[25.0918945,46.9625919],[25.0666504,46.9644229],[25.0,46.9846866],[24.9580078,46.9848819],[24.9154297,46.9712589],[24.8388672,46.9276798],[24.8186035,46.912421],[24.8017578,46.8954532],[24.7592773,46.8349796],[24.7072754,46.7859561],[24.6114746,46.6345889],[24.5445801,46.5606143],[24.4545898,46.5064639],[24.355127,46.4733341],[24.2600098,46.4623477],[24.2376953,46.4661807],[24.1982422,46.4823673],[24.1583496,46.4877383],[24.1525879,46.4870059],[24.1437012,46.4821964],[24.1362305,46.4745548],[24.1307617,46.4594913],[24.1268555,46.4556339],[24.111084,46.4536807],[24.1102539,46.4597842],[24.1129395,46.4691837],[24.1075684,46.4770694],[24.0908203,46.4812198],[24.0814453,46.4779727],[24.0741211,46.4714542],[24.0641113,46.4653995],[24.0523926,46.4516055],[24.0487305,46.4480655],[24.0449219,46.4492374],[24.0356445,46.4588077],[24.0307617,46.4600772],[24.0211426,46.4546573],[24.0014648,46.4381778],[23.990625,46.431586],[23.7399902,46.3622501],[23.730957,46.3543155],[23.7364746,46.3463077],[23.7470703,46.337836],[23.7531738,46.3285587],[23.7487793,46.3083682],[23.7219238,46.2747257],[23.7138672,46.2547549],[23.7158203,46.2484805],[23.7216797,46.2444034],[23.7299805,46.2408389],[23.7243652,46.2178409],[23.6994629,46.155463],[23.697998,46.1472842],[23.6953125,46.1392276],[23.6882324,46.1297061],[23.678125,46.1223331],[23.6594238,46.1181094],[23.6488281,46.1133975],[23.6323242,46.0975284],[23.6040039,46.0563419],[23.5869141,46.0391299],[23.5722656,46.0320499],[23.5404297,46.0254092],[23.5251465,46.020087],[23.5169922,46.0188663],[23.5014648,46.0241153],[23.4933105,46.0224063],[23.4754883,46.0144717],[23.4381348,46.0033633],[23.4204102,45.9956729],[23.3898926,45.9699161],[23.3769531,45.9630801],[23.3751465,45.9637393],[23.3529297,45.9686954],[23.3195801,45.9630801],[23.2583008,45.9414249],[23.2451172,45.9346378],[23.2369629,45.9289005],[23.2206055,45.912543],[23.2080078,45.9052188],[23.1605469,45.8959415],[23.113916,45.8753604],[23.0908203,45.8689639],[23.0644531,45.870795],[23.0439453,45.8787296],[23.0043945,45.9011905],[22.9845215,45.9096866],[22.8700195,45.9446475],[22.8457031,45.9469669],[22.7901855,45.940253],[22.7641602,45.9402042],[22.6490723,45.954169],[22.5453125,45.9501407],[22.520752,45.9531436],[22.4938965,45.9619327],[22.4681641,45.9741885],[22.4467773,45.9877383],[22.4166504,46.0172794],[22.395752,46.0222842],[22.3088379,46.016962],[22.2661133,46.0258975],[22.2446289,46.0259952],[22.2026367,46.0175235],[22.1354004,46.0167911],[22.1208496,46.019794],[22.1137695,46.0239932],[22.0990234,46.0368106],[22.0656738,46.0518253],[22.0353027,46.0868594],[22.0160156,46.1023135],[21.986084,46.1109561],[21.7851562,46.1081729],[21.7739258,46.1101749],[21.7520996,46.1179385],[21.7408691,46.1196964],[21.7272949,46.1179385],[21.6883789,46.1049991],[21.677002,46.1045596],[21.6662598,46.1060733],[21.5063477,46.1488712],[21.4237305,46.1500919],[21.3977051,46.1536319],[21.3770996,46.1644229],[21.3390137,46.1941104],[21.3183594,46.197211],[21.1669922,46.1650577],[21.1140137,46.1626163],[21.0480957,46.1712589],[21.0262695,46.1715762],[21.0135742,46.1700382],[21.0001465,46.1668155],[20.9952637,46.1640079],[20.987793,46.1556339],[20.9830566,46.15246],[20.978418,46.1480167],[20.9680176,46.1323917],[20.9632813,46.1275089],[20.9522949,46.1201358],[20.9295898,46.0971866],[20.902832,46.0838565],[20.8739258,46.0808292],[20.8452148,46.0858096],[20.8186035,46.096503],[20.8066406,46.1052921],[20.7834473,46.1287784],[20.7721191,46.1367862],[20.7530762,46.1419132],[20.6635742,46.1455753],[20.6242676,46.1390323],[20.6025391,46.1417911],[20.4865723,46.1810977],[20.4018555,46.2144717],[20.3137207,46.235419],[20.2431641,46.234003],[20.2084961,46.238837],[20.1806641,46.2593448]]}},
{"type":"Feature","properties":{"name":"Drina","name_alt":null,"scalerank":8,"min_zoom":7.0},"geometry":{"type":"LineString","coordinates":[[19.5731219,42.929272],[19.5627441,42.9665714],[19.4330078,43.0156924],[19.3879395,43.0471378],[19.3839355,43.0573917],[19.3775879,43.0885684],[19.3747559,43.0972354],[19.3703613,43.1052432],[19.363916,43.112128],[19.1905762,43.209003],[19.1633301,43.2164981],[19.0744629,43.2229678],[19.045166,43.2295108],[19.0178223,43.2415225],[18.9963379,43.2602725],[18.9882812,43.273212],[18.9680176,43.2924991],[18.9589844,43.3037296],[18.956543,43.3120792],[18.9574219,43.3192813],[18.9567871,43.3261173],[18.949707,43.3333194],[18.9228516,43.3471133],[18.898584,43.3521182],[18.8392578,43.3480899],[18.8139648,43.3623233],[18.7955566,43.3795841],[18.7523438,43.4497745],[18.748291,43.4617862],[18.7453613,43.4758975],[18.7459961,43.4863467],[18.751123,43.4904971],[18.7584473,43.4932315],[18.7658691,43.4995792],[18.8055664,43.5702579],[18.8129883,43.5792911],[18.8208008,43.5869327],[18.8459473,43.6044376],[18.8575684,43.6147647],[18.8637695,43.6192081],[18.8775879,43.6251163],[18.8925781,43.6282901],[18.907959,43.6289249],[18.9477539,43.6236026],[18.9589844,43.6268253],[18.96875,43.6361758],[18.9815918,43.6644962],[18.9886719,43.6722354],[18.9975586,43.6767032],[19.0075684,43.6782901],[19.0529785,43.6762149],[19.1030273,43.6853214],[19.1383301,43.6849307],[19.1455078,43.6859805],[19.1520996,43.6894717],[19.1595703,43.6961124],[19.1673828,43.7060733],[19.1799316,43.7282169],[19.1882324,43.7381046],[19.203125,43.7482364],[19.220459,43.7545108],[19.25625,43.7603214],[19.275293,43.766669],[19.282959,43.7786319],[19.2811523,43.7938907],[19.2711426,43.8102481],[19.2247559,43.8469424],[19.214502,43.8624942],[19.2132813,43.8736514],[19.2175293,43.8961124],[19.2174316,43.9075382],[19.2147461,43.9148624],[19.2060547,43.9270694],[19.2023926,43.9336612],[19.203125,43.9462344],[19.2141113,43.9528995],[19.2287598,43.9579532],[19.2401367,43.9660098],[19.242334,43.9730899],[19.2375488,43.9856632],[19.2375488,43.9927921],[19.2429199,44.0022647],[19.2516113,44.0077579],[19.2722168,44.0126407],[19.2868652,44.013251],[19.2999512,44.0097842],[19.3251953,43.9967716],[19.3510742,43.9793643],[19.3641602,43.9735782],[19.3785645,43.9741885],[19.393457,43.9773135],[19.4465332,43.9800479],[19.503418,43.9758975],[19.5280762,43.9774844],[19.5517578,43.98371],[19.5927734,44.0058048],[19.6097656,44.0194766],[19.6184082,44.0359561],[19.6108398,44.0548038],[19.5983887,44.0628116],[19.5893555,44.0605655],[19.5833984,44.0546329],[19.5797363,44.0517764],[19.5705566,44.0571475],[19.5539551,44.0714786],[19.5214844,44.0852725],[19.4977051,44.1104678],[19.4821777,44.1209171],[19.4758301,44.1272647],[19.4736328,44.1451358],[19.4652344,44.1530948],[19.4591309,44.1529483],[19.4479004,44.1447208],[19.4418945,44.1435001],[19.4350586,44.1463565],[19.4243164,44.1539981],[19.3806152,44.1773135],[19.3618164,44.1914737],[19.3554688,44.2042911],[19.353418,44.2245548],[19.3410645,44.2461124],[19.323877,44.2642276],[19.3070313,44.2744815],[19.2954102,44.2760684],[19.2631836,44.2704532],[19.2489258,44.2710147],[19.2401367,44.2729678],[19.2194824,44.280463],[19.1765137,44.2872257],[19.1564941,44.2938174],[19.1383301,44.3095157],[19.1162109,44.3439395],[19.1083984,44.363837],[19.1066895,44.3829288],[19.1152344,44.4038272],[19.1291504,44.4163272],[19.1407715,44.4310977],[19.1428223,44.4584415],[19.126709,44.5028018],[19.1293945,44.5185733],[19.1647949,44.5269229],[19.1726074,44.5317569],[19.1789551,44.5385196],[19.1847168,44.5464542],[19.1867676,44.5535342],[19.185791,44.5696475],[19.1877441,44.5763614],[19.1927734,44.580878],[19.2036133,44.5853946],[19.208252,44.5886417],[19.255127,44.6459415],[19.2695312,44.6758487],[19.2770996,44.685126],[19.2875977,44.6933048],[19.3078613,44.7053897],[19.3175293,44.7156924],[19.3278809,44.7341983],[19.3632812,44.8548526],[19.367334,44.8595645],[19.3725586,44.8604678],[19.376123,44.8632999],[19.3751465,44.8733585],[19.3723145,44.8816592],[19.3681641,44.8873966],[19.3623047,44.891376],[19.3588867,44.9011417]]}},
{"type":"Feature","properties":{"name":"Morava","name_alt":null,"scalerank":7,"min_zoom":6.0},"geometry":{"type":"LineString","coordinates":[[22.0614424,42.929272],[22.0558105,42.9344424],[22.0412598,42.9542911],[22.0446777,42.9661807],[22.0395508,42.9799258],[22.0362793,43.0088077],[22.0297852,43.0216007],[22.018457,43.0303409],[21.9924316,43.043085],[21.9820801,43.0533389],[21.9599609,43.1046085],[21.9503418,43.1204288],[21.8487793,43.2159366],[21.8404785,43.2290225],[21.8278809,43.2667911],[21.8193359,43.2780216],[21.8232422,43.2798526],[21.8239746,43.2800479],[21.8243652,43.2808292],[21.8261719,43.2842471],[21.7988281,43.3047549],[21.7915039,43.3122012],[21.7895508,43.318671],[21.7896973,43.3259952],[21.7875,43.3331241],[21.777832,43.3388858],[21.777832,43.3463809],[21.7800293,43.35517],[21.7765137,43.3688419],[21.7641602,43.3941104],[21.7641602,43.4015567],[21.7766113,43.4102237],[21.7739258,43.4192569],[21.757959,43.4350772],[21.7555176,43.4463565],[21.7543945,43.4678897],[21.7504883,43.4766788],[21.7597656,43.4908389],[21.7508789,43.5071964],[21.7330566,43.5219913],[21.7163086,43.5313174],[21.697168,43.5353458],[21.6542969,43.5390079],[21.640625,43.5449405],[21.6429688,43.5573184],[21.6347656,43.5719669],[21.640625,43.5791202],[21.6228027,43.5871036],[21.5866699,43.5937686],[21.5724121,43.6063907],[21.5615234,43.6063907],[21.5536133,43.6132266],[21.5446777,43.6184757],[21.5307617,43.613837],[21.520166,43.6190128],[21.5114746,43.6188419],[21.5021973,43.6160342],[21.4897461,43.613837],[21.4916016,43.6192569],[21.4943848,43.6227481],[21.4984375,43.6252628],[21.503418,43.6275089],[21.4978027,43.6290958],[21.4943848,43.6311221],[21.4901367,43.6328799],[21.4823242,43.6337344],[21.4869629,43.6447208],[21.4865723,43.6536319],[21.4825684,43.6613223],[21.4760742,43.6684757],[21.4699707,43.6684757],[21.4630371,43.6543643],[21.4549805,43.6509464],[21.4317871,43.6548038],[21.4196777,43.6591251],[21.4139648,43.6697452],[21.4059082,43.7106387],[21.4052734,43.7188174],[21.4000488,43.7227237],[21.3839355,43.7237003],[21.3779297,43.7285831],[21.3669434,43.7646671],[21.3742676,43.7708682],[21.3676758,43.7844913],[21.3687988,43.7898135],[21.3742676,43.798212],[21.364502,43.798212],[21.3554688,43.7994327],[21.3470703,43.8019473],[21.3390137,43.8056094],[21.3531738,43.8310733],[21.3601074,43.8397891],[21.3493652,43.8475284],[21.346582,43.8617618],[21.3452148,43.8786075],[21.3390137,43.8944034],[21.3520508,43.8973331],[21.3519531,43.9050967],[21.347168,43.9162784],[21.3464355,43.9291446],[21.3510742,43.9384219],[21.3574219,43.9430606],[21.3742676,43.9496524],[21.3742676,43.9564883],[21.3619629,43.9558292],[21.3549805,43.9590518],[21.3540039,43.9660098],[21.3601074,43.976337],[21.3446289,43.978046],[21.3361816,43.9889591],[21.3344727,44.0039737],[21.3390137,44.0178897],[21.3291016,44.0238712],[21.3220215,44.0211856],[21.3148438,44.016962],[21.3049316,44.0178897],[21.2980957,44.0244815],[21.2838379,44.0457706],[21.2774902,44.0520694],[21.2118164,44.0680606],[21.1950684,44.0794132],[21.192041,44.0883975],[21.1888672,44.1271426],[21.1835938,44.13996],[21.1791016,44.1466007],[21.1723633,44.1502628],[21.160791,44.1544864],[21.1524902,44.1550967],[21.1471191,44.1528995],[21.1433105,44.1533878],[21.1403809,44.1619327],[21.1384277,44.174628],[21.1393066,44.1854923],[21.1441895,44.1929874],[21.154541,44.1954288],[21.1335449,44.2097354],[21.154541,44.2097354],[21.1523438,44.2132022],[21.1512695,44.2141788],[21.1501465,44.2147891],[21.1472168,44.2171085],[21.1518555,44.2256534],[21.1533203,44.2294376],[21.1517578,44.232001],[21.1472168,44.2370059],[21.1472168,44.2438419],[21.1682129,44.2506778],[21.1682129,44.2581241],[21.1523438,44.2630069],[21.1340332,44.2865665],[21.119873,44.2922549],[21.119873,44.2991397],[21.126709,44.2991397],[21.126709,44.3052921],[21.119873,44.3052921],[21.119873,44.3127628],[21.1374512,44.311713],[21.145166,44.3173282],[21.1418457,44.3257022],[21.126709,44.332587],[21.1315918,44.3452335],[21.1269531,44.3511905],[21.1188965,44.3549258],[21.1130371,44.3605411],[21.1101074,44.3709659],[21.1113281,44.3765323],[21.1149902,44.382587],[21.119873,44.3946475],[21.1241699,44.4110782],[21.13125,44.4258487],[21.1462402,44.4352481],[21.1744629,44.4356143],[21.1712891,44.4431339],[21.1652832,44.4484317],[21.1572266,44.45246],[21.1472168,44.4561221],[21.154541,44.4766299],[21.1622559,44.4725284],[21.1651855,44.4727237],[21.1678711,44.4747257],[21.1744629,44.4766299],[21.1691895,44.4785342],[21.1660156,44.4806583],[21.1622559,44.4826846],[21.154541,44.4840762],[21.1589355,44.4998233],[21.160791,44.5045108],[21.154541,44.5045108],[21.1471191,44.500751],[21.1424805,44.5101993],[21.1352539,44.521918],[21.119873,44.5250186],[21.119873,44.5318546],[21.1337891,44.5413272],[21.1405273,44.5514591],[21.1403809,44.5637393],[21.1335449,44.5796573],[21.1254883,44.5925967],[21.1176758,44.5987491],[21.1056152,44.6006534],[21.0852051,44.6007755],[21.087793,44.6197452],[21.0661621,44.6439883],[21.0790039,44.6553409],[21.0737305,44.660419],[21.059082,44.6708438],[21.0509277,44.6752383],[21.0529785,44.679877],[21.0561523,44.6917667],[21.0583496,44.6963565],[21.0473633,44.6974551],[21.0402832,44.7025821],[21.0371094,44.7114932],[21.0372559,44.7217471]]}},
{"type":"Feature","properties":{"name":"Tevere","name_alt":"Tiber","scalerank":7,"min_zoom":6.0},"geometry":{"type":"LineString","coordinates":[[12.052002,43.7651553],[12.0378418,43.7567081],[12.0313965,43.738544],[12.0332031,43.7168643],[12.0400391,43.7022647],[12.0605469,43.6472842],[12.0664062,43.613837],[12.0466309,43.5933292],[12.0466309,43.5865421],[12.0820312,43.5799503],[12.1123047,43.5697696],[12.138916,43.5542178],[12.1633301,43.5313174],[12.1674805,43.5223331],[12.1689453,43.5134952],[12.171875,43.5067081],[12.1869141,43.5020206],[12.2111816,43.4896915],[12.2220703,43.4785831],[12.2329102,43.4638126],[12.2399902,43.4483096],[12.2390137,43.4350772],[12.2321777,43.4424991],[12.2463379,43.3809268],[12.2526855,43.3668155],[12.261377,43.3619327],[12.298584,43.3485049],[12.314209,43.3463809],[12.3098145,43.3248233],[12.3239746,43.3109073],[12.3625488,43.2916934],[12.4094238,43.21496],[12.425293,43.1970889],[12.4384766,43.1740909],[12.4580078,43.1640079],[12.4557129,43.1532657],[12.4445801,43.1374698],[12.4445801,43.116962],[12.4476563,43.1131534],[12.4618164,43.1066348],[12.4649902,43.1029727],[12.4598633,43.0941837],[12.4342285,43.0709171],[12.4239746,43.0589542],[12.4293457,43.0518741],[12.4293457,43.0440616],[12.4249512,43.0367374],[12.4171387,43.0310245],[12.4210449,43.028754],[12.4237305,43.0268008],[12.4265137,43.0252628],[12.4309082,43.0241885],[12.4169922,43.0095401],[12.4134766,43.0012393],[12.4171387,42.9900577],[12.4088379,42.9882266],[12.4041992,42.985419],[12.3967285,42.9763858],[12.3994141,42.9725284],[12.4035645,42.9695499],[12.3994141,42.9641788],[12.394043,42.9542178],[12.3898926,42.9490909],[12.3955078,42.9403751],[12.3950195,42.9304874],[12.3944118,42.929272]]}},
{"type":"Feature","properties":{"name":"Sava","name_alt":null,"scalerank":7,"min_zoom":6.0},"geometry":{"type":"LineString","coordinates":[[15.2294922,46.0458438],[15.2469727,46.0403018],[15.277832,46.0439639],[15.2966309,46.0435245],[15.364502,46.0247745],[15.4353027,46.0177676],[15.4562988,46.0099551],[15.4735352,45.9953067],[15.4777832,45.9876163],[15.4831543,45.9712589],[15.4891602,45.9634464],[15.5,45.9568546],[15.5456543,45.9414249],[15.5527344,45.9400089],[15.5673828,45.9395694],[15.5822754,45.9396426],[15.5895996,45.9387882],[15.5970703,45.936835],[15.6209961,45.9237003],[15.6875,45.8699893],[15.7573242,45.850043],[15.7738281,45.8406436],[15.8099609,45.8408878],[15.8224121,45.8328311],[15.8518066,45.8043155],[15.857666,45.7961612],[15.8669434,45.7916202],[15.9838867,45.7882755],[16.0144043,45.7813663],[16.0419922,45.7651553],[16.0488281,45.7651553],[16.0830078,45.7924258],[16.09375,45.7888858],[16.1114746,45.7929141],[16.1289062,45.7923038],[16.1403809,45.7934024],[16.1450195,45.7924258],[16.1472168,45.7885196],[16.1516113,45.7749698],[16.1552734,45.7719913],[16.1703125,45.7677676],[16.1889648,45.759711],[16.2084961,45.754462],[16.2269531,45.7589053],[16.2299805,45.7502628],[16.2282715,45.7426212],[16.2226562,45.7363956],[16.2132813,45.7316348],[16.2228027,45.7247257],[16.2269531,45.7183292],[16.2241211,45.7131534],[16.2132813,45.7099063],[16.2132813,45.7037296],[16.2342773,45.7005069],[16.2418457,45.700629],[16.2475586,45.7037296],[16.2496582,45.6924014],[16.2495117,45.681171],[16.2525879,45.6724307],[16.2648926,45.6689639],[16.2854004,45.6723819],[16.2928711,45.6699893],[16.2958984,45.659003],[16.3060547,45.6477725],[16.326416,45.6483829],[16.3417969,45.6448917],[16.3368164,45.6217716],[16.3492676,45.6244571],[16.3562012,45.6204776],[16.3553711,45.6137882],[16.3436523,45.6080997],[16.3436523,45.6006534],[16.3632812,45.5969913],[16.3881836,45.5812442],[16.4057617,45.5733096],[16.4057617,45.5665225],[16.3840332,45.5470645],[16.3797852,45.5368106],[16.3852539,45.5255801],[16.3937012,45.5268008],[16.4262695,45.5255801],[16.4225098,45.5181339],[16.4177246,45.5110538],[16.4057617,45.4982364],[16.3989258,45.504462],[16.4012695,45.5066104],[16.4025879,45.5069034],[16.4037109,45.5078311],[16.4057617,45.5119083],[16.3955078,45.5124698],[16.3852539,45.5119083],[16.3884277,45.497504],[16.3876953,45.4848819],[16.3908691,45.4755313],[16.4057617,45.4708926],[16.4151855,45.4650333],[16.4304199,45.4502139],[16.4398438,45.4429874],[16.511377,45.4135196],[16.5366211,45.4091983],[16.5611816,45.4133975],[16.583252,45.4299991],[16.5891113,45.4197452],[16.5951172,45.4131534],[16.6020508,45.4113223],[16.6105957,45.4156436],[16.625,45.404169],[16.6794434,45.3889835],[16.6757812,45.3734073],[16.6870117,45.3648135],[16.7040039,45.3637149],[16.730957,45.3770694],[16.7458496,45.3696964],[16.7609863,45.3587589],[16.7750488,45.3542667],[16.7734375,45.3463077],[16.7746582,45.3427188],[16.7794434,45.341376],[16.7893066,45.3405948],[16.7834473,45.3316592],[16.7810059,45.3248966],[16.7824707,45.3201358],[16.7911621,45.3159854],[16.7990723,45.3142276],[16.8056641,45.313544],[16.8098145,45.3126895],[16.8117676,45.3151309],[16.8167969,45.3184268],[16.8217773,45.3173282],[16.8241211,45.3064639],[16.8210449,45.3015323],[16.8029785,45.2791202],[16.8361816,45.2716007],[16.854248,45.2698917],[16.8803711,45.2820499],[16.8963867,45.268378],[16.9238281,45.2848575],[16.9321289,45.2789981],[16.9401855,45.2580753],[16.9415527,45.2501163],[16.940918,45.2414737],[16.9467773,45.2359561],[16.9674316,45.2375674],[16.9647461,45.2444522],[16.9606934,45.2511661],[16.9754883,45.2473819],[16.9875488,45.2367618],[16.9980469,45.2316348],[17.0078125,45.2444034],[17.0114746,45.2366885],[17.0130859,45.2308292],[17.0121094,45.2247257],[17.0078125,45.2164981],[17.013916,45.2200382],[17.0296875,45.2271671],[17.035791,45.2307315],[17.0551758,45.2007022],[17.0978027,45.1779239],[17.1865234,45.1487979],[17.1972656,45.1531924],[17.244873,45.1556339],[17.2492676,45.1601016],[17.2685547,45.1897647],[17.3072754,45.1716983],[17.3259277,45.1662051],[17.3587891,45.1509952],[17.3681641,45.1453799],[17.3819824,45.139838],[17.4001465,45.1413028],[17.4335938,45.1487979],[17.4356934,45.1521671],[17.4382324,45.1583926],[17.4427734,45.1622989],[17.4506836,45.1587589],[17.4564453,45.152045],[17.4575195,45.1464298],[17.4543457,45.1408878],[17.4472656,45.1345401],[17.4598633,45.1315372],[17.4716797,45.133002],[17.495752,45.1420352],[17.4864746,45.1211124],[17.4814453,45.1146915],[17.4887695,45.1165225],[17.5390625,45.12121],[17.560791,45.1195743],[17.5719238,45.1206729],[17.5925293,45.1298282],[17.6293945,45.157587],[17.6510254,45.1655948],[17.6843262,45.164252],[17.7140137,45.1522891],[17.7408691,45.1334903],[17.7970215,45.0822208],[17.8150879,45.0703799],[17.8352051,45.0647647],[17.8452148,45.0654971],[17.8747559,45.0742862],[17.9022461,45.0779971],[17.9106445,45.0813663],[17.9272461,45.0922305],[17.9879395,45.1440616],[18.0029297,45.1496036],[18.0185547,45.1496768],[18.0344238,45.1436221],[18.0897461,45.1082217],[18.1119629,45.1008975],[18.13125,45.0980899],[18.1530762,45.0978458],[18.1744629,45.1010196],[18.1918945,45.1087589],[18.1987305,45.1192569],[18.1994629,45.1319034],[18.2018066,45.1443546],[18.212793,45.1540714],[18.2373047,45.1577335],[18.2614746,45.1509952],[18.3067871,45.127753],[18.3217773,45.1231143],[18.392334,45.1188419],[18.4115234,45.1126651],[18.4287109,45.1024844],[18.4654785,45.074335],[18.4902344,45.0630557],[18.5165039,45.0560977],[18.5405273,45.0555362],[18.5387207,45.0695987],[18.5339355,45.0817325],[18.5344238,45.0906924],[18.5490723,45.0949893],[18.5571289,45.0945987],[18.5732422,45.0917423],[18.5812988,45.0916202],[18.5880371,45.0935245],[18.6020508,45.0995548],[18.6086426,45.1003604],[18.6161133,45.0979678],[18.6206055,45.0934512],[18.6275879,45.0802676],[18.6330566,45.0722842],[18.6400391,45.0656192],[18.6481934,45.0629337],[18.6574707,45.0665958],[18.6606445,45.0713077],[18.6627441,45.07746],[18.6655273,45.0833194],[18.6708008,45.0871036],[18.6776367,45.0876651],[18.6835938,45.0850772],[18.688623,45.0805118],[18.7258301,45.0264346],[18.737793,45.0161319],[18.7495117,45.0125186],[18.7774902,45.0105655],[18.7844238,45.0088077],[18.7884766,45.0059757],[18.7912598,45.0017764],[18.7940918,44.9956729],[18.7946777,44.9935977],[18.7946777,44.9882266],[18.7953125,44.9852969],[18.7973633,44.9824893],[18.8024902,44.9775577],[18.8041016,44.9740665],[18.8010254,44.9642276],[18.7792969,44.9525089],[18.7721191,44.9427432],[18.7828613,44.9140079],[18.8171387,44.8878116],[18.8581543,44.8687686],[18.8891602,44.8614444],[19.0043945,44.8635928],[19.0472656,44.872919],[19.0678711,44.8750674],[19.0839844,44.8792178],[19.1737305,44.9256534],[19.1862793,44.9278018],[19.1925293,44.9218204],[19.1964355,44.9133975],[19.2013184,44.9086368],[19.2113281,44.9086368],[19.2290039,44.9140079],[19.238916,44.9153995],[19.2833496,44.9086368],[19.2924805,44.9096866],[19.3006836,44.9126163],[19.3097168,44.9126163],[19.3295898,44.8989932],[19.3395996,44.896503],[19.3497559,44.8972842],[19.3588867,44.9011417],[19.3412109,44.9096866],[19.3248535,44.9223087],[19.3405762,44.9215762],[19.371582,44.9138858],[19.386377,44.9153995],[19.3974609,44.9235294],[19.3956543,44.9318301],[19.3857422,44.9389102],[19.3725586,44.943378],[19.3891602,44.9533145],[19.4100586,44.9601505],[19.4310547,44.9617862],[19.4477539,44.9563663],[19.4498535,44.9716983],[19.4631348,44.9804141],[19.4848633,44.9838321],[19.5118652,44.9832217],[19.6191406,44.9638126],[19.6463867,44.9635684],[19.6566406,44.9597842],[19.6606445,44.9464786],[19.6674805,44.9361026],[19.6831055,44.9319034],[19.7001953,44.9297061],[19.7220703,44.9210147],[19.7489258,44.9184757],[19.7568359,44.9153995],[19.7585449,44.9049747],[19.7531738,44.8921085],[19.7099609,44.8302676],[19.7006836,44.8076358],[19.7049805,44.7887637],[19.7113281,44.7800479],[19.7154785,44.7719913],[19.7202148,44.7644717],[19.7290039,44.7577579],[19.7452637,44.7522647],[19.7965332,44.7515811],[19.8461914,44.7334659],[19.8727051,44.7197452],[19.8896484,44.7068546],[19.9139648,44.6954288],[19.9825684,44.6959171],[20.0100098,44.6889102],[19.9896484,44.6785831],[19.9308105,44.659296],[19.9206543,44.6478946],[19.9404297,44.6317813],[19.9733887,44.6411807],[20.0065918,44.6616885],[20.0270996,44.6789005],[20.0454102,44.690253],[20.1058594,44.7125186],[20.126123,44.7168155],[20.1347656,44.7168643],[20.1412598,44.7161319],[20.1469727,44.7141299],[20.1540527,44.7106387],[20.1581055,44.7056339],[20.1581055,44.6932315],[20.1603027,44.6889102],[20.170166,44.6851749],[20.1865234,44.6827335],[20.2019043,44.6861026],[20.2141113,44.7119815],[20.2258301,44.7215518],[20.2374512,44.7237491],[20.2428223,44.7136905],[20.2401367,44.6997745],[20.2358398,44.6945987],[20.236084,44.6903018],[20.246582,44.6789005],[20.2743164,44.6647403],[20.2923828,44.6790225],[20.3117676,44.7298038],[20.3217773,44.7439151],[20.3612305,44.7841251],[20.3766113,44.7925479],[20.3901367,44.7946964],[20.4172363,44.8040225],[20.4312988,44.8062198],[20.4411621,44.8103702],[20.4469238,44.8316104],[20.4550781,44.8402774]]}},
{"type":"Feature","properties":{"name":"Prut","name_alt":null,"scalerank":7,"min_zoom":6.0},"geometry":{"type":"LineString","coordinates":[[24.5839844,48.2918155],[24.5839844,48.3364932],[24.5810547,48.3507755],[24.5768066,48.3569522],[24.5716797,48.3611026],[24.5686035,48.3659854],[24.5707031,48.3745303],[24.5775391,48.3810489],[24.5979004,48.3892276],[24.6061035,48.3943546],[24.6166992,48.4152286],[24.5997559,48.4208438],[24.5731445,48.4207217],[24.5551758,48.4241397],[24.5533691,48.4444034],[24.5709473,48.4675967],[24.6103516,48.5054874],[24.6132812,48.5125186],[24.6171875,48.5263858],[24.6223145,48.5328311],[24.640625,48.5424258],[24.7053223,48.5507266],[24.8273926,48.5803409],[24.8709961,48.5833194],[24.8999023,48.5821475],[24.9287109,48.5777042],[24.9561523,48.5689639],[24.9814453,48.5549503],[25.0132813,48.5282657],[25.0175781,48.525336],[25.0205078,48.5247257],[25.0229492,48.5237491],[25.0258789,48.5195987],[25.0268555,48.5155704],[25.0274414,48.5067081],[25.029541,48.5029483],[25.0492188,48.4940128],[25.074707,48.493671],[25.1220703,48.4992862],[25.1929688,48.4823673],[25.2271484,48.4677921],[25.2575195,48.4623477],[25.2879883,48.4608829],[25.3070313,48.4651553],[25.3427734,48.4535587],[25.4647461,48.4651553],[25.4987793,48.4583194],[25.5168457,48.4526553],[25.5234375,48.4517276],[25.536377,48.4514835],[25.5508789,48.4491641],[25.565332,48.4432315],[25.5907227,48.426337],[25.6446289,48.3771426],[25.673584,48.3643253],[25.715918,48.3663272],[25.7515625,48.3784366],[25.7641602,48.3808048],[25.7783203,48.3801456],[25.7900391,48.3764102],[25.8127441,48.3645694],[25.8244629,48.3604678],[25.8579102,48.3570499],[25.8703613,48.3540714],[25.8789062,48.3493839],[25.8964844,48.3360049],[25.9083984,48.3301456],[25.9444336,48.3218448],[25.9791016,48.3076358],[26.0744629,48.2503604],[26.0973633,48.2453799],[26.1446289,48.2487247],[26.1677246,48.2449405],[26.2111816,48.2269229],[26.2331543,48.2213809],[26.2753906,48.2202335],[26.3111328,48.2100284],[26.329834,48.2087589],[26.3466797,48.2123477],[26.3799805,48.2234073],[26.3969727,48.2264346],[26.4442383,48.2279727],[26.4606934,48.2306583],[26.5869141,48.2495792],[26.6652832,48.2744815],[26.6880859,48.2750186],[26.7110352,48.2615421],[26.7219238,48.2600284],[26.7325195,48.2710147],[26.7436523,48.255878],[26.7631836,48.2529971],[26.8044434,48.2586124],[26.8212891,48.2528018],[26.8442383,48.2335147],[26.8549805,48.2381046],[26.8972168,48.2091739],[26.903418,48.2016788],[26.9074707,48.1847598],[26.9170898,48.188251],[26.9284668,48.1992862],[26.9375977,48.2050967],[26.9500977,48.1977725],[26.9551758,48.1862247],[26.9626465,48.1756046],[26.9970703,48.1668155],[26.9970703,48.1582217],[26.9855957,48.1507022],[26.9660645,48.1498477],[26.9660645,48.1436221],[26.9933594,48.1326846],[27.012207,48.1283633],[27.0245117,48.1353214],[27.0332031,48.1326358],[27.0422363,48.1275577],[27.0474609,48.122504],[27.046875,48.1167667],[27.0362305,48.1076114],[27.0337891,48.1019962],[27.0411133,48.0775089],[27.0586914,48.058295],[27.0827637,48.0439639],[27.1088867,48.0337589],[27.1088867,48.0263126],[27.0883789,48.020087],[27.0894531,48.0159366],[27.0908203,48.0120792],[27.0927734,48.0087344],[27.0952148,48.005878],[27.1209961,48.0134464],[27.1340332,48.0006778],[27.1431641,47.987128],[27.1567383,47.9922061],[27.1683594,47.9832706],[27.1691895,47.9739932],[27.1623535,47.9652774],[27.1504883,47.9580753],[27.1714844,47.9467227],[27.1777344,47.9444034],[27.1777344,47.9381778],[27.1601562,47.9219913],[27.1711426,47.9128604],[27.19375,47.9043155],[27.2119141,47.8897647],[27.2110352,47.8852725],[27.212793,47.8543643],[27.2119141,47.848212],[27.2222656,47.8428897],[27.234375,47.8404483],[27.2453613,47.8368594],[27.2529297,47.8283145],[27.21875,47.8140323],[27.2305664,47.8073184],[27.2443848,47.7928409],[27.2556152,47.7777774],[27.2603516,47.7693546],[27.2641602,47.7647647],[27.2818359,47.7559268],[27.2870117,47.7525577],[27.2905273,47.7426944],[27.2890625,47.732001],[27.2944336,47.7246768],[27.2944336,47.7184512],[27.2714844,47.7152042],[27.2806641,47.6932315],[27.3034668,47.6668155],[27.3686523,47.6085147],[27.396582,47.5893741],[27.427832,47.5812442],[27.4353027,47.5601749],[27.4384766,47.5539737],[27.4396973,47.5503604],[27.4395508,47.5412051],[27.4415039,47.5368839],[27.4455566,47.5351016],[27.4562988,47.5341251],[27.4588867,47.5335147],[27.4662109,47.5066104],[27.4726562,47.4920108],[27.4831543,47.485712],[27.4919434,47.4848087],[27.4969727,47.4826846],[27.5009766,47.48017],[27.5067383,47.4782169],[27.5324707,47.4776553],[27.534082,47.4782169],[27.5475586,47.4745548],[27.5625977,47.4686221],[27.5754395,47.4606387],[27.5825195,47.4509464],[27.5743164,47.4465518],[27.56875,47.4387882],[27.5649414,47.4285342],[27.5620117,47.4168155],[27.579834,47.4062686],[27.5717773,47.3754337],[27.5859375,47.3689639],[27.5995117,47.3609561],[27.6234375,47.3217227],[27.6364746,47.3069522],[27.6442383,47.3042667],[27.6711426,47.3001163],[27.6818848,47.2954776],[27.6894531,47.2910831],[27.6973633,47.2877872],[27.7222656,47.2835635],[27.7328125,47.2758975],[27.7531738,47.2516544],[27.7519531,47.2392032],[27.7624512,47.2265811],[27.7878418,47.2045352],[27.7999023,47.1771915],[27.8015137,47.1765811],[27.8042969,47.1687686],[27.8072266,47.1626651],[27.8054199,47.1584659],[27.794043,47.1561221],[27.8059082,47.1448428],[27.8493652,47.1287784],[27.8493652,47.1220157],[27.8432617,47.1146182],[27.8477539,47.1116397],[27.8571777,47.1095645],[27.8664551,47.1049258],[27.8970703,47.0816104],[27.9253906,47.0689639],[27.9378906,47.0613467],[27.9380859,47.0468204],[27.9626465,47.0436466],[27.9859375,47.0334659],[28.0078125,47.0265567],[28.0274414,47.0332217],[28.0365234,47.0167178],[28.0686035,46.9887882],[28.0821289,46.9717471],[28.1018066,46.9353702],[28.1049805,46.9179141],[28.0964355,46.9028995],[28.1131836,46.8950382],[28.1138672,46.8836124],[28.1126953,46.8716495],[28.1236328,46.8618839],[28.1236328,46.8544376],[28.1210938,46.8345401],[28.1373047,46.8064639],[28.1777344,46.7588565],[28.1774414,46.7400577],[28.2334961,46.6626651],[28.2436523,46.6356143],[28.2468262,46.6211124],[28.246582,46.6074405],[28.2399902,46.5966251],[28.2299805,46.5841007],[28.2248535,46.5697696],[28.2334961,46.5534122],[28.2242188,46.5489444],[28.2206055,46.5414493],[28.2185059,46.5039737],[28.2206055,46.4960391],[28.2334961,46.4783389],[28.2375488,46.4758487],[28.2419434,46.476752],[28.2453613,46.4758487],[28.246582,46.4674747],[28.2466797,46.4364688],[28.2455078,46.4280948],[28.2396484,46.4205997],[28.2254883,46.4155948],[28.232666,46.402045],[28.228125,46.3963077],[28.2191406,46.3936221],[28.2124023,46.3889835],[28.2066406,46.3584171],[28.2019043,46.3541934],[28.1898438,46.3513858],[28.1874023,46.3440616],[28.1914062,46.3237979],[28.1923828,46.3114688],[28.1908203,46.3080508],[28.1772461,46.2872989],[28.1652832,46.2791202],[28.1557617,46.2756534],[28.1442383,46.273212],[28.134668,46.2695987],[28.1304688,46.2626407],[28.1338867,46.2455508],[28.1315918,46.2401065],[28.1202148,46.2381046],[28.1084961,46.2343936],[28.1105957,46.2258975],[28.1288086,46.2049014],[28.1351563,46.1990909],[28.1410156,46.1922549],[28.1442383,46.1834659],[28.1327148,46.1602237],[28.1268555,46.1355655],[28.1003418,46.0822208],[28.0922852,46.0785587],[28.0895996,46.0736026],[28.0898438,46.0683048],[28.0958984,46.0653018],[28.0964355,46.060004],[28.0838867,46.0248477],[28.0821289,46.01496],[28.0856934,46.0007999],[28.1099609,45.950751],[28.1119141,45.9394717],[28.1142578,45.9334659],[28.1202148,45.9265323],[28.1245117,45.9186466],[28.1223145,45.9110782],[28.1182617,45.9033878],[28.1167969,45.8955264],[28.1196289,45.888129],[28.1286621,45.8753604],[28.1304688,45.8716495],[28.1276855,45.8666446],[28.1143555,45.8599796],[28.1099609,45.8545108],[28.112793,45.8255557],[28.1283203,45.7952335],[28.1458984,45.7714298],[28.154541,45.7620303],[28.1631836,45.6617374],[28.1612305,45.6456973],[28.1674805,45.6326846],[28.1532227,45.627753],[28.1202148,45.6279971],[28.1071777,45.624628],[28.0907227,45.6162296],[28.0742188,45.6050967],[28.0616211,45.5938663],[28.1174316,45.5729434],[28.1403809,45.5604923],[28.1572266,45.539252],[28.1610352,45.5329776],[28.1634766,45.5308292],[28.1649414,45.5285098],[28.1654297,45.4948184],[28.1724609,45.4846378],[28.2124023,45.4504581]]}},
{"type":"Feature","properties":{"name":"Weser","name_alt":null,"scalerank":7,"min_zoom":6.0},"geometry":{"type":"LineString","coordinates":[[10.9780273,50.4870792],[10.9743652,50.4706485],[10.9650879,50.4573428],[10.9532715,50.4517276],[10.9279785,50.4407901],[10.8949219,50.4180362],[10.8754883,50.4115665],[10.7988281,50.4127139],[10.7574707,50.4197452],[10.6791992,50.447626],[10.6650391,50.4509952],[10.645752,50.4525821],[10.6456543,50.4570987],[10.6318359,50.4830264],[10.6137695,50.5031924],[10.6085449,50.5071964],[10.5742188,50.5189151],[10.4501953,50.5276553],[10.4177246,50.5431583],[10.3989258,50.603461],[10.3676758,50.6238956],[10.3691406,50.6429385],[10.3519531,50.6757266],[10.3546387,50.6853214],[10.3546387,50.6928165],[10.3480469,50.6994083],[10.3487793,50.7044132],[10.3524414,50.7088077],[10.3546387,50.7133243],[10.3546387,50.7368839],[10.3495117,50.7488467],[10.3368164,50.7553165],[10.3210449,50.7601993],[10.3068848,50.7672794],[10.2998047,50.7781924],[10.2958008,50.7918155],[10.2895508,50.8033389],[10.2757813,50.8082217],[10.2038574,50.8218936],[10.1501465,50.842963],[10.141748,50.8399112],[10.132959,50.8330264],[10.112793,50.8350284],[10.0734863,50.8436221],[10.0086914,50.8397159],[9.9789063,50.8446719],[9.9574219,50.8634708],[9.9671875,50.8628116],[9.9755859,50.8640811],[9.9916016,50.8703067],[9.9841309,50.8771426],[9.9972168,50.8867862],[10.019043,50.9187686],[10.0318848,50.9317569],[10.0516602,50.9368839],[10.0616699,50.9412784],[10.065918,50.9497745],[10.0698242,50.961127],[10.0787598,50.9684512],[10.1014648,50.98017],[10.096582,50.9817081],[10.0958496,50.9824405],[10.0959473,50.9837589],[10.0939941,50.9870059],[10.1026855,51.0036807],[10.1098633,51.0112491],[10.1212402,51.01496],[10.1364746,51.0003116],[10.1672363,50.997919],[10.1975098,50.9997012],[10.2113281,50.9975772],[10.2143555,51.0070987],[10.2211914,51.0119815],[10.2280273,51.0181827],[10.2311035,51.0316837],[10.2289063,51.0338809],[10.2248535,51.0396671],[10.2230469,51.0456729],[10.2277832,51.0484561],[10.2376953,51.0486514],[10.2437988,51.0502383],[10.2477051,51.0545108],[10.2516113,51.0626895],[10.2587891,51.0601749],[10.2618652,51.0586124],[10.2658691,51.0552921],[10.2658691,51.0595889],[10.2668457,51.0643253],[10.2674805,51.0697696],[10.2658691,51.0763614],[10.2806641,51.0753848],[10.2866211,51.0737491],[10.2938477,51.0689151],[10.3017578,51.0750674],[10.3080005,51.077385]]}},
{"type":"Feature","properties":{"name":"Mincio","name_alt":null,"scalerank":7,"min_zoom":6.0},"geometry":{"type":"LineString","coordinates":[[10.9779297,45.0730655],[10.9562988,45.0906924],[10.9271484,45.1037051],[10.8950195,45.1118839],[10.8648926,45.1146915],[10.8630371,45.1176212],[10.8412109,45.1345401],[10.8133789,45.1487979],[10.7902832,45.1655948],[10.7792969,45.1685245],[10.6998535,45.169501],[10.6904297,45.1723819],[10.6882324,45.1865909],[10.6789551,45.2175967],[10.6767578,45.2341495],[10.6772461,45.2471378],[10.6799316,45.254169],[10.7074219,45.2821719],[10.7152344,45.2934024],[10.7141113,45.3039737],[10.6972656,45.3126895],[10.6972656,45.3201358],[10.7062012,45.3293643],[10.7067871,45.3535831],[10.7177734,45.3611026],[10.7177734,45.3673038],[10.7049805,45.3737247],[10.7019043,45.3822696],[10.7041016,45.402045],[10.7021484,45.4226749],[10.6986328,45.435126],[10.6904297,45.4504581]]}},
{"type":"Feature","properties":{"name":"Sió","name_alt":null,"scalerank":7,"min_zoom":6.0},"geometry":{"type":"LineString","coordinates":[[18.0432129,46.9165225],[18.0554199,46.9075382],[18.0782715,46.9009464],[18.1394043,46.8929385],[18.2341309,46.8640323],[18.2538086,46.8550479],[18.262207,46.8445499],[18.2713867,46.8360538],[18.398584,46.7639346],[18.4401855,46.7505069],[18.4819336,46.7451846],[18.5616699,46.754169],[18.5797363,46.7529483],[18.5964355,46.7473819],[18.6120605,46.7359561],[18.6259766,46.7173038],[18.6323242,46.6958682],[18.6291504,46.6770694],[18.6227051,46.6587589],[18.6162109,46.6223331],[18.6026855,46.5854678],[18.5986328,46.5664737],[18.598877,46.5452335],[18.604248,46.5231387],[18.6162109,46.505878],[18.6362305,46.4988467],[18.6484375,46.488837],[18.6520996,46.4664981],[18.6532227,46.429877],[18.6464844,46.4274356],[18.6397949,46.4224307],[18.6347656,46.4153018],[18.6328125,46.4060245],[18.6357422,46.3980167],[18.6430664,46.3954532],[18.6634766,46.3964298],[18.7386719,46.3821475],[18.7434082,46.3792667],[18.7612305,46.365668],[18.7692871,46.3610294],[18.8034668,46.3610294],[18.8034668,46.3592471],[18.807373,46.3549258],[18.8128906,46.3504581],[18.817627,46.3479678],[18.817627,46.3504581],[18.8224121,46.3549258],[18.828125,46.3591983],[18.8314453,46.3610294],[18.8404785,46.3589542],[18.8470703,46.3563174],[18.8509766,46.3511417],[18.8519531,46.3411319],[18.864502,46.3457706],[18.8779297,46.3477237],[18.9064941,46.3479678]]}},
{"type":"Feature","properties":{"name":null,"name_alt":null,"scalerank":7,"min_zoom":6.0},"geometry":{"type":"LineString","coordinates":[[27.8835449,44.7577579],[27.8945312,44.7688663],[27.9091797,44.7749698],[27.9263672,44.7776553],[27.9455566,44.7782657],[27.9649414,44.7750186],[27.9947266,44.7609317],[28.0137695,44.7577579],[28.0344238,44.763129],[28.0545898,44.7768741],[28.0698242,44.7957706],[28.0758789,44.8167178],[28.079834,44.8406436],[28.0899414,44.8559024],[28.1167969,44.881293],[28.1247559,44.8914737],[28.1264648,44.8956241],[28.1249023,44.900336],[28.1239258,44.9446964],[28.1270508,44.9495303],[28.1411133,44.9596622],[28.1407227,44.9822452],[28.1304688,45.0184268],[28.1328125,45.0254581],[28.1421875,45.0363223],[28.1442383,45.04267],[28.1430664,45.0486026],[28.1407227,45.0517032],[28.1384277,45.0536563],[28.1373047,45.0563419],[28.13125,45.0888858],[28.1338867,45.0935733],[28.1475586,45.0977725],[28.1625977,45.1081729],[28.1740723,45.1214542],[28.1777344,45.1345401],[28.1693359,45.1477725],[28.1523438,45.1611514],[28.1318359,45.1714053],[28.1133789,45.1754825],[28.0975586,45.1840274],[28.1027832,45.2033878],[28.1176758,45.2243106],[28.1304688,45.2375674],[28.126709,45.2444034],[28.1220703,45.249628],[28.1166992,45.2539249],[28.1099609,45.2580753],[28.075293,45.2481143],[28.0411133,45.2582462],[27.9865234,45.2921817]]}},
{"type":"Feature","properties":{"name":"Mur","name_alt":null,"scalerank":6,"min_zoom":5.0},"geometry":{"type":"LineString","coordinates":[[13.4992676,47.1627872],[13.5546875,47.1365421],[13.5888672,47.1167178],[13.6171875,47.1054874],[13.6588379,47.1002139],[13.7055664,47.1047549],[13.7446289,47.1178653],[13.7767578,47.1287296],[13.7987305,47.1309757],[13.8098145,47.1220889],[13.8141113,47.1065616],[13.8217773,47.0904483],[13.8330078,47.0869815],[13.8862305,47.0800235],[13.9044434,47.0799014],[13.96875,47.0978458],[13.9896484,47.1004092],[14.0038086,47.1050479],[14.0170898,47.1153018],[14.0328613,47.1248233],[14.0545898,47.1276309],[14.065332,47.1251163],[14.0859375,47.1165225],[14.0966797,47.1140323],[14.1405273,47.1208682],[14.2041016,47.1202335],[14.2189941,47.1220157],[14.2731934,47.1403262],[14.367334,47.1474063],[14.3773438,47.1492374],[14.4033203,47.1616885],[14.4435059,47.2015323],[14.4681641,47.2157657],[14.5536133,47.2296817],[14.5842285,47.2271182],[14.6410156,47.2019717],[14.671875,47.2037296],[14.6865234,47.2086124],[14.7003418,47.2117374],[14.7145996,47.2130801],[14.7888184,47.206171],[14.8178711,47.2084415],[14.8427734,47.2216251],[14.8470703,47.2332706],[14.8474121,47.2489688],[14.8497559,47.2628848],[14.8598633,47.2688174],[14.8747559,47.2708682],[14.8915039,47.2763858],[14.9054199,47.284296],[14.9111328,47.2936466],[14.9123535,47.3010928],[14.9157715,47.3046329],[14.920166,47.3069034],[14.975,47.3484561],[14.9887695,47.3557315],[15.0039062,47.3588321],[15.0317383,47.3585147],[15.0416504,47.3601749],[15.0551758,47.3650089],[15.0731445,47.3748233],[15.1025391,47.3979678],[15.1192871,47.4074161],[15.1383301,47.4126163],[15.2126465,47.4168155],[15.2355957,47.4113956],[15.2509766,47.4099796],[15.2580566,47.4115665],[15.2650391,47.4148135],[15.2726074,47.4173038],[15.2817383,47.4168155],[15.2836914,47.4130313],[15.2849121,47.4060733],[15.2889648,47.3993594],[15.2990723,47.3963077],[15.3058105,47.391962],[15.3452148,47.3523624],[15.3670898,47.3242862],[15.3583984,47.3124454],[15.3288574,47.3021915],[15.3088379,47.2919376],[15.3294922,47.2796573],[15.3214355,47.2772159],[15.3146973,47.2726505],[15.3104492,47.2664249],[15.3089844,47.2591007],[15.3139648,47.2466495],[15.3234863,47.2405948],[15.3327637,47.2361514],[15.3369141,47.228461],[15.337793,47.2181339],[15.3415527,47.204169],[15.3424316,47.1939639],[15.3395996,47.1872012],[15.3263184,47.1729678],[15.3226563,47.1635928],[15.3355957,47.134296],[15.4118652,47.1033389],[15.4387207,47.0816104],[15.4406738,47.0733585],[15.4423828,47.0515811],[15.4460449,47.0400577],[15.4633789,47.0228946],[15.4707031,47.0007999],[15.4934082,46.9747257],[15.5014648,46.9574649],[15.5012207,46.9392276],[15.4989258,46.9188174],[15.5019531,46.9022891],[15.5175781,46.8954532],[15.5297852,46.8872257],[15.5697266,46.8345889],[15.5827637,46.8108585],[15.5803223,46.7937686],[15.5741211,46.7780948],[15.5759277,46.7588565],[15.5876465,46.7428653],[15.6061035,46.7299991],[15.6516113,46.7110538],[15.7280273,46.7032413],[15.7546387,46.7042911],[15.8224121,46.7230899],[15.8502441,46.7247257],[15.8780762,46.7209659],[15.9458008,46.6973819],[15.9864746,46.6924503],[15.9973145,46.6872012],[16.0162598,46.6709171],[16.027832,46.6650577],[16.0419922,46.6626651],[16.067041,46.6443546],[16.1203613,46.619086],[16.2033691,46.5919132],[16.2166992,46.5841007],[16.2540527,46.5474307],[16.2679688,46.5397403],[16.2717285,46.5427432],[16.2745605,46.544501],[16.2816406,46.5472354],[16.2921387,46.5347354],[16.3102051,46.5312686],[16.3294922,46.535712],[16.3436523,46.5472354],[16.3510742,46.5397403],[16.3574219,46.5472354],[16.3688965,46.5408389],[16.3815918,46.5396182],[16.3944336,46.5403507],[16.4057617,46.5397403],[16.4146973,46.5358341],[16.431543,46.5234561],[16.4398438,46.5193057],[16.4484863,46.5186221],[16.4702148,46.5205264],[16.4808594,46.5193057],[16.490625,46.5153995],[16.5205078,46.4988467],[16.5150391,46.4988467],[16.5637207,46.48017],[16.5770508,46.4708926],[16.583252,46.4708926],[16.5876465,46.4798038],[16.5938965,46.4832217],[16.6015625,46.4823673],[16.6105957,46.4783389],[16.637207,46.4747257],[16.6586914,46.4644229],[16.677002,46.44892],[16.6931152,46.429877],[16.7119141,46.4129092],[16.742334,46.3998477],[16.754541,46.3821475],[16.761377,46.3821475],[16.7687988,46.3964298],[16.7760254,46.3931827],[16.8029785,46.3889835],[16.807373,46.3875674],[16.8117676,46.3852725],[16.8160645,46.3822696],[16.820459,46.3784366],[16.8270508,46.374335],[16.8297363,46.3775577],[16.8319336,46.3821475],[16.8371582,46.3821475],[16.85,46.3733096],[16.8649902,46.3593936],[16.8745117,46.3431339],[16.8712402,46.3275089],[16.8779297,46.3140811],[16.8886719,46.2924258],[16.8954102,46.2865665],[16.902832,46.2821719],[16.9401855,46.2517764],[16.9647461,46.2197452],[16.9742676,46.2108096],[17.0274902,46.1807315],[17.035791,46.1732852],[17.0407715,46.162421],[17.0522461,46.153754],[17.1005859,46.1284854],[17.1157227,46.1233585],[17.1967773,46.1214053],[17.2080078,46.1168155],[17.2479492,46.0804385],[17.2535645,46.0711124],[17.2661133,46.0390079],[17.2685547,46.0289249],[17.2753906,46.0122745],[17.2910156,46.0081241],[17.3071289,46.0066592],[17.3163086,45.997919],[17.3087402,45.9969424],[17.2963867,45.9929385],[17.2895508,45.9917178],[17.2895508,45.9849307],[17.3043457,45.9812686],[17.3161621,45.9740665],[17.3266602,45.9722842],[17.3374023,45.9849307],[17.3431641,45.9677921],[17.3415527,45.9588565],[17.344873,45.9559268],[17.3646484,45.9569034],[17.3886719,45.9633243],[17.3991699,45.9601505],[17.4056641,45.9439151],[17.4110352,45.9468448],[17.4147949,45.9498966],[17.417627,45.9532413],[17.4261719,45.9569034],[17.5114746,45.954169],[17.5538574,45.9480655],[17.5907227,45.9364688],[17.6379395,45.9015567],[17.6452637,45.8921085],[17.6463867,45.8839786],[17.6516113,45.869086],[17.6527344,45.8576114],[17.6560059,45.8456485],[17.6640625,45.8418643],[17.6867676,45.8408878],[17.8085938,45.8146426],[17.8376465,45.7998721],[17.8574219,45.7760684],[17.8575684,45.7719913],[17.8693848,45.7737491],[17.8751465,45.7809512],[17.8800293,45.7887637],[17.8891602,45.7924258],[17.9748535,45.7924258],[18.079834,45.771918],[18.0915527,45.7719913],[18.1024414,45.7748477],[18.1196289,45.78371],[18.128418,45.7856632],[18.2106934,45.7856632],[18.229248,45.7815128],[18.2600098,45.7654483],[18.2827148,45.7651553],[18.2924805,45.747504],[18.3068848,45.7356632],[18.3248535,45.7283389],[18.35,45.7236514],[18.3683105,45.7241885],[18.3763672,45.7219913],[18.3844238,45.7099063],[18.3925781,45.7037296],[18.409082,45.6981143],[18.4230957,45.6967227],[18.4477539,45.6968448],[18.4819336,45.6923282],[18.4931641,45.6842716],[18.4887695,45.6689639],[18.5060059,45.669379],[18.516748,45.6626651],[18.5253906,45.6524112],[18.5366211,45.6422794],[18.5492188,45.6377628],[18.5783691,45.6339786],[18.5917969,45.6279971],[18.6014648,45.6179874],[18.614502,45.5970401],[18.6259766,45.5869815],[18.6402832,45.580585],[18.7729492,45.5551944],[18.9274902,45.5528507]]}},
{"type":"Feature","properties":{"name":"Po","name_alt":null,"scalerank":6,"min_zoom":5.0},"geometry":{"type":"LineString","coordinates":[[12.5338379,44.9700382],[12.4459473,44.9557559],[12.3249512,44.957587],[12.2941895,44.9638126],[12.2799316,44.9726749],[12.2421875,45.0048282],[12.2316895,45.0073428],[12.1843262,45.0246768],[12.1567383,45.0314395],[12.1413574,45.0303409],[12.1257324,45.0215518],[12.0751953,45.0209415],[12.0603027,45.0184268],[12.0603027,45.0110049],[12.0661621,45.006171],[12.072168,45.0025577],[12.079248,45.0000186],[12.0881348,44.9979923],[12.0881348,44.9911563],[12.0521484,44.9798038],[11.9684082,44.9829288],[11.9311523,44.9774844],[11.9178711,44.9831729],[11.9025879,44.9859073],[11.8695313,44.9852237],[11.8212891,44.9774844],[11.7971191,44.9774844],[11.793457,44.9753604],[11.7875,44.9660098],[11.7834473,44.9638126],[11.7675781,44.9632022],[11.75625,44.9610049],[11.7473145,44.9566104],[11.7387695,44.9495303],[11.7355957,44.9384219],[11.7180176,44.9317569],[11.6773926,44.9223087],[11.6538086,44.9057071],[11.6401367,44.8981387],[11.6220703,44.8949649],[11.6062012,44.898627],[11.5532227,44.9290714],[11.5246582,44.9398135],[11.5092773,44.9424503],[11.4882812,44.943378],[11.449707,44.9373721],[11.4316406,44.9375674],[11.4240723,44.9464786],[11.4188477,44.9667423],[11.4056641,44.9722354],[11.3886719,44.9734561],[11.3049316,45.0128116],[11.2724609,45.03371],[11.2726074,45.0593936],[11.1496582,45.0587833],[11.1286621,45.0693546],[11.120752,45.068378],[11.0803223,45.0562198],[11.0634766,45.0532413],[11.0404297,45.0560977],[10.9846191,45.0799014],[10.9736328,45.0727725],[10.9614258,45.07392],[10.9487305,45.0780704],[10.9361816,45.0799014],[10.9215332,45.0781436],[10.915918,45.075629],[10.9129883,45.0709903],[10.9055176,45.0625186],[10.8954102,45.0581729],[10.884668,45.0598331],[10.8741699,45.063544],[10.8648926,45.0656192],[10.8549805,45.0631046],[10.8375488,45.0508487],[10.8269043,45.0464053],[10.8175293,45.0452335],[10.7866211,45.0464053],[10.7006836,45.0593936],[10.6742188,45.0492618],[10.6693359,45.0464053],[10.6699219,45.0349796],[10.6767578,45.0286807],[10.6852051,45.0242862],[10.6904297,45.0184268],[10.6852051,44.9935245],[10.6632324,44.9651065],[10.6324707,44.9393253],[10.6010742,44.9223087],[10.565332,44.9154727],[10.5211426,44.9160342],[10.4776855,44.923212],[10.4433594,44.9365421],[10.4299316,44.9512393],[10.4138184,44.9846866],[10.3989258,44.9911563],[10.3789062,44.9887149],[10.3651367,44.9846866],[10.3502441,44.9839053],[10.3268066,44.9911563],[10.2235352,45.0380313],[10.1833496,45.0464053],[10.1428223,45.0431583],[10.1047363,45.0351016],[10.0716797,45.037421],[10.0461426,45.0656192],[10.0280762,45.0969913],[10.0256348,45.1044376],[10.0213867,45.1099307],[10.0020996,45.119501],[9.9978027,45.1245792],[9.9863281,45.1285342],[9.9157715,45.1078555],[9.922998,45.1299014],[9.9037109,45.1382999],[9.8827148,45.1339786],[9.8847656,45.1177432],[9.8994141,45.0989932],[9.8956543,45.0917423],[9.8806152,45.0914249],[9.838623,45.0984073],[9.8300781,45.0961368],[9.8366699,45.0836124],[9.8400879,45.0736758],[9.8334961,45.0681339],[9.8242188,45.0685489],[9.8195801,45.0764835],[9.8116699,45.0845401],[9.7749023,45.1013858],[9.7644043,45.1146915],[9.7582031,45.1146915],[9.7577148,45.1099307],[9.7565918,45.1090762],[9.7547852,45.1093204],[9.7519531,45.1078555],[9.7523438,45.0819034],[9.722168,45.0721378],[9.6812988,45.0752139],[9.6489258,45.0873477],[9.6366211,45.0938174],[9.6350098,45.0985049],[9.634668,45.1112735],[9.637207,45.116962],[9.6412598,45.1219424],[9.6402832,45.1259219],[9.628418,45.1283633],[9.6142578,45.1253604],[9.6027832,45.1181094],[9.5900879,45.112421],[9.5732422,45.1146915],[9.5610352,45.1288516],[9.5524902,45.134711],[9.5424805,45.1314151],[9.5388184,45.1240421],[9.5404297,45.1157413],[9.5439453,45.1067569],[9.5458984,45.0972842],[9.5416504,45.0858829],[9.5318848,45.0880801],[9.5118652,45.1010196],[9.5004883,45.1029727],[9.4916992,45.103461],[9.4701172,45.1010196],[9.464611,45.1010196]]}},
{"type":"Feature","properties":{"name":"Dniester","name_alt":null,"scalerank":6,"min_zoom":5.0},"geometry":{"type":"LineString","coordinates":[[22.9041992,49.2195499],[22.8747559,49.2336612],[22.847168,49.2529483],[22.846582,49.2670352],[22.8504883,49.278876],[22.8592773,49.2882755],[22.8808594,49.3018253],[22.9039551,49.3081241],[22.9361816,49.3131778],[22.9645996,49.3218448],[22.9769531,49.3390567],[22.9823242,49.3419864],[23.0058594,49.3507022],[23.0117188,49.3558292],[23.0087891,49.3689639],[22.9987793,49.3785342],[22.9863281,49.3870303],[22.9769531,49.396796],[22.9913574,49.4059512],[23.0048828,49.4173038],[23.0107422,49.4271915],[23.0155273,49.4386661],[23.0227051,49.4481143],[23.0356445,49.4520206],[23.0580078,49.4545352],[23.0822754,49.4606387],[23.1209961,49.4725284],[23.1742188,49.4966983],[23.2091309,49.50246],[23.2804199,49.5255801],[23.3183594,49.5332706],[23.3613281,49.5372257],[23.379541,49.544379],[23.4157715,49.5681339],[23.4519043,49.582587],[23.4903809,49.5851505],[23.5309082,49.579169],[23.6466309,49.5390079],[23.7038574,49.5313174],[23.725,49.5244815],[23.7645508,49.4998233],[23.8291016,49.4939639],[23.840332,49.4966983],[23.8505859,49.5056827],[23.8737793,49.5085635],[23.958252,49.5036075],[23.972168,49.4954288],[23.9775391,49.4762637],[23.9857422,49.4682071],[24.0389648,49.4520206],[24.0393066,49.4502628],[24.0407715,49.4461124],[24.0433594,49.4414249],[24.0463867,49.4383487],[24.0510254,49.4375674],[24.0620117,49.4389835],[24.0668945,49.4383487],[24.0935059,49.4262149],[24.1044922,49.4247501],[24.1144043,49.4268253],[24.1339355,49.4362247],[24.145752,49.4383487],[24.1576172,49.4370303],[24.1671387,49.4336612],[24.1996094,49.4133975],[24.2413574,49.3651798],[24.2496582,49.3480899],[24.2556152,49.3390567],[24.2599121,49.3283145],[24.2569824,49.3194034],[24.2524414,49.3109805],[24.2524414,49.3018253],[24.2733398,49.2898624],[24.2753906,49.287543],[24.2821289,49.2838077],[24.2907715,49.2647159],[24.2958984,49.2568546],[24.3076172,49.249335],[24.322168,49.2447452],[24.3867188,49.2317569],[24.4055176,49.2306583],[24.4331055,49.2410342],[24.4625488,49.2300479],[24.4777832,49.2329288],[24.4876953,49.2268741],[24.4981934,49.2248721],[24.5087891,49.2268741],[24.5187988,49.2329288],[24.534082,49.2223575],[24.542627,49.2109561],[24.5521484,49.2019229],[24.5703125,49.1981876],[24.5887695,49.1964786],[24.5970703,49.1934268],[24.6007324,49.1882999],[24.6032715,49.1784122],[24.6097656,49.1741397],[24.6176758,49.1716495],[24.6252441,49.1674258],[24.6400391,49.1568546],[24.7162109,49.1354434],[24.7281738,49.1300723],[24.7385254,49.1230655],[24.7459961,49.112421],[24.7538086,49.0961368],[24.7580566,49.0812442],[24.7555176,49.0746524],[24.7717285,49.0720889],[24.7884766,49.065253],[24.8015137,49.0555362],[24.8067383,49.0442569],[24.8208984,49.028754],[24.853125,49.0231387],[24.887793,49.0254581],[24.9091797,49.03371],[24.9418945,49.0250919],[24.9500977,49.0206973],[24.9561523,49.0137882],[24.9580078,49.0078799],[24.959082,49.0015323],[24.9637695,48.9927432],[24.9779297,48.9769962],[24.9922852,48.9695499],[25.0097656,48.9684512],[25.0512695,48.9741885],[25.0667969,48.9723575],[25.1193848,48.9512882],[25.1286621,48.9442813],[25.1293945,48.9343448],[25.1220703,48.91767],[25.1226563,48.9075382],[25.1283203,48.8980655],[25.1523438,48.872919],[25.1652832,48.8654239],[25.1734375,48.8715274],[25.177832,48.8839786],[25.1796875,48.8952823],[25.1828613,48.9035098],[25.1888672,48.9106632],[25.197168,48.91767],[25.2192383,48.9293155],[25.2310547,48.932001],[25.2456055,48.9312686],[25.2456055,48.9238467],[25.2353516,48.9118106],[25.2264648,48.8866641],[25.2219238,48.8596378],[25.2250977,48.8419132],[25.2499023,48.8593204],[25.2734375,48.8589053],[25.3275391,48.8419132],[25.30625,48.8281924],[25.2499023,48.8175723],[25.2387695,48.8009708],[25.2506836,48.7750919],[25.2769531,48.7813174],[25.3275391,48.8145694],[25.3430176,48.8162296],[25.3508301,48.8128604],[25.3539063,48.8137882],[25.3554688,48.8282413],[25.3535156,48.8407657],[25.3510742,48.8494815],[25.355957,48.8545108],[25.3759766,48.8562198],[25.3884277,48.8539493],[25.4007813,48.8495548],[25.4143066,48.8468692],[25.4305664,48.8493839],[25.4326172,48.8537784],[25.4310547,48.8606632],[25.4313965,48.8670108],[25.4401855,48.8698184],[25.4466797,48.868671],[25.4621582,48.8635928],[25.4708984,48.8623721],[25.4625,48.8482608],[25.4571289,48.8415714],[25.4498047,48.835712],[25.4609375,48.8252628],[25.4820313,48.813837],[25.5053711,48.8047549],[25.5227051,48.8009708],[25.5480957,48.7989444],[25.565332,48.7933292],[25.5951172,48.7742374],[25.6228027,48.7636173],[25.6291504,48.7599551],[25.6398926,48.7449405],[25.6386719,48.7390323],[25.6328125,48.7360294],[25.6291504,48.7295596],[25.6281738,48.7200382],[25.6274414,48.7181339],[25.630127,48.716669],[25.6396484,48.7084415],[25.6460938,48.697211],[25.6426758,48.6893985],[25.6369629,48.6835391],[25.6359863,48.678046],[25.6485352,48.6713321],[25.6709961,48.6671817],[25.7148438,48.6643741],[25.7227539,48.6589542],[25.730957,48.6350772],[25.7420898,48.6296573],[25.7531738,48.6325137],[25.7572266,48.6395938],[25.7597656,48.6487003],[25.7663574,48.6575382],[25.7933594,48.6699893],[25.8086914,48.6609561],[25.8208008,48.6449649],[25.8383789,48.6364932],[25.859375,48.6185977],[25.8631836,48.6125674],[25.8624023,48.603461],[25.862793,48.6007022],[25.911377,48.5880801],[25.9276367,48.5867374],[25.9438477,48.5886905],[25.9599609,48.5963077],[25.9735352,48.6162784],[25.9853516,48.6234073],[26.0101563,48.6153507],[26.0196289,48.6159122],[26.0245117,48.6212833],[26.0287109,48.6376407],[26.0332031,48.6432559],[26.0488281,48.6475284],[26.0583496,48.6417911],[26.0621094,48.6282413],[26.0605469,48.6091495],[26.0605469,48.6159122],[26.0513672,48.5829532],[26.0523438,48.5716007],[26.0639648,48.5576358],[26.0795898,48.5471866],[26.098877,48.5407169],[26.1169434,48.5418155],[26.1294922,48.5545108],[26.1136719,48.5703799],[26.1055664,48.5807559],[26.1020508,48.5921085],[26.1020508,48.6064639],[26.1047363,48.6110294],[26.1329102,48.6091495],[26.1456055,48.5962589],[26.1444336,48.5678897],[26.1493164,48.5394962],[26.1806641,48.5266299],[26.2387695,48.534003],[26.2564453,48.5333194],[26.2687988,48.5300967],[26.2939453,48.519794],[26.326416,48.51142],[26.3547363,48.5100284],[26.3803711,48.5170352],[26.4038086,48.534003],[26.4221191,48.5296573],[26.4703125,48.5379581],[26.4888672,48.5303409],[26.5150391,48.5147647],[26.5219727,48.5067813],[26.5396484,48.4788272],[26.5526367,48.4656436],[26.5661621,48.457294],[26.5829102,48.4528262],[26.6054688,48.4514835],[26.6216797,48.4581973],[26.6068359,48.4922549],[26.6154785,48.5067081],[26.6270508,48.5082462],[26.634375,48.5032413],[26.6391602,48.4964542],[26.6433105,48.4924503],[26.6538086,48.4912296],[26.6875,48.4924503],[26.7087402,48.4967716],[26.7049805,48.5069034],[26.6882324,48.5182559],[26.6706543,48.5266299],[26.6330566,48.5333194],[26.6142578,48.5401065],[26.6123047,48.5507999],[26.6325195,48.5623233],[26.6547852,48.55871],[26.6911621,48.5402286],[26.7060547,48.5360782],[26.721582,48.5351016],[26.7338867,48.5410831],[26.7390137,48.5576358],[26.7347656,48.5637882],[26.715918,48.5776553],[26.7116699,48.5852725],[26.717041,48.5946719],[26.7287598,48.5950382],[26.740332,48.5888126],[26.7457031,48.5784366],[26.7495117,48.5614688],[26.7592773,48.5504825],[26.7725586,48.5508975],[26.7873535,48.5681827],[26.7890625,48.5783145],[26.7828125,48.5933292],[26.7873535,48.6016788],[26.7973633,48.6078555],[26.8078613,48.609003],[26.8186035,48.6065128],[26.8290039,48.6016788],[26.8225098,48.5811221],[26.8277344,48.5612247],[26.8412109,48.54621],[26.8589844,48.5402286],[26.8847656,48.5435245],[26.8988281,48.5517032],[26.9094238,48.5630069],[26.9245605,48.5750186],[26.9450684,48.5813174],[26.9667969,48.5806339],[27.0033203,48.5750186],[27.0169922,48.5644717],[27.0231934,48.5607364],[27.0274414,48.5625186],[27.0316406,48.5661807],[27.0375977,48.5681827],[27.049707,48.5672549],[27.0698242,48.5625674],[27.1131836,48.5591983],[27.1225586,48.5607364],[27.1291504,48.565253],[27.1411133,48.5789249],[27.1466797,48.5818546],[27.1811523,48.5818546],[27.1918945,48.5796085],[27.2139648,48.570087],[27.2261719,48.5681827],[27.2373047,48.5687198],[27.2473145,48.5703799],[27.2553711,48.574335],[27.2603516,48.5818546],[27.2616211,48.5956485],[27.2552734,48.5997989],[27.2452148,48.6008487],[27.2358398,48.6054141],[27.2342773,48.6183536],[27.2546387,48.6210391],[27.2944336,48.6159122],[27.3042969,48.6107852],[27.3124023,48.6047549],[27.3216797,48.6007755],[27.3348633,48.6016788],[27.3449219,48.6074893],[27.3584961,48.624335],[27.3702148,48.6296573],[27.4095703,48.6206729],[27.4379883,48.6024112],[27.458252,48.5772159],[27.4726562,48.5470645],[27.4941406,48.4821231],[27.503418,48.4726016],[27.5445313,48.4726016],[27.5566406,48.474628],[27.5825195,48.4862735],[27.604248,48.4843936],[27.6064453,48.4580753],[27.6265625,48.4514835],[27.7513672,48.4522159],[27.7847656,48.4417667],[27.8493652,48.4099307],[27.8643555,48.3991885],[27.8962402,48.3674503],[27.9039063,48.3627383],[27.9258789,48.3396671],[27.9664063,48.329169],[28.0554199,48.3217227],[28.0758789,48.3152042],[28.0922852,48.3023135],[28.0979004,48.2843692],[28.078125,48.2451846],[28.0926758,48.2376651],[28.1151367,48.2370059],[28.1304688,48.2398135],[28.1616211,48.2574405],[28.1779785,48.2591007],[28.1851563,48.2426212],[28.1888672,48.2233341],[28.1993164,48.2119815],[28.2165527,48.2084415],[28.2397461,48.2118594],[28.2612305,48.2202335],[28.2770996,48.2293643],[28.2939453,48.2367618],[28.3399414,48.2403018],[28.3571777,48.238837],[28.3676758,48.2309024],[28.3695313,48.2118594],[28.3628906,48.1912784],[28.3516602,48.1821475],[28.3374023,48.1757999],[28.3216797,48.1634464],[28.3150391,48.1496036],[28.3168945,48.1356143],[28.328125,48.1272647],[28.3490234,48.1299503],[28.364502,48.1417911],[28.3750977,48.1569278],[28.3881836,48.1688174],[28.4111328,48.1709659],[28.4267578,48.1636417],[28.4364258,48.1500919],[28.4351563,48.1349551],[28.4185547,48.122504],[28.446875,48.0830264],[28.4588867,48.0747745],[28.4791016,48.065253],[28.489502,48.0657413],[28.4931641,48.0750674],[28.4936523,48.0921085],[28.5004883,48.1131046],[28.5171875,48.1208682],[28.5375,48.1201358],[28.5550781,48.1157413],[28.5830078,48.1019962],[28.6084961,48.0958926],[28.6202148,48.0952335],[28.6293945,48.0919864],[28.6322266,48.0845401],[28.6308594,48.0709903],[28.6270508,48.063251],[28.6179199,48.0639102],[28.6066406,48.0673282],[28.5966797,48.0673282],[28.5893555,48.0626163],[28.5625,48.0405948],[28.5432129,48.029169],[28.5324707,48.0200382],[28.527832,48.009296],[28.5375,47.9940128],[28.5593262,47.9984805],[28.6100586,48.0294864],[28.61875,48.0328311],[28.6308594,48.0337589],[28.6357422,48.0302188],[28.6426758,48.0235538],[28.6514648,48.0194034],[28.6813965,48.0309512],[28.6978516,48.0226505],[28.7189941,47.9989688],[28.7536621,47.9791202],[28.784668,47.9827823],[28.8128906,47.9653995],[28.8301758,47.9410342],[28.8288574,47.9170596],[28.8608398,47.8997257],[28.9802246,47.8755069],[29.0180664,47.8535342],[29.0174805,47.8269229],[28.9802246,47.7656436],[28.9754883,47.7434757],[28.9802246,47.6874454],[28.9878906,47.6607608],[28.9902344,47.6563663],[28.9953613,47.6509464],[28.9935547,47.6389346],[28.9890137,47.6271426],[28.9864258,47.6222598],[28.9929199,47.6047549],[29.015625,47.5820499],[29.0205078,47.5710635],[29.0212402,47.5502383],[29.0246582,47.5330753],[29.032959,47.5186221],[29.048584,47.506171],[29.0927734,47.4873721],[29.1037598,47.4782169],[29.1104492,47.4639835],[29.1070313,47.454169],[29.0900391,47.4373233],[29.0824219,47.4064395],[29.1050781,47.3908145],[29.138916,47.376044],[29.1646484,47.347919],[29.1539063,47.3362491],[29.1390625,47.3293643],[29.1225586,47.3292911],[29.0879883,47.3515811],[29.0786133,47.347919],[29.0799805,47.3325382],[29.0932617,47.3106632],[29.1631836,47.2307803],[29.1789551,47.1970889],[29.1630859,47.1919132],[29.1444336,47.1629092],[29.1119141,47.149921],[29.0941406,47.1348819],[29.0783203,47.1168887],[29.069043,47.1015079],[29.084375,47.0988956],[29.0985352,47.0922305],[29.1242676,47.0741641],[29.1299805,47.0818057],[29.1478516,47.0965518],[29.1560059,47.1135928],[29.166748,47.1126651],[29.1791016,47.1095645],[29.1891602,47.1117618],[29.19375,47.1238467],[29.1875977,47.1348331],[29.1796875,47.1453311],[29.1789551,47.1561221],[29.1875977,47.1628604],[29.2001953,47.1631534],[29.2126465,47.1581485],[29.220459,47.1492374],[29.2266602,47.1492374],[29.2364258,47.162421],[29.2495117,47.1585147],[29.263916,47.1482608],[29.2779297,47.1424503],[29.2907227,47.1404483],[29.2922363,47.1354434],[29.290918,47.1287296],[29.2949219,47.1220157],[29.3046875,47.1164737],[29.3291016,47.1083438],[29.3711914,47.0787296],[29.3774414,47.0707462],[29.3819336,47.0418155],[29.3806152,47.028876],[29.3700195,47.0332217],[29.3637695,47.0332217],[29.369043,47.018085],[29.3732422,47.0115421],[29.3774414,47.0127628],[29.3724609,47.0042667],[29.3701172,47.0028018],[29.3664551,47.0029971],[29.3408203,46.9920108],[29.3246094,46.9883487],[29.3088379,46.9883487],[29.2949219,46.9922549],[29.3029785,46.9749698],[29.315918,46.9587589],[29.3320312,46.9454288],[29.3496094,46.9370303],[29.3755859,46.9351749],[29.3966797,46.9427432],[29.415625,46.9526553],[29.4355469,46.9574649],[29.4594727,46.9533878],[29.4706055,46.9415958],[29.4736328,46.923212],[29.4736328,46.8991153],[29.4761719,46.8897159],[29.4882812,46.8726749],[29.4936523,46.8618839],[29.4951172,46.8492374],[29.4938965,46.8380801],[29.4945313,46.8286319],[29.5010742,46.8209171],[29.4976563,46.8016299],[29.5116211,46.7871768],[29.5303711,46.7827823],[29.5419922,46.7936466],[29.5488281,46.7936466],[29.5622559,46.7871768],[29.576416,46.802753],[29.5897461,46.82392],[29.6003418,46.8345889],[29.6029297,46.8355655],[29.6050781,46.8377139],[29.6083984,46.8398624],[29.6143555,46.8408389],[29.6177734,46.8379581],[29.6183594,46.8320987],[29.6162109,46.8271671],[29.6109375,46.8271671],[29.6143555,46.8234317],[29.6163086,46.8189151],[29.619873,46.8151309],[29.6276855,46.8134952],[29.6466797,46.8146426],[29.6518555,46.8134952],[29.6643066,46.8012149],[29.6792969,46.7643497],[29.6893555,46.7486026],[29.6976563,46.7278995],[29.6891602,46.707294],[29.6661133,46.676337],[29.6853027,46.6770206],[29.6953125,46.6758975],[29.6996094,46.673212],[29.7030273,46.6649112],[29.7110352,46.6649112],[29.720459,46.6682803],[29.7276367,46.6701114],[29.7486328,46.6657169],[29.7583008,46.6588077],[29.7753906,46.629169],[29.7617188,46.6247012],[29.7474609,46.6176212],[29.7350586,46.6076114],[29.7276367,46.5943546],[29.7424316,46.5932071],[29.7753906,46.5807559],[29.786377,46.5830264],[29.8231445,46.6012637],[29.8300781,46.5885684],[29.8398438,46.5825382],[29.8522949,46.5807559],[29.8671875,46.5807559],[29.8702148,46.5767276],[29.8901367,46.5584171],[29.8981934,46.5534122],[29.9013672,46.5310733],[29.9155273,46.5191104],[29.9597168,46.506293],[29.9615234,46.5037296],[29.9665527,46.494086],[29.9699219,46.4920108],[29.9764648,46.4934757],[29.9886719,46.4989688],[29.9945313,46.4988467],[30.0024414,46.4944522],[30.0088867,46.4883487],[30.0210938,46.4708926],[30.0134277,46.4622745],[30.0594727,46.4370792],[30.076416,46.4231143],[30.0864258,46.4291446],[30.1015625,46.4309757],[30.1176758,46.4289737],[30.130957,46.4231143],[30.1386719,46.4182803],[30.1455078,46.4182803],[30.1523438,46.4223819],[30.1589355,46.429877],[30.1675781,46.4253604],[30.1782227,46.4307803],[30.190332,46.4392276],[30.2033203,46.4435489],[30.2193359,46.4420108],[30.236084,46.4368839],[30.2492676,46.4273135],[30.2544922,46.412543],[30.2573242,46.3941592],[30.2640625,46.3860538],[30.2730469,46.3801944],[30.2824707,46.3684757],[30.2882813,46.3521671],[30.2890625,46.3360538],[30.2831055,46.3240909],[30.2687988,46.3200137]]}},
{"type":"Feature","properties":{"name":"Tisza","name_alt":null,"scalerank":6,"min_zoom":5.0},"geometry":{"type":"MultiLineString","coordinates":[[[24.2556152,48.3217227],[24.2650391,48.3195255],[24.2853027,48.3097598],[24.2958984,48.3074893],[24.3285156,48.3096378],[24.3407227,48.3074893],[24.3652344,48.2846133],[24.3487793,48.251337],[24.2922363,48.1907901],[24.2626953,48.138544],[24.2586914,48.1262882],[24.2567383,48.1123233],[24.2516113,48.1007755],[24.2437988,48.0911319],[24.2342773,48.0827823],[24.2040039,48.0611026],[24.1904297,48.0481632],[24.1818848,48.0347842],[24.1778809,48.0181339],[24.1767578,47.9956241],[24.1789551,47.9901798],[24.1835938,47.985419],[24.1882324,47.978876],[24.1904297,47.9682803],[24.1878906,47.9587589],[24.1748047,47.9474551],[24.1693359,47.9381778],[24.1688477,47.9348819],[24.1693359,47.9238956],[24.1481934,47.9123721],[24.1833496,47.8916202],[24.1977539,47.8748721],[24.2096191,47.8489444],[24.235498,47.8261173],[24.2509766,47.8025089],[24.2827148,47.7786807],[24.2941895,47.7628116],[24.314209,47.7481632],[24.3514648,47.7383975],[24.3893066,47.7321964],[24.4259277,47.7235049],[24.447998,47.7251651],[24.471582,47.7316348],[24.5061035,47.7478214],[24.539209,47.7545841],[24.5622559,47.7687442],[24.5812012,47.7803897],[24.6206055,47.7967471],[24.6687012,47.8035831],[24.7150879,47.7961612],[24.751123,47.7802921],[24.7944336,47.7566592],[24.8493652,47.7447452],[24.8661133,47.7379092]],[[21.3390137,48.0263126],[21.373291,48.0271182],[21.4068848,48.0337589],[21.432373,48.0506046],[21.442627,48.0818546],[21.4389648,48.0955264],[21.4316406,48.1033389],[21.4262695,48.112421],[21.4283691,48.1299503],[21.4353027,48.1435733],[21.4469238,48.1579044],[21.4611816,48.1701114],[21.4760742,48.1771915],[21.4946289,48.1791446],[21.5587402,48.1771915],[21.5958496,48.1807315],[21.612793,48.1803653],[21.6520996,48.1677921],[21.6711426,48.165546],[21.6901855,48.1675479],[21.7662598,48.1994815],[21.7784668,48.2016788],[21.7944336,48.2020206],[21.8129883,48.2121768],[21.8312988,48.2246768],[21.8460938,48.2323673],[21.9091797,48.235126],[21.9286133,48.2398135],[21.9431152,48.2478702],[21.9714355,48.2698428],[22.0052734,48.3032413],[22.0112305,48.3074893],[22.0227051,48.3083682],[22.0422363,48.301337],[22.0515137,48.3000674],[22.079248,48.3115909],[22.1,48.3345401],[22.137207,48.3869083],[22.1687012,48.4097842],[22.201416,48.4184024],[22.2357422,48.4154727],[22.2712402,48.4036807],[22.2564941,48.3734805],[22.2558594,48.2887637],[22.2433105,48.2665469],[22.2553711,48.2617862],[22.2674805,48.2546573],[22.277832,48.2449405],[22.2849121,48.2323673],[22.2838379,48.2246768],[22.2768555,48.1998966],[22.2780762,48.1907901],[22.2890625,48.1818301],[22.3154297,48.171503],[22.3259277,48.1634464],[22.3266602,48.1550479],[22.3237305,48.1445499],[22.3253418,48.1333194],[22.3395996,48.122504],[22.3637695,48.1099307],[22.3786621,48.1063907],[22.3832031,48.1015811],[22.3873535,48.0953311],[22.3947754,48.0889835],[22.4200684,48.0744083],[22.4349609,48.0706241],[22.4494629,48.0747745],[22.4666992,48.063544],[22.4885254,48.0620792],[22.5527344,48.0699405],[22.5615234,48.0766788],[22.5681152,48.0856387],[22.5791016,48.0952335],[22.5895996,48.0987491],[22.6075684,48.0970401],[22.6206055,48.1019962],[22.692627,48.1019962],[22.7111816,48.1060733],[22.7280273,48.1133487],[22.7451172,48.1165225],[22.7647949,48.1082217],[22.7797852,48.1215274],[22.801416,48.1157413],[22.840332,48.0889835],[22.8601074,48.0944278],[22.8746582,48.0917423],[22.8873535,48.0858096],[22.9018555,48.0815616],[22.9203125,48.0813663],[22.9347168,48.084418],[23.0695801,48.1290225],[23.1337891,48.1677921],[23.1771484,48.1776065],[23.2213379,48.1789005],[23.2575684,48.1709659],[23.5626465,48.0059757],[23.5812012,48.0018253],[23.6455078,47.9968936],[23.6867676,47.9874942],[23.7099609,47.9853702],[23.779541,47.9877383],[23.7960449,47.9822452],[23.8478027,47.9498966],[23.8546387,47.9344424],[23.876123,47.9346866],[23.9768066,47.9625186],[24.0083008,47.9614932],[24.0246582,47.9534854],[24.0744629,47.9444034],[24.0941406,47.9381778],[24.1306152,47.9148135],[24.1481934,47.9123721]],[[20.1788574,46.2608096],[20.2026367,46.2661319],[20.2218262,46.2756534],[20.2297363,46.2899112],[20.2252441,46.303046],[20.2166992,46.3168399],[20.2109375,46.3316592],[20.2155762,46.3479678],[20.2035156,46.3555362],[20.1984863,46.3659854],[20.1950684,46.3889835],[20.1889648,46.4100284],[20.1882324,46.4336612],[20.1982422,46.4673038],[20.1967773,46.4845645],[20.1779785,46.4920108],[20.1743164,46.4987979],[20.1603027,46.5397403],[20.1540527,46.5478702],[20.1474609,46.5545108],[20.1424805,46.5614688],[20.1403809,46.5701846],[20.1425781,46.5816592],[20.1472168,46.586127],[20.1518555,46.589545],[20.1593262,46.6154239],[20.1950684,46.6626651],[20.198877,46.6657169],[20.2062012,46.6729678],[20.2086426,46.6804385],[20.1984863,46.6837833],[20.1953125,46.6890323],[20.1933594,46.7005069],[20.1887207,46.7120303],[20.1779785,46.7173038],[20.1430664,46.7152774],[20.1335449,46.7173038],[20.1328125,46.7210147],[20.1344238,46.7350528],[20.1335449,46.7390323],[20.1289062,46.740668],[20.1166992,46.7432315],[20.1044922,46.749213],[20.0958496,46.7519717],[20.0887695,46.7573428],[20.0858398,46.7691104],[20.081543,46.7788272],[20.0719238,46.7832706],[20.0622559,46.7857608],[20.0578613,46.7899112],[20.0539551,46.8104923],[20.0380859,46.8357608],[20.0367676,46.8544376],[20.0445801,46.8718936],[20.0592285,46.8799991],[20.0771484,46.8823917],[20.095459,46.8823917],[20.1092773,46.8891055],[20.1540527,46.9307803],[20.1540527,46.9370303],[20.1427246,46.9404971],[20.1264648,46.9423282],[20.1119629,46.9456241],[20.1057129,46.9538028],[20.1118164,46.9617374],[20.2066895,47.0100284],[20.2255859,47.0239444],[20.2716309,47.0269229],[20.2844238,47.0332217],[20.277832,47.0453555],[20.2564941,47.0517032],[20.2311035,47.0513858],[20.2121582,47.0434024],[20.1958008,47.0389346],[20.1889648,47.0579288],[20.1882324,47.0946719],[20.1900879,47.1027286],[20.1935059,47.1093204],[20.1916504,47.1135928],[20.1779785,47.1151798],[20.1644531,47.1183536],[20.1623535,47.1262393],[20.1677246,47.1458194],[20.1771484,47.1597354],[20.2428223,47.1840274],[20.2486816,47.190546],[20.2506348,47.197211],[20.2547852,47.20246],[20.2796875,47.2063663],[20.2845703,47.2114444],[20.2873535,47.2190128],[20.2944336,47.228461],[20.3039551,47.2346866],[20.3239746,47.2412296],[20.3322754,47.2454776],[20.3371582,47.2511661],[20.3453613,47.2656924],[20.3520508,47.2733829],[20.369043,47.2606143],[20.3874512,47.2553897],[20.4069824,47.2555606],[20.4278809,47.2591007],[20.4509277,47.2683292],[20.4609375,47.2815616],[20.4630371,47.2982852],[20.4625488,47.3174991],[20.4597168,47.3208682],[20.4457031,47.325629],[20.4414062,47.3280704],[20.4404297,47.3323428],[20.4418945,47.3432803],[20.4414062,47.347919],[20.4347168,47.3832462],[20.4149414,47.3931339],[20.3902832,47.3963565],[20.375,47.4022891],[20.3830566,47.4202335],[20.390625,47.4240176],[20.4210449,47.4304874],[20.4304199,47.4356632],[20.4428711,47.4470889],[20.4482422,47.4509464],[20.4846191,47.4592471],[20.4980469,47.4678409],[20.503418,47.4887882],[20.5123535,47.4968936],[20.6893555,47.5779483],[20.6953125,47.5955264],[20.6953125,47.601752],[20.7043457,47.6029727],[20.7092285,47.6054874],[20.7124023,47.6096866],[20.7158203,47.6160342],[20.7097168,47.6279483],[20.7199707,47.6343936],[20.75,47.6426944],[20.7633301,47.6553897],[20.7680664,47.6651065],[20.7740723,47.6723819],[20.7915039,47.6775089],[20.8920898,47.6843448],[20.9421387,47.7186221],[20.9484863,47.7283878],[20.9547363,47.73371],[20.9786621,47.7654971],[20.9790039,47.7730655],[21.0339355,47.7799014],[21.034082,47.7860049],[21.0285645,47.8163516],[21.0305176,47.8283145],[21.0243164,47.8208682],[21.0493164,47.8314151],[21.0553223,47.8392276],[21.0583496,47.8550479],[21.0581055,47.8735538],[21.0556641,47.883002],[21.0563965,47.8905704],[21.0651855,47.9034366],[21.0980469,47.9296329],[21.1062012,47.9381778],[21.1115723,47.9519717],[21.1200195,47.9867618],[21.126709,47.9989688],[21.1376953,48.0067813],[21.1812988,48.0263126],[21.1882324,48.0271671],[21.2126465,48.0263126],[21.2226562,48.0289981],[21.226709,48.0351749],[21.2296387,48.0420596],[21.2365723,48.0468204],[21.2529297,48.0475528],[21.2633301,48.0416934],[21.2723633,48.0332706],[21.2843262,48.0263126],[21.298584,48.0240421],[21.3464355,48.0263126]]]}},
{"type":"Feature","properties":{"name":"Soroksari Duna","name_alt":null,"scalerank":6,"min_zoom":5.0},"geometry":{"type":"LineString","coordinates":[[18.9680176,47.0332217],[18.9709473,47.0423526],[18.973877,47.0477237],[18.9753418,47.0537296],[18.9614258,47.0569034],[18.9557129,47.0640323],[18.956543,47.0729434],[18.9618164,47.0816104],[18.9701172,47.0875186],[19.0020996,47.1015079],[18.9765625,47.1234073],[18.9577637,47.1485049],[18.9493652,47.1773135],[18.9543457,47.2107608],[18.9645996,47.2351749],[18.9934082,47.2822452],[19.1008301,47.3956973],[19.104248,47.4053409],[19.1030273,47.4157169],[19.0925293,47.4457462],[19.0851074,47.4583194],[19.073877,47.4671085],[19.0633789,47.4726749]]}},
{"type":"Feature","properties":{"name":"Ferenc Csatorna","name_alt":null,"scalerank":6,"min_zoom":5.0},"geometry":{"type":"LineString","coordinates":[[18.8547363,45.8576114],[18.8866211,45.8597354],[18.8991699,45.8616397],[18.9064941,45.8681827],[18.9034668,45.8759219],[18.8930664,45.8841007],[18.8723145,45.8955264],[18.8813477,45.9028995],[18.8893066,45.9080753],[18.9064941,45.915961],[18.9023438,45.9252383],[18.9007813,45.9314151],[18.9020996,45.936835],[18.9064941,45.9439151],[18.8864746,45.9573917],[18.8836914,45.9702823],[18.8884277,45.9844424],[18.8922363,46.0016544],[18.8954102,46.006171],[18.916748,46.0289249],[18.9169922,46.0363223],[18.9120117,46.0471866],[18.8996582,46.0667667],[18.891748,46.0843448],[18.8880859,46.1045596],[18.8945312,46.1212833],[18.916748,46.1282413],[18.9308105,46.1371524],[18.9389648,46.1570987],[18.9369141,46.1782413],[18.9149414,46.1952579]]}},
{"type":"Feature","properties":{"name":"Tisa","name_alt":null,"scalerank":6,"min_zoom":5.0},"geometry":{"type":"LineString","coordinates":[[20.1788574,46.2608096],[20.1571289,46.2592227],[20.1432129,46.2523135],[20.1310059,46.2362003],[20.1125488,46.2046085],[20.0788574,46.1771182],[20.0632324,46.1591983],[20.0578613,46.1356876],[20.0631348,46.1234805],[20.058252,46.1118839],[20.0478516,46.1019962],[20.0367676,46.0947452],[20.0797363,46.066669],[20.0858398,46.056586],[20.0812012,46.0408878],[20.0693359,46.0300967],[20.0536133,46.0247257],[20.0367676,46.0252139],[20.0450684,46.0122745],[20.056543,46.0037784],[20.0710449,45.9992862],[20.0888672,45.997919],[20.0943848,45.9926212],[20.0974121,45.9795108],[20.098877,45.9473331],[20.104248,45.9356143],[20.1281738,45.9116885],[20.1335449,45.8988712],[20.126123,45.8869083],[20.0932617,45.8732364],[20.0858398,45.8644473],[20.0930176,45.8516788],[20.1096191,45.8421573],[20.1279297,45.8343448],[20.1403809,45.8266055],[20.1491699,45.8107364],[20.1481934,45.7983585],[20.1447754,45.7847354],[20.1466309,45.7651553],[20.1537109,45.7553165],[20.1616211,45.7490909],[20.1621094,45.7424991],[20.1466309,45.7316348],[20.1349121,45.7280948],[20.1032715,45.7222842],[20.092041,45.7173526],[20.0998535,45.6951358],[20.1048828,45.674628],[20.1018066,45.6531436],[20.0858398,45.6279971],[20.0641113,45.6102969],[20.0628906,45.6033878],[20.0821777,45.6006534],[20.1112305,45.6019229],[20.1217285,45.5982608],[20.126123,45.5869815],[20.1219727,45.5815616],[20.1125488,45.5742374],[20.1030273,45.563837],[20.098877,45.5491397],[20.1030273,45.5376163],[20.1129395,45.5271671],[20.2064453,45.4656436],[20.2297363,45.4429874],[20.2019043,45.3952091],[20.2143555,45.3795841],[20.248291,45.355585],[20.263916,45.3405948],[20.2535645,45.3341739],[20.2470703,45.3246524],[20.2419434,45.3145694],[20.2359863,45.3064639],[20.2523438,45.2869815],[20.301416,45.2585635],[20.3117676,45.2341495],[20.3186035,45.2092471],[20.3165527,45.1956729],[20.2888184,45.1836612],[20.2836914,45.1695499],[20.2814941,45.1536319],[20.2775879,45.1420352]]}},
{"type":"Feature","properties":{"name":"Elbe","name_alt":null,"scalerank":5,"min_zoom":4.7},"geometry":{"type":"MultiLineString","coordinates":[[[15.5827637,50.6928165],[15.590332,50.6846378],[15.612793,50.6501651],[15.6174316,50.6409366],[15.6176758,50.6181827],[15.6197754,50.6011417],[15.6257324,50.5876651],[15.6379395,50.5755069],[15.6652832,50.5643985],[15.7013184,50.5553653],[15.7330566,50.5410831],[15.7478027,50.5140323],[15.7434082,50.4983585],[15.7358398,50.4804141],[15.7370605,50.4655216],[15.7663574,50.4578311],[15.7879883,50.4497745],[15.8099609,50.4382999],[15.8111816,50.4360538],[15.8148438,50.4274356],[15.8161621,50.4253116],[15.8842773,50.4044132],[15.9165039,50.3869083],[15.9175631,50.3702258]],[[15.9175631,50.3702258],[15.9179688,50.363837],[15.9179688,50.3706729],[15.9175631,50.3702258]],[[15.9175631,50.3702258],[15.9117676,50.363837],[15.9245605,50.3580997],[15.9321289,50.3563907],[15.9321289,50.3501651],[15.9233398,50.3441837],[15.891748,50.3284366],[15.8820801,50.3196475],[15.864502,50.2949405],[15.8304688,50.2626407],[15.820459,50.2414005],[15.8297363,50.219794],[15.815332,50.1913516],[15.8114258,50.178046],[15.8099609,50.1583926],[15.8112793,50.1372257],[15.807373,50.1251895],[15.7956543,50.1099307],[15.8439941,50.0827091],[15.8439941,50.0752139],[15.8161621,50.0622012],[15.7814941,50.0503604],[15.7782227,50.0485294],[15.6772461,50.0487735],[15.6208496,50.0410831],[15.3837891,50.047919],[15.3632812,50.0446231],[15.3449707,50.038837],[15.3369141,50.0308292],[15.2612305,50.0211856],[15.2438965,50.0232608],[15.2152344,50.0322452],[15.2028809,50.0342471],[15.190332,50.0398135],[15.1703125,50.0662296],[15.1588379,50.0752139],[15.1637207,50.0902042],[15.1615234,50.1050479],[15.1542969,50.1187686],[15.1445312,50.1304385],[15.1390625,50.1338565],[15.1171875,50.1441104],[15.1119629,50.1487003],[15.1019531,50.1599796],[15.0966797,50.1646182],[15.0645996,50.178046],[15.0356445,50.1770694],[14.9731445,50.1646182],[14.8564453,50.1788272],[14.8248535,50.1767764],[14.7905273,50.1707217],[14.7568359,50.1686466],[14.7268066,50.1788272],[14.7070312,50.1748233],[14.6837402,50.1819034],[14.6441895,50.205585],[14.615625,50.2295596],[14.6101074,50.2294376],[14.6053711,50.2389591],[14.5941406,50.2381046],[14.5805664,50.23371],[14.5690918,50.2328555],[14.5645996,50.2372501],[14.5401855,50.2559757],[14.5343262,50.2573917],[14.5331055,50.2581729],[14.5280762,50.271503],[14.5268555,50.277045],[14.5280762,50.2848575],[14.5274902,50.2874698],[14.5246582,50.2880313],[14.5166016,50.2868106],[14.513916,50.2874698],[14.5084473,50.2923038],[14.5031738,50.294501],[14.4899902,50.2949405],[14.4851074,50.297919],[14.4869629,50.3042667],[14.4909668,50.3102481],[14.4934082,50.3123233],[14.4933105,50.3234317],[14.4913574,50.3328799],[14.485498,50.3396182],[14.4729004,50.3427188],[14.4521484,50.3530948],[14.4533691,50.3661563],[14.4599609,50.3804385],[14.4555664,50.3942325],[14.4383789,50.4046573],[14.401123,50.419379],[14.3869629,50.4287296],[14.3753906,50.4453799],[14.3692871,50.4597354],[14.3600098,50.4699161],[14.3392578,50.4737003],[14.3224121,50.4705264],[14.3059082,50.4619815],[14.293457,50.4496524],[14.2885742,50.4352481],[14.2834473,50.4324405],[14.2497559,50.4321475],[14.2416016,50.435126],[14.2396484,50.4424014],[14.2402344,50.4514346],[14.239502,50.459418],[14.2352539,50.4766299],[14.2331543,50.4922549],[14.2275391,50.5066592],[14.212793,50.5202823],[14.1965332,50.5266299],[14.1493164,50.5344424],[14.1303711,50.5345401],[14.0929199,50.5221622],[14.0739746,50.5194766],[14.0545898,50.5276553],[14.0620117,50.5345401],[14.046875,50.5455264],[14.0394531,50.5586612],[14.0349121,50.5718448],[14.027832,50.5829532],[14.0480957,50.5955264],[14.0675293,50.6011417],[14.0746094,50.60871],[14.0583496,50.6270206],[14.0458008,50.6479678],[14.0641113,50.6574893],[14.0932617,50.6621768],[14.1324707,50.676337],[14.157959,50.6767764],[14.182373,50.6806094],[14.1984863,50.6989932],[14.1964355,50.7175967],[14.1882324,50.7372501],[14.1888672,50.7547549],[14.212793,50.7672794],[14.205957,50.7747257],[14.2240234,50.7862003],[14.2321777,50.7935245],[14.239502,50.8020694],[14.2321777,50.810004],[14.2255859,50.8245792],[14.2208496,50.8406436],[14.2189941,50.8532169],[14.2231445,50.8699893],[14.2296387,50.8767764],[14.230127,50.8838565],[14.2159668,50.9016788],[14.2020508,50.9088809],[14.1035156,50.926337],[14.0620117,50.9256046],[14.0650879,50.9347598],[14.0708008,50.9414737],[14.0786133,50.9451846],[14.088623,50.9460635],[14.0694824,50.9595401],[14.0441895,50.9600772],[14.0,50.9534854],[13.9643555,50.9647891],[13.9518066,50.9664981],[13.9084473,50.9640567],[13.8969727,50.9664981],[13.8915039,50.9721133],[13.8864746,50.9885928],[13.8797852,50.9975772],[13.8044434,51.0657901],[13.7919922,51.070502],[13.7788086,51.068378],[13.7653809,51.0641544],[13.7529297,51.0626895],[13.7413574,51.0657901],[13.7197266,51.0745303],[13.690332,51.0769717],[13.688834,51.077385]]]}},
{"type":"Feature","properties":{"name":"Vistula","name_alt":null,"scalerank":5,"min_zoom":4.7},"geometry":{"type":"MultiLineString","coordinates":[[[18.8103027,49.9249942],[18.7782227,49.9162051],[18.7607422,49.898627],[18.7578125,49.8753116],[18.7692871,49.8493106],[18.7984863,49.8137882],[18.8120117,49.7925479],[18.817627,49.7707706],[18.8192383,49.7198428],[18.8280273,49.6956729],[18.8481445,49.685419],[18.8497559,49.6790714],[18.8791504,49.6438663]],[[18.9369141,49.9319034],[18.9447266,49.9276798],[18.9493652,49.9242618],[18.9549805,49.9210147],[18.9618164,49.9181583],[18.9875488,49.9317081],[19.0150391,49.9424991],[19.0458008,49.9496524],[19.0873047,49.9528995],[19.1054688,49.9566104],[19.1119629,49.9591007],[19.1217285,49.9648624],[19.123291,49.966376],[19.1210938,49.9685733],[19.1193848,49.9765079],[19.1210938,49.9923038],[19.1264648,50.0028751],[19.1459961,50.0274112],[19.1433105,50.0294864],[19.1424805,50.0299014],[19.1418457,50.0307071],[19.1398926,50.0342471],[19.1473633,50.0354678],[19.1515137,50.0370548],[19.1549316,50.0389346],[19.1603027,50.0410831],[19.1534668,50.0485294],[19.1593262,50.0540225],[19.1657715,50.058295],[19.1737305,50.0611514],[19.1843262,50.0622012],[19.2060547,50.0616397],[19.2186523,50.063544],[19.229248,50.0690372],[19.2478027,50.0576846],[19.2687012,50.0508975],[19.2901855,50.0479678],[19.3508301,50.0525089],[19.371582,50.0486026],[19.3793945,50.0342471],[19.386377,50.0342471],[19.3932129,50.0394229],[19.4008789,50.0393253],[19.4083496,50.0349796],[19.414209,50.0274112],[19.4204102,50.0274112],[19.4439941,50.0384464],[19.478418,50.037421],[19.5130859,50.0298526],[19.5371094,50.0211856],[19.5619141,50.0083682],[19.5708008,50.0012882],[19.5817871,49.9898624],[19.5960938,49.9821231],[19.6157227,49.9790714],[19.6349121,49.9805362],[19.6469727,49.9864444],[19.6532227,49.9864444],[19.6757812,49.9773624],[19.7053223,49.9759464],[19.766748,49.9796085],[19.7813965,49.9834171],[19.7933594,49.9927921],[19.8016602,50.0051944],[19.8045898,50.0177676],[19.8128906,50.0237491],[19.8535156,50.0381534],[19.8691406,50.0410831],[19.8886719,50.0424991],[19.9274902,50.0547549],[19.958252,50.0547549],[19.9685059,50.0559268],[19.9833008,50.0611514],[19.9890137,50.0622012],[20.0030762,50.0534122],[20.0121094,50.0493839],[20.0162598,50.0516299],[20.0209961,50.0501163],[20.0504395,50.0547549],[20.1073242,50.0444522],[20.119873,50.0485294],[20.1629883,50.040961],[20.2203613,50.0517032],[20.2702637,50.0729434],[20.2906738,50.0963077],[20.3039551,50.0927188],[20.315918,50.0911319],[20.3273926,50.0921573],[20.3390137,50.0963077],[20.3417969,50.1011417],[20.3422852,50.1081729],[20.3452148,50.1146182],[20.3554688,50.117377],[20.3640137,50.1179385],[20.3862305,50.1236026],[20.4172363,50.1353702],[20.5532227,50.1386905],[20.5777832,50.1426456],[20.5991211,50.1509464],[20.6634766,50.1949405],[20.6673828,50.205585],[20.6796875,50.2178897],[20.7120605,50.2278995],[20.7259766,50.2365909],[20.7289063,50.2418887],[20.730127,50.2525089],[20.7335449,50.2573917],[20.7376953,50.2592227],[20.746582,50.2595889],[20.75,50.2608096],[20.7709961,50.2744815],[20.7773438,50.2915714],[20.7839355,50.2977969],[20.8222656,50.2744815],[20.838623,50.2793643],[20.8521973,50.2885196],[20.8654785,50.2940128],[20.8808594,50.2874698],[20.8945312,50.2932315],[20.921875,50.2949405],[20.9311523,50.2983585],[20.940918,50.3067081],[20.9493652,50.3113956],[20.9597168,50.3139102],[21.0339355,50.3154483],[21.0490723,50.3180606],[21.0602051,50.3240909],[21.0695801,50.3309268],[21.0790039,50.3358829],[21.1201172,50.3486514],[21.130127,50.3501651],[21.1449219,50.3463809],[21.1538086,50.3389346],[21.1635742,50.3335147],[21.1812988,50.3358829],[21.1812988,50.3375919],[21.1987305,50.3532901],[21.2058105,50.3566348],[21.2111816,50.3569522],[21.2148438,50.3588321],[21.2160645,50.3672549],[21.2213379,50.372504],[21.2329102,50.376337],[21.244873,50.3831241],[21.2502441,50.3973331],[21.2595215,50.3923526],[21.2663574,50.3920352],[21.2774902,50.3973331],[21.2787109,50.4004092],[21.2774902,50.4052188],[21.277002,50.4096866],[21.2809082,50.4115665],[21.2953125,50.4108341],[21.2987305,50.4115665],[21.3601074,50.4457462],[21.3789062,50.4403751],[21.4042969,50.4439151],[21.429834,50.4534854],[21.448877,50.466254],[21.4389648,50.4821231],[21.4352051,50.4867618],[21.5307617,50.5140323],[21.594873,50.5246036],[21.6132812,50.5345401],[21.6439453,50.5580508],[21.6566406,50.5736026],[21.6617676,50.5928897],[21.6688477,50.6085147],[21.7163086,50.6444034],[21.7450195,50.6747501],[21.7621094,50.6826358],[21.7883301,50.6853214],[21.8062988,50.6914249],[21.8215332,50.7061221],[21.833252,50.7240665],[21.8404785,50.7399356],[21.8486328,50.7792423],[21.8474121,50.8162784],[21.8392578,50.851337],[21.8137207,50.9124698],[21.8119141,50.9218204],[21.8098145,50.9253116],[21.8050781,50.9271915],[21.8004395,50.9297549],[21.7983398,50.9354923],[21.7994629,50.9417667],[21.802002,50.9446964],[21.8045898,50.9466007],[21.8056641,50.9497745],[21.8129883,50.9929874],[21.8099609,51.0125186],[21.7915039,51.0211124],[21.7915039,51.0279483],[21.798584,51.028876],[21.807373,51.0315128],[21.8151855,51.035712],[21.8193359,51.0416202],[21.8154297,51.0551212],[21.8012554,51.077385]]]}},
{"type":"Feature","properties":{"name":"Rhein","name_alt":null,"scalerank":4,"min_zoom":4.0},"geometry":{"type":"LineString","coordinates":[[9.5543457,47.5111758],[9.5839844,47.4810245],[9.6210938,47.469501],[9.6498047,47.4522647],[9.6489258,47.4099796],[9.6391602,47.394794],[9.6004883,47.3615176],[9.5958496,47.3525577],[9.5907227,47.3349063],[9.5868164,47.3280704],[9.5527344,47.3001163],[9.5039062,47.2439639],[9.4868164,47.2102725],[9.484375,47.1765811],[9.4921875,47.1601016],[9.5029297,47.1456241],[9.5112305,47.1296573],[9.5118652,47.1083438],[9.5023438,47.0949893],[9.4869629,47.0842471],[9.4753418,47.0735049],[9.4769531,47.0598819],[9.4846191,47.0431583],[9.4956055,47.0264835],[9.5404297,46.9746768],[9.5458984,46.9643008],[9.5458984,46.9613712],[9.5527344,46.9307803],[9.5322266,46.8874698],[9.4962402,46.8631046],[9.464611,46.8528026]]}},
{"type":"Feature","properties":{"name":"Oder","name_alt":null,"scalerank":4,"min_zoom":4.0},"geometry":{"type":"LineString","coordinates":[[17.6179199,49.7393741],[17.654541,49.7453067],[17.6769043,49.7444522],[17.6867676,49.7359561],[17.6967773,49.7297549],[17.7619629,49.7189395],[17.7912598,49.7003848],[17.8476562,49.6533878],[17.8786621,49.6370303],[17.9232422,49.6255557],[17.9455566,49.6267764],[17.9624023,49.6522891],[17.9798828,49.660712],[18.0157715,49.6717471],[18.1835938,49.7492862],[18.1958008,49.7611758],[18.2008301,49.7776065],[18.2049805,49.7810733],[18.2143555,49.7859073],[18.223877,49.7934024],[18.2280273,49.8049503],[18.223291,49.820502],[18.2246094,49.8290469],[18.2348633,49.8362491],[18.2280273,49.8424014],[18.2438965,49.8523135],[18.2819824,49.8659122],[18.3032227,49.8772159],[18.3163086,49.891962],[18.3334961,49.9227237],[18.3447266,49.9249942],[18.3470703,49.9282413],[18.3486328,49.9310977],[18.3509766,49.9386661],[18.3275391,49.9501407],[18.265625,50.0242862],[18.2458496,50.0421085],[18.239502,50.0506046],[18.2348633,50.0622012],[18.2348633,50.0820499],[18.2315918,50.0918643],[18.2206055,50.0963077],[18.2206055,50.1031436],[18.2252441,50.1040714],[18.2281738,50.1055362],[18.2348633,50.1099307],[18.2280273,50.1099307],[18.262207,50.1850772],[18.262207,50.1924991],[18.2547852,50.1939151],[18.2506348,50.1955753],[18.2472168,50.1973819],[18.2416992,50.199335],[18.2416992,50.205585],[18.2530762,50.21496],[18.2599121,50.2181339],[18.269043,50.219794],[18.269043,50.2260196],[18.2624512,50.2324893],[18.2595215,50.2407901],[18.259668,50.2504337],[18.262207,50.2608096],[18.2485352,50.2619083],[18.2370605,50.2685001],[18.2276855,50.2778995],[18.2150879,50.2940616],[18.1917969,50.3183048],[18.1865234,50.3188663],[18.1808105,50.320502],[18.1162109,50.3834903],[18.1119629,50.3942325],[18.1002441,50.4131046],[18.0226074,50.4457462],[17.9942871,50.4757022],[17.9885254,50.4765079],[17.9824219,50.4845645],[17.9550781,50.5015323],[17.9475098,50.5140323],[17.958252,50.5198428],[17.9597168,50.525336],[17.9569336,50.5313174],[17.9549805,50.5382755],[17.9566895,50.548212],[17.9605957,50.5540714],[17.9647461,50.5580508],[17.9674316,50.5624454],[17.9675293,50.5784366],[17.9640137,50.5924747],[17.9621582,50.6068057],[17.9674316,50.6238956],[17.9503418,50.6310489],[17.9345703,50.6522891],[17.9127441,50.6928165],[17.9035645,50.70246],[17.8786621,50.720087],[17.869873,50.7298526],[17.8591309,50.7468936],[17.8513184,50.7542178],[17.8413086,50.7576358],[17.8034668,50.7610538],[17.7919922,50.765253],[17.7619629,50.7809512],[17.7108398,50.7953555],[17.6879883,50.8046329],[17.6657715,50.8218936],[17.6571289,50.8180606],[17.6493164,50.816962],[17.6410156,50.8182315],[17.6315918,50.8218936],[17.6217285,50.8291202],[17.6174316,50.8369815],[17.6152344,50.8443546],[17.611084,50.8497989],[17.5917969,50.8565128],[17.5715332,50.8558292],[17.5297852,50.8497989],[17.5126953,50.8523624],[17.4951172,50.8591495],[17.479248,50.8679874],[17.4676758,50.8771426],[17.462793,50.8837344],[17.4550781,50.8977725],[17.4472656,50.9050479],[17.435791,50.9100284],[17.4128418,50.914252],[17.4025879,50.9218204],[17.3156738,50.9504581],[17.3112793,50.9619815],[17.3163086,50.9975772],[17.3077637,51.0099551],[17.270166,51.0266788],[17.2617188,51.0385196],[17.2530762,51.0468204],[17.2335449,51.0500674],[17.212793,51.0482852],[17.2001953,51.0416202],[17.1933594,51.0416202],[17.1904297,51.0520206],[17.1826172,51.0563419],[17.1715332,51.0567081],[17.1586914,51.0552921],[17.1686035,51.0724551],[17.1662699,51.077385]]}},
{"type":"Feature","properties":{"name":"Danube","name_alt":null,"scalerank":2,"min_zoom":2.1},"geometry":{"type":"LineString","coordinates":[[17.2064453,48.0611026],[17.2429199,48.0413272],[17.2564941,48.0280948],[17.2617188,48.009296],[17.2722168,48.0055606],[17.3374023,47.9989688],[17.369043,47.9814639],[17.4714355,47.8891055],[17.4814453,47.8829288],[17.4916992,47.8800723],[17.5168457,47.8765323],[17.526123,47.8723819],[17.5598145,47.838251],[17.5720215,47.8297794],[17.5824219,47.8300235],[17.5925293,47.8334415],[17.6037598,47.8344913],[17.6185547,47.8295352],[17.6394043,47.8194522],[17.6578613,47.8075626],[17.6657715,47.7973087],[17.6760254,47.7894229],[17.7414551,47.7656436],[17.8251953,47.7502628],[18.112207,47.7627139],[18.2353516,47.754169],[18.2724609,47.7564639],[18.3473145,47.7769717],[18.552002,47.7931583],[18.5969238,47.7908878],[18.6333008,47.7800967],[18.6630859,47.7761905],[18.6923828,47.7781924],[18.7166992,47.7883487],[18.7497559,47.813837],[18.7670898,47.8225772],[18.7897949,47.8266055],[18.8822266,47.8259464],[18.8980957,47.8237979],[18.9111328,47.8195987],[18.9152832,47.8158633],[18.9227539,47.8059757],[18.9278809,47.8028018],[18.9484863,47.8030948],[19.0138184,47.8289737],[19.0390625,47.8304385],[19.0632324,47.8264835],[19.0859375,47.8172061],[19.1068359,47.8028507],[19.1230469,47.7754581],[19.1283203,47.7363956],[19.1240234,47.6934268],[19.1119629,47.6541202],[19.0544434,47.5403995],[19.0505371,47.506171],[19.0537109,47.4966983],[19.0622559,47.485419],[19.064209,47.4782169],[19.0622559,47.4684512],[19.0527344,47.4540469],[19.0505371,47.4478214],[19.0467773,47.4255557],[19.036377,47.412543],[19.0020996,47.3963077],[18.9743652,47.379462],[18.9525391,47.357001],[18.9349609,47.3284854],[18.920166,47.2932803],[18.9076172,47.2374942],[18.8869629,47.2081973],[18.8813477,47.1896426],[18.8789062,47.1690128],[18.8791504,47.1492374],[18.8891602,47.110419],[18.896875,47.0902774],[18.9030762,47.0816104],[18.9187012,47.0740421],[18.9680176,47.0332217],[18.9666992,47.0237491],[18.9620605,47.0172061],[18.9569336,47.0117374],[18.9543457,47.0053165],[18.9550781,46.9947452],[18.9604492,46.9774844],[18.9669434,46.9358585],[18.9665527,46.9173038],[18.9580078,46.9090518],[18.948877,46.9039249],[18.9389648,46.8917911],[18.9309082,46.8772159],[18.9274902,46.8650089],[18.9260254,46.8352725],[18.9274902,46.8271671],[18.9331055,46.8205753],[18.9505859,46.8071475],[18.9543457,46.8035342],[18.9583984,46.8008487],[18.9753418,46.784003],[18.9785156,46.7799747],[18.9847656,46.7756534],[18.9868164,46.7654971],[18.9875488,46.7539737],[18.9890137,46.7451846],[18.9989258,46.723212],[19.001709,46.7085147],[18.9963379,46.6948917],[18.9815918,46.676337],[18.9528809,46.6561954],[18.8852539,46.6353214],[18.8581543,46.6148624],[18.8771973,46.5911807],[18.9076172,46.5318057],[18.920166,46.4988467],[18.9227539,46.4686954],[18.8989258,46.4143741],[18.8922363,46.3784366],[18.8955078,46.3629092],[18.9100586,46.342963],[18.9133301,46.3306339],[18.9149414,46.1952579],[18.9035645,46.1730411],[18.8723145,46.1834659],[18.8251953,46.1415469],[18.8133789,46.1261661],[18.7940918,46.1167178],[18.7897949,46.1115176],[18.7851562,46.1122501],[18.7751465,46.1029727],[18.7624512,46.0872745],[18.7003418,46.044794],[18.6916504,46.0185001],[18.721582,45.9849307],[18.8061523,45.9236026],[18.8314453,45.8955264],[18.8324219,45.8910587],[18.8305664,45.8795108],[18.8314453,45.8750674],[18.8352051,45.8734805],[18.8413086,45.8739688],[18.8474121,45.8731632],[18.8519531,45.8681827],[18.8539063,45.8592471],[18.8519531,45.8303409],[18.8498535,45.8244815],[18.8461914,45.8202579],[18.8444824,45.8159366],[18.8481445,45.8098331],[18.8635254,45.7987735],[18.8706055,45.7902286],[18.8996582,45.7651553],[18.9042969,45.7500674],[18.9084473,45.7196719],[18.916748,45.7068546],[18.9304199,45.6990909],[18.9476563,45.6923282],[18.9620605,45.683295],[18.9680176,45.6689639],[18.9624023,45.6603458],[18.9348145,45.6336124],[18.9238281,45.6279971],[18.9118652,45.6194522],[18.9077148,45.6006534],[18.9064941,45.5819034],[18.9030762,45.5733096],[18.9115234,45.5684268],[18.931543,45.5457706],[18.9413086,45.539252],[18.9596191,45.5393741],[18.9726562,45.546503],[18.982666,45.5549991],[19.0001465,45.5614688],[19.0086914,45.5657413],[19.0175781,45.5675723],[19.0266113,45.5628116],[19.0327148,45.554877],[19.0358887,45.5497501],[19.0402832,45.5452823],[19.0505371,45.539252],[19.0672852,45.5336368],[19.0817871,45.5314395],[19.0944824,45.5263126],[19.1057129,45.5119083],[19.0765625,45.4918887],[19.0090332,45.4988956],[18.9958496,45.4740665],[19.0024414,45.455585],[19.0310059,45.4341983],[19.0367676,45.4225528],[19.0280762,45.412421],[18.9753418,45.3952091],[18.9882812,45.379462],[19.0031738,45.3664005],[19.0205078,45.3574893],[19.0401855,45.3542667],[19.081543,45.3542667],[19.0913086,45.3502872],[19.0947266,45.3407657],[19.0957031,45.3294132],[19.098291,45.3201358],[19.1242676,45.2984073],[19.1615234,45.2852725],[19.3626953,45.2484805],[19.4067383,45.2489688],[19.4908691,45.2642764],[19.529541,45.2668643],[19.5576172,45.2558048],[19.5716797,45.2365909],[19.5804688,45.2307803],[19.5985352,45.2278507],[19.6581055,45.2344424],[19.6984863,45.2466983],[19.7419434,45.2450626],[19.7849121,45.2374942],[19.810791,45.2278507],[19.817041,45.2317081],[19.8316895,45.2381534],[19.8381348,45.2421329],[19.846582,45.2505557],[19.8556152,45.2650821],[19.8624512,45.2728214],[19.8808594,45.282294],[19.898584,45.2793643],[19.9143066,45.2689151],[19.9274902,45.2558048],[19.9493652,45.2186954],[19.9655762,45.1985538],[19.9855957,45.1897647],[20.0423828,45.177753],[20.0646973,45.1754825],[20.1849609,45.185004],[20.2224121,45.1754825],[20.2569824,45.1567569],[20.2894531,45.1322696],[20.3458496,45.0730655],[20.3569336,45.0344913],[20.333252,45.0105655],[20.3039551,44.9939639],[20.2980957,44.9774844],[20.2906738,44.9774844],[20.3032227,44.9546573],[20.3188477,44.9343936],[20.396875,44.8645694],[20.4084473,44.8570499],[20.4550781,44.8402774],[20.5141602,44.8368594],[20.5458984,44.8397891],[20.5803223,44.8573673],[20.5949707,44.8579776],[20.6236816,44.8546085],[20.636377,44.8494327],[20.6385742,44.8373477],[20.6281738,44.7885928],[20.6279297,44.777045],[20.6333008,44.7652042],[20.6444336,44.7558048],[20.671875,44.7439639],[20.6848145,44.7335147],[20.7203613,44.6962344],[20.7419434,44.6792178],[20.7636719,44.6684024],[20.826416,44.6609561],[20.8832031,44.6726749],[20.989502,44.7168155],[21.0777832,44.7265079],[21.1027832,44.740668],[21.112207,44.7448184],[21.1256348,44.7456241],[21.1508789,44.744086],[21.1638184,44.7478702],[21.1722656,44.7569034],[21.1794434,44.768085],[21.1888672,44.7782657],[21.2224121,44.7966983],[21.2694336,44.8136661],[21.3190918,44.8250674],[21.3601074,44.8266788],[21.3779297,44.8169132],[21.3952637,44.7904727],[21.4116211,44.7851016],[21.496582,44.7782657],[21.5578613,44.7818546],[21.5775391,44.7778995],[21.5949707,44.7661807],[21.6036621,44.7503116],[21.6097656,44.7321964],[21.6191406,44.7141788],[21.6556641,44.6879337],[21.7045898,44.6772647],[21.75625,44.6775089],[21.8011719,44.6841495],[21.837793,44.6954288],[21.8549805,44.6987491],[21.8714844,44.6962344],[21.9618164,44.662543],[21.9937988,44.6588077],[22.0038086,44.6517276],[22.0316406,44.6035831],[22.0393066,44.5770938],[22.0446777,44.5694034],[22.0551758,44.5623721],[22.0665527,44.5574893],[22.0756836,44.5509708],[22.0864258,44.5220401],[22.1037598,44.5098819],[22.126123,44.5029483],[22.1477051,44.5011661],[22.1716309,44.5056339],[22.1845703,44.5153995],[22.2984863,44.6619327],[22.3044434,44.6776065],[22.3192383,44.6856143],[22.3605957,44.6923282],[22.3800293,44.700751],[22.4149414,44.7280948],[22.4255371,44.7339053],[22.4500977,44.7332217],[22.4684082,44.7304141],[22.4831543,44.7242374],[22.5527344,44.6694522],[22.5869141,44.6496036],[22.6206055,44.6377139],[22.6994629,44.630878],[22.7142578,44.6233585],[22.7647949,44.5830753],[22.7587891,44.5648868],[22.7411133,44.5521182],[22.7188965,44.5446231],[22.6994629,44.5421085],[22.6779785,44.5457217],[22.6415039,44.5632999],[22.6206055,44.5694034],[22.5997559,44.570087],[22.579834,44.5657413],[22.5650879,44.5557315],[22.5593262,44.5390079],[22.5561523,44.5216739],[22.5478516,44.5119815],[22.5349121,44.5077579],[22.4999023,44.5066592],[22.4904785,44.504462],[22.4835449,44.5000186],[22.479248,44.490668],[22.4765625,44.4772403],[22.4764648,44.4641788],[22.4794922,44.4560733],[22.5004883,44.4421573],[22.5048828,44.4352481],[22.5058594,44.4278018],[22.503418,44.4119327],[22.5046387,44.4043155],[22.5222168,44.3753116],[22.5487305,44.3492374],[22.5822754,44.3286807],[22.6206055,44.3162296],[22.6620117,44.3119571],[22.6810547,44.3055362],[22.6889648,44.2919376],[22.6847168,44.2439151],[22.6900879,44.2291934],[22.9059082,44.1231143],[22.9421387,44.1117618],[22.9875488,44.1072452],[23.0305176,44.0933292],[23.0395508,44.0626163],[23.0224609,44.0318546],[22.9875488,44.0178897],[22.9657227,44.0157413],[22.9260254,44.0064151],[22.9052734,44.0042178],[22.8854004,43.9947452],[22.8741699,43.9722842],[22.85,43.8972354],[22.8504883,43.8745792],[22.8629395,43.8556583],[22.8881836,43.8397891],[22.9190918,43.8344913],[23.1313477,43.848212],[23.161377,43.8576114],[23.1964355,43.8629825],[23.2338867,43.8775089],[23.326416,43.8870303],[23.3195801,43.8870303],[23.4841309,43.8808048],[23.592041,43.8376651],[23.635498,43.8323917],[23.7202148,43.8460635],[23.7421875,43.842963],[23.7994629,43.8187198],[24.1588379,43.7531924],[24.357666,43.7602725],[24.3749023,43.7641055],[24.4305664,43.794379],[24.4657227,43.8026798],[24.4996582,43.7997501],[24.7050781,43.7439639],[24.7520996,43.7390811],[24.9631348,43.7498721],[25.0810547,43.7191837],[25.2106934,43.7121036],[25.2518555,43.7049014],[25.2881836,43.6892764],[25.3223633,43.6699405],[25.3589844,43.6544864],[25.4025879,43.650336],[25.4253906,43.6546085],[25.4668945,43.6679874],[25.4882812,43.6707706],[25.5333008,43.6689639],[25.5560547,43.6706729],[25.5746094,43.6776065],[25.5933594,43.6809268],[25.6159668,43.6880069],[25.6374512,43.6975772],[25.6530762,43.7083194],[25.6708984,43.7175967],[25.7390137,43.7191837],[25.7805176,43.7322452],[25.8039551,43.7601993],[25.8057617,43.7639346],[25.8387695,43.7886417],[25.86875,43.8011417],[25.9160156,43.8445987],[25.9240723,43.8589053],[25.9334961,43.8705508],[26.0537109,43.9345889],[26.0611328,43.9500186],[26.0788574,43.9692569],[26.1157227,43.9990909],[26.1501465,44.0127139],[26.2308594,44.0277774],[26.3099609,44.0528507],[26.6136719,44.0851505],[26.6472168,44.0936221],[26.6672363,44.0953311],[26.6768555,44.0973575],[26.6967773,44.1063174],[26.708252,44.1083438],[26.7531738,44.1083438],[26.7889648,44.1162296],[26.8835449,44.1568057],[27.0010742,44.1653507],[27.0269531,44.1773135],[27.0996094,44.1447208],[27.2049805,44.129462],[27.2261719,44.1209171],[27.2666016,44.1377628],[27.2922363,44.1514346],[27.4447266,44.1339786],[27.4610352,44.1376407],[27.4816406,44.1456973],[27.4992676,44.1557803],[27.5067383,44.1653507],[27.5158691,44.1725528],[27.56875,44.1954288],[27.6078125,44.2053409],[27.6916504,44.2044132],[27.732666,44.2097354],[27.7530273,44.2186954],[27.7885742,44.2396915],[27.9338379,44.2659366],[27.9672852,44.2803897],[27.9932617,44.3042667],[28.0479492,44.3980655],[28.0570313,44.4057071],[28.0985352,44.4302432],[28.1099609,44.4424503],[28.1087891,44.4577091],[28.1019531,44.4783389],[28.0931641,44.4966495],[28.0858398,44.5045108],[28.0667969,44.5070255],[28.0424805,44.5133731],[28.0201172,44.5221622],[28.0069336,44.5318546],[28.0036621,44.5397403],[28.0150391,44.5431583],[28.0212402,44.5523135],[28.0210938,44.587836],[28.027832,44.5980899],[28.0333984,44.6216495],[28.0344238,44.6308048],[28.0305176,44.6369083],[27.9777832,44.6791446],[27.9600586,44.6862979],[27.9350586,44.6889102],[27.9161133,44.6943546],[27.8984375,44.7079532],[27.8842773,44.7258975],[27.876709,44.744086],[27.8833008,44.7569034],[27.8773438,44.7653262],[27.8632812,44.7699649],[27.8457031,44.7714298],[27.8288574,44.7791202],[27.8183594,44.7959659],[27.8146973,44.8127628],[27.81875,44.820502],[27.8339844,44.830878],[27.859375,44.8550479],[27.8788086,44.8820987],[27.876709,44.9011417],[27.8892578,44.9262149],[27.8942383,44.9569766],[27.8905273,44.9858585],[27.876709,45.0048282],[27.9072266,45.053168],[27.911377,45.0693546],[27.9175781,45.0816104],[27.9449219,45.1128116],[27.9517578,45.1283633],[27.9501953,45.1371524],[27.9411621,45.1533389],[27.9380859,45.1618106],[27.9380859,45.2065616],[27.9416504,45.2242374],[28.0063477,45.3248233],[28.0103516,45.3338077],[28.0180664,45.3431339],[28.0288086,45.3874698],[28.0344238,45.402045],[28.048584,45.4137637],[28.0669922,45.4225528],[28.0871582,45.428046],[28.1066406,45.4299991],[28.1275391,45.4267764],[28.1695313,45.4149844],[28.1851563,45.4156436],[28.1936035,45.4231632],[28.2016602,45.4431339],[28.2124023,45.4504581],[28.2370605,45.452338],[28.2663574,45.4407413],[28.2858398,45.4219913],[28.2807617,45.402045],[28.3103027,45.3480899],[28.3296875,45.3231143],[28.3526367,45.3126895],[28.3697266,45.3095157],[28.4046875,45.2953555],[28.4936523,45.2791202],[28.5765625,45.2483585],[28.7094727,45.2272403],[28.7469727,45.2307315]]}},
{"type":"Feature","properties":{"name":"Donau","name_alt":"Danube","scalerank":2,"min_zoom":2.1},"geometry":{"type":"MultiLineString","coordinates":[[[9.464611,48.1444819],[9.5118652,48.2050967],[9.5185547,48.2118594],[9.5245605,48.2234561],[9.5304199,48.2321231],[9.5389648,48.2390811],[9.5527344,48.2454288],[9.5681152,48.2484805],[9.5848633,48.2484805],[9.6079102,48.2454288],[9.63125,48.2392764],[9.6401367,48.238544],[9.6703125,48.2399356],[9.6837402,48.2387882],[9.6966797,48.2395694],[9.7103516,48.2454288],[9.7436523,48.2727725],[9.7582031,48.2807803],[9.7728516,48.2846133],[9.8195801,48.2870548],[9.8339844,48.2919376],[9.855127,48.3073184],[9.8674316,48.3142764],[9.9095703,48.3266788],[9.9157715,48.3279483],[9.9431152,48.346503],[10.036377,48.433295],[10.0461426,48.4378116],[10.0680176,48.4429385],[10.1757812,48.4514835],[10.1965332,48.4560001],[10.234375,48.4697452],[10.3139648,48.4802921],[10.3701172,48.4981632],[10.3874512,48.5087344],[10.3949219,48.523212],[10.3996582,48.5464542],[10.4120117,48.5614688],[10.4295898,48.5703799],[10.5708008,48.6008487],[10.6085449,48.6159122],[10.6561523,48.6458194],[10.6948242,48.6547305],[10.7092285,48.665961],[10.7219238,48.6795108],[10.7381836,48.6911075],[10.8055664,48.7157657],[10.8840332,48.7330997],[11.3802734,48.7474307],[11.395752,48.7504337],[11.4035645,48.7531192],[11.4309082,48.7716739],[11.4405762,48.7742374],[11.519043,48.7674014],[11.6053711,48.7737491],[11.6481934,48.782001],[11.6835938,48.7941348],[11.7494141,48.8346622],[11.7580566,48.8414981],[11.7661133,48.8493839],[11.7741699,48.8616397],[11.7851562,48.886835],[11.793457,48.8965518],[11.7987305,48.896796],[11.8137207,48.8906924],[11.8205566,48.8916202],[11.8349609,48.9039981],[11.8587891,48.9149844],[11.88125,48.9177432],[11.9587402,48.9166202],[11.965332,48.91767],[11.9702148,48.9214053],[11.9787598,48.9334659],[11.9852539,48.9374454],[11.9997559,48.9379337],[12.0111328,48.9345157],[12.0212402,48.9343936],[12.032959,48.9448917],[12.0158691,48.9533145],[12.001709,48.955878],[11.9981934,48.9598331],[12.0318848,48.9859073],[12.0395508,48.9939639],[12.0388184,49.0049503],[12.032959,49.0275333],[12.1158691,49.0264835],[12.1571289,49.0204532],[12.1905762,49.0064151],[12.2202148,49.0193057],[12.2650391,49.021796],[12.3122559,49.01496],[12.348877,49.0001895],[12.3438965,48.992377],[12.3327637,48.9803409],[12.3285156,48.9722354],[12.4132324,48.9708194],[12.4447266,48.9646671],[12.4584961,48.9660831],[12.4649902,48.9653995],[12.4709473,48.9617374],[12.4725586,48.9572208],[12.4747559,48.9533878],[12.4824219,48.9517764],[12.502832,48.9517764],[12.5065918,48.9505069],[12.5116211,48.9478214],[12.5183105,48.9453799],[12.527002,48.9448917],[12.527002,48.9374454],[12.5175781,48.9379337],[12.5129395,48.9348331],[12.5087642,48.9276066]],[[12.5087642,48.9276066],[12.5065918,48.9238467]],[[17.2064453,48.0611026],[17.1801758,48.0698428],[17.1578613,48.085712],[17.1461426,48.1079776],[17.1518555,48.1361758],[17.1327148,48.144794],[17.0562988,48.1436221],[17.0319824,48.1526065],[17.0102539,48.1665225],[16.9875488,48.1773624],[16.9606934,48.1771915],[16.9506836,48.160712],[16.9470215,48.1566837],[16.9417969,48.155585],[16.9228516,48.1566837],[16.9140625,48.1553409],[16.8646484,48.1369083],[16.7496582,48.1289737],[16.5864258,48.1432559],[16.5495605,48.1550479],[16.4870605,48.1846378],[16.4187012,48.2273135],[16.3933105,48.250751],[16.371582,48.2807803],[16.3520508,48.3296085],[16.3210449,48.3748721],[16.3106934,48.3816592],[16.2973633,48.3850284],[16.282959,48.3860049],[16.2548828,48.3837344],[16.2431641,48.3809757],[16.220459,48.372504],[16.2088867,48.3698184],[16.0941406,48.3593204],[15.9457031,48.3633975],[15.9117676,48.3723819],[15.8768555,48.3950382],[15.8563477,48.4043643],[15.8339844,48.4087589],[15.8111816,48.409003],[15.7630859,48.4028995],[15.7512207,48.4047305],[15.7237793,48.4152286],[15.7101074,48.4177921],[15.6738281,48.4198673],[15.6395508,48.4256534],[15.6083984,48.4271915],[15.5246582,48.4140079],[15.5195312,48.4153018],[15.5125977,48.4218204],[15.5086914,48.4243839],[15.4894043,48.4234073],[15.467041,48.4131534],[15.4291992,48.3880557],[15.4121094,48.3662296],[15.3978516,48.3067081],[15.3840332,48.2807803],[15.3564453,48.2584903],[15.3237305,48.2440128],[15.2407227,48.2255313],[15.1550293,48.218085],[15.1336914,48.2119815],[15.104248,48.1867862],[15.0876465,48.1831241],[15.0788574,48.1861026],[15.0605469,48.1962344],[15.0511719,48.2000186],[15.0277344,48.204169],[15.0039062,48.2050967],[14.987793,48.2091007],[14.9526367,48.2369327],[14.9404297,48.2418887],[14.9293457,48.2438419],[14.8798828,48.2422061],[14.8618164,48.2368839],[14.8469238,48.2273624],[14.8322754,48.2130801],[14.8185059,48.2055118],[14.675293,48.1823184],[14.6544434,48.1865421],[14.6373535,48.1969669],[14.6101074,48.2233341],[14.5970703,48.2330997],[14.5820312,48.2400577],[14.5648438,48.244086],[14.4592285,48.2454288],[14.4427734,48.2488956],[14.3958984,48.2663028],[14.3731934,48.2815128],[14.3426758,48.2938174],[14.3339844,48.3025577],[14.3192383,48.3209171],[14.3077637,48.3279483],[14.2779785,48.3114688],[14.2404785,48.3159854],[14.1682129,48.3353946],[14.152002,48.3329532],[14.1166992,48.3229434],[14.0966797,48.3217227],[14.0624023,48.3247745],[14.0490723,48.3292178],[14.0375,48.3384952],[14.027832,48.3556583],[14.0185547,48.3956973],[14.0109863,48.4128604],[13.9999023,48.4217471],[13.9867188,48.4241397],[13.9584961,48.4234561],[13.9413086,48.4273624],[13.8945312,48.4518497],[13.871582,48.4587589],[13.8239746,48.4612491],[13.8011719,48.4678897],[13.7460938,48.5090518],[13.7262207,48.519794],[13.6728516,48.535712],[13.6576172,48.551337],[13.6411133,48.5593448],[13.6237793,48.5656192],[13.520166,48.5848331],[13.4865723,48.5818546],[13.4245605,48.5818546],[13.4132324,48.5857608],[13.3888184,48.5988956],[13.3798828,48.6016788],[13.3181152,48.6091495],[13.2595215,48.6091495],[13.2350098,48.6179874],[13.1906738,48.6444766],[13.1672363,48.6500919],[13.1154785,48.674335],[13.1114746,48.6841495],[13.0907227,48.6952579],[13.0819336,48.7047061],[13.0861816,48.7063663],[13.0956055,48.7121768],[13.083252,48.7191837],[13.0600586,48.728461],[13.0375,48.7321231],[13.0273438,48.7224307],[13.0213867,48.7182803],[13.0106445,48.724921],[13.0053711,48.7345645],[13.0168457,48.7395206],[13.0299316,48.7429874],[13.0328613,48.7512393],[13.0302734,48.7605655],[13.0273438,48.7674014],[13.016748,48.7825382],[12.9725586,48.8264835],[12.9549805,48.835712],[12.9169922,48.8423038],[12.9112793,48.8456485],[12.8746582,48.8446719],[12.862207,48.8493839],[12.8330078,48.8310733],[12.8212891,48.8282413],[12.8071289,48.8285587],[12.7832031,48.834296],[12.770166,48.835712],[12.7641602,48.8405216],[12.7584473,48.8518253],[12.7540527,48.8643253],[12.7523438,48.8732364],[12.7481934,48.8799014],[12.6778809,48.9047305],[12.6542969,48.9091251],[12.6257324,48.9108341],[12.6169434,48.9090518],[12.5929199,48.8991153],[12.5847168,48.8934268],[12.5753418,48.8901553],[12.5539551,48.9016299],[12.5407715,48.9039981],[12.5407715,48.9108341],[12.5537109,48.91767],[12.5396973,48.9208438],[12.525293,48.9188907],[12.5134277,48.9197452],[12.5087642,48.9276066]],[[12.5087642,48.9276066],[12.5065918,48.9312686]]]}},
{"type":"Feature","properties":{"name":"Bratul Chillia","name_alt":null,"scalerank":2,"min_zoom":2.1},"geometry":{"type":"LineString","coordinates":[[29.6586914,45.2164981],[29.6635742,45.2234561],[29.665918,45.2309024],[29.6644531,45.2381046],[29.6586914,45.2444034],[29.6717773,45.273212],[29.6666016,45.312128],[29.6496582,45.3463809],[29.6276855,45.3611026],[29.6158203,45.3655948],[29.5693359,45.3952091],[29.4300781,45.4306094],[29.3532715,45.4362247],[29.3433594,45.4384219],[29.3324219,45.4424014],[29.3216797,45.4441104],[29.3124023,45.4395694],[29.306543,45.4343936],[29.2987305,45.4291446],[29.2899414,45.4248721],[29.2813477,45.4225528],[29.2603516,45.4223087],[29.244043,45.4244327],[29.2275391,45.4240176],[29.2061523,45.4156436],[29.1911621,45.4065128],[29.1826172,45.3992374],[29.1789551,45.3921085],[29.1738281,45.3892276],[29.1496582,45.388129],[29.1413574,45.3853214],[29.1270508,45.3747745],[29.1098633,45.3693301],[29.069043,45.3611026],[29.0175781,45.3310733],[29.0041504,45.3263614],[28.9819336,45.325751],[28.9732422,45.32392],[28.9660645,45.3201358],[28.9599609,45.3115909],[28.9569336,45.2923038],[28.9523926,45.2853458],[28.9292969,45.2793643],[28.9094238,45.2876651],[28.8931641,45.3000674],[28.8803711,45.3064639],[28.857666,45.3093448],[28.8312988,45.3225284],[28.8156738,45.3263614],[28.7893066,45.3216495],[28.7880859,45.3073917],[28.7896484,45.2923038],[28.7611328,45.2820987],[28.7590332,45.2744327],[28.7619629,45.2653262],[28.7666992,45.2580753],[28.7738281,45.2535342],[28.8021484,45.2444034],[28.790918,45.2352237],[28.7782227,45.2313174],[28.7469727,45.2307315],[28.7547852,45.2221133],[28.7946777,45.2028262],[28.7974609,45.1970889],[28.7954102,45.1903018],[28.7955078,45.1846866],[28.8051758,45.1823184],[28.8088379,45.1843936],[28.8211914,45.1939151],[28.8288574,45.1966007],[28.8473633,45.1964786],[28.8623047,45.1921573],[28.8830566,45.1799991]]}},
{"type":"Feature","properties":{"name":"Bratul Sfântu Gheorghe","name_alt":null,"scalerank":2,"min_zoom":2.1},"geometry":{"type":"LineString","coordinates":[[29.6109375,44.888129],[29.5241211,44.9442081],[29.4560547,44.9703311],[29.4410156,44.9730899],[29.425293,44.9700382],[29.4007813,44.9522647],[29.3949219,44.9495303],[29.3815918,44.9533878],[29.3791504,44.9625186],[29.3836914,44.9737491],[29.3918457,44.98371],[29.3799805,44.9827335],[29.3713379,44.9778995],[29.3649902,44.9725284],[29.3603516,44.9700382],[29.3516602,44.9718692],[29.3428711,44.9806583],[29.3353516,44.98371],[29.3290039,44.9799258],[29.3202148,44.9726749],[29.3125,44.9702335],[29.3071289,44.9900089],[29.3018555,44.9972598],[29.2950195,45.0022647],[29.2881836,45.0048282],[29.2905273,45.0086124],[29.2949219,45.0184268],[29.2861328,45.0198917],[29.282959,45.0221622],[29.2806641,45.0260684],[29.2745117,45.0321719],[29.276123,45.0338809],[29.2792969,45.0363956],[29.2813477,45.0389346],[29.2687988,45.0352237],[29.2174805,45.0398624],[29.2099609,45.0422549],[29.2022461,45.0457706],[29.1962891,45.0498233],[29.1908203,45.0586124],[29.1949219,45.0631778],[29.2061523,45.0656192],[29.2070312,45.0837589],[29.2045898,45.0918643],[29.182373,45.1112735],[29.1687012,45.1167667],[29.1535645,45.1132266],[29.1303711,45.1010196],[29.1303711,45.0935733],[29.1375977,45.0923526],[29.1506348,45.0883243],[29.1583984,45.0873477],[29.1394043,45.0732608],[29.1074219,45.0846622],[29.0522461,45.1146915],[29.0280762,45.118671],[28.962793,45.1405704],[28.93125,45.1591251],[28.8908691,45.1754825],[28.8830566,45.1799991]]}},
{"type":"Feature","properties":{"name":"Bratul Sulina","name_alt":null,"scalerank":2,"min_zoom":2.1},"geometry":{"type":"LineString","coordinates":[[29.6821289,45.1487979],[29.6552734,45.1610049],[29.5800781,45.1688907],[29.5488281,45.1754825],[29.5456543,45.1787296],[29.543457,45.1834659],[29.5395508,45.1878604],[29.5314941,45.1897647],[29.525293,45.1885928],[29.5160156,45.1834659],[29.5109863,45.1823184],[29.5054688,45.1802921],[29.4916992,45.1713321],[29.4836426,45.1692569],[29.0109863,45.1754825],[28.9994141,45.1787784],[28.9802246,45.1933048],[28.9694824,45.1966007],[28.9458008,45.1953311],[28.8908691,45.1823184],[28.8827148,45.1798038]]}},
{"type":"Feature","properties":{"name":"Borcea","name_alt":null,"scalerank":2,"min_zoom":2.1},"geometry":{"type":"LineString","coordinates":[[27.876709,44.744086],[27.8632812,44.7296085],[27.8642578,44.7175479],[27.8970703,44.6826846],[27.8999023,44.6776065],[27.9038086,44.6644962],[27.9077148,44.6587589],[27.9266602,44.6492862],[27.9286133,44.6478946],[27.9369141,44.6453311],[27.9348145,44.6396671],[27.9251953,44.6308048],[27.9251953,44.6204288],[27.9263672,44.6122501],[27.9300781,44.603876],[27.9380859,44.5933292],[27.9287109,44.5877628],[27.923584,44.5822208],[27.9205078,44.5753848],[27.9175781,44.5659854],[27.9222656,44.558295],[27.9250488,44.5518253],[27.9251953,44.5454776],[27.921875,44.5403507],[27.9131836,44.5317569],[27.911377,44.5284366],[27.9067383,44.5246036],[27.8985352,44.5137393],[27.8958984,44.5023135],[27.9077148,44.4970889],[27.9198242,44.4957217],[27.9282227,44.4918155],[27.934082,44.4853702],[27.9380859,44.4766299],[27.9388672,44.4526553],[27.9276367,44.4331241],[27.9085938,44.4199893],[27.8869629,44.4151553],[27.8693848,44.4082706],[27.8555664,44.3923526],[27.8356934,44.3605411],[27.8061523,44.3428409],[27.7339844,44.3353946],[27.697998,44.3263614],[27.6901855,44.3216007],[27.6839844,44.3154483],[27.653418,44.275336],[27.6501465,44.2748477],[27.6401367,44.2700382],[27.4609375,44.2136905],[27.4108398,44.2078311],[27.4032227,44.2034854],[27.3969727,44.1986758],[27.3901367,44.1954288],[27.3792969,44.1943546],[27.3598633,44.1963565],[27.3490234,44.1954288],[27.3275391,44.1854923],[27.2922363,44.1514346]]}},
{"type":"Feature","properties":{"name":"Drau","name_alt":"Drava","scalerank":7,"min_zoom":6.0},"geometry":{"type":"LineString","coordinates":[[16.8779297,46.3140811],[16.8554688,46.3157901],[16.7663574,46.3209171],[16.720459,46.3113956],[16.6056152,46.3158633],[16.5951172,46.3179385],[16.5855957,46.3167667],[16.5161133,46.3014591],[16.4838867,46.3017764],[16.3612305,46.3199405],[16.3587891,46.3206241],[16.3558594,46.3227725],[16.351709,46.3262882],[16.3468262,46.3341739],[16.344873,46.3389835],[16.34375,46.3435245],[16.3432617,46.3468692],[16.3427734,46.3488956],[16.3409668,46.3519229],[16.3302246,46.361835],[16.3249512,46.365546],[16.3182617,46.3687198],[16.2980957,46.3701846],[16.2816406,46.3781192],[16.279541,46.3787784],[16.2666016,46.3852725],[16.251123,46.3904971],[16.1923828,46.3919132],[16.1444336,46.4070499],[16.1276855,46.4031924],[16.1137695,46.3948917],[16.0996094,46.3904971],[16.0858398,46.3918643],[16.0726563,46.3974063],[16.0484863,46.3979678],[15.9671875,46.3782413],[15.9422852,46.382587],[15.9203125,46.3985538],[15.8509766,46.4384219],[15.8288574,46.4545352],[15.7995605,46.4756046],[15.7434082,46.4969424],[15.7265625,46.5076358],[15.7182617,46.521918],[15.7126465,46.5399844],[15.7001953,46.5552432],[15.6750488,46.5627628],[15.6036621,46.5742374],[15.5700684,46.5723331],[15.5339355,46.5650089],[15.4835449,46.5474307],[15.4657227,46.5468936],[15.4540039,46.5557803],[15.4423828,46.5830264],[15.4333496,46.5828799],[15.421875,46.5794132],[15.3946777,46.5903507],[15.3718262,46.59621],[15.3415527,46.5989444],[15.2741699,46.5985782],[15.2468262,46.6009464],[15.2247559,46.6067081],[15.2043457,46.6147647],[15.1854492,46.6179385],[15.1481934,46.6057803],[15.1296387,46.6077823],[15.1100098,46.6131534],[15.0888672,46.6147647],[15.065918,46.6110294],[15.0187988,46.5987491],[14.9987793,46.6014346],[14.9833984,46.6115909],[14.9584961,46.6390323],[14.9393555,46.6518008],[14.9187012,46.6591251],[14.8869629,46.6610049],[14.8574219,46.6713321],[14.8460938,46.6671817],[14.8319336,46.6577335],[14.8110352,46.6491885],[14.7868652,46.6444766],[14.7368164,46.6452823],[14.6671387,46.6428897],[14.6494141,46.6497257],[14.630127,46.6533389],[14.5932617,46.6454532],[14.551416,46.6286075],[14.5200195,46.6104678],[14.5021973,46.594501],[14.4930664,46.5828799],[14.469873,46.5738467],[14.4183594,46.563837],[14.3590332,46.5571475],[14.2460938,46.5564151],[14.2132813,46.5532413],[14.1717773,46.5449405],[14.138916,46.5447452],[14.0991211,46.554462],[14.0260254,46.5946719],[13.9931641,46.6025577],[13.9665527,46.6050967],[13.9249512,46.6185245],[13.8941895,46.6199893],[13.8588867,46.6247745],[13.8263184,46.6391055],[13.7902832,46.6584659],[13.7070312,46.690546],[13.6799316,46.7069034],[13.6593262,46.7231632],[13.6350098,46.7381534],[13.6105957,46.7493839],[13.5741211,46.761835],[13.5419922,46.7803897],[13.4787598,46.8028507],[13.4379883,46.826044],[13.401123,46.8346622],[13.3685547,46.8344913],[13.3571777,46.8240909],[13.3563477,46.8064151],[13.3491211,46.7885928],[13.3226563,46.7741885],[13.2750488,46.7647647],[13.2263184,46.7588077],[13.1738281,46.7474307],[13.1394043,46.7440128],[13.0882813,46.7444034],[13.0249023,46.7483096],[12.9569336,46.7627139],[12.8950195,46.7885928],[12.8382813,46.8159854],[12.7719168,46.8381374],[12.7547765,46.8126159],[12.6918675,46.7841919],[12.6400342,46.77926],[12.6129027,46.7732102],[12.5673866,46.7651016],[12.5206986,46.7545582],[12.4775833,46.7460038],[12.445318,46.7485537],[12.3936848,46.7444937],[12.3289741,46.7337427],[12.2947556,46.7326915]]}}
]
}
