{
  "type": "FeatureCollection",
  "crs": {
    "type": "name",
    "properties": {
      "name": "urn:ogc:def:crs:OGC:1.3:CRS84"
    }
  },
  "features": [
    {
      "type": "Feature",
      "properties": {
        "NAME": "Banat",
        "NAME_LOCAL": "Banat / Bánság / Банат",
        "EMPIRE": "Österreich-Ungarn",
        "NOTE": "Um 1900 zwischen Österreich-Ungarn (RO-Anteil), Serbien und einem Zipfel Ungarns aufgeteilt.",
        "SOURCE": "Natural Earth 10m admin-1 (public domain) dissolved by region"
      },
      "geometry": {
        "type": "Polygon",
        "coordinates": [
          [
            [
              22.4536479,
              45.6400569
            ],
            [
              22.4453797,
              45.6628979
            ],
            [
              22.4536479,
              45.665585
            ],
            [
              22.4573686,
              45.6683756
            ],
            [
              22.4615544,
              45.6738274
            ],
            [
              22.4638798,
              45.6806745
            ],
            [
              22.4682207,
              45.6993814
            ],
            [
              22.4730266,
              45.7089416
            ],
            [
              22.4810881,
              45.719096
            ],
            [
              22.4927153,
              45.7281135
            ],
            [
              22.5327645,
              45.7536933
            ],
            [
              22.5411361,
              45.7612898
            ],
            [
              22.5436166,
              45.7686795
            ],
            [
              22.540826,
              45.7752941
            ],
            [
              22.529819,
              45.7798933
            ],
            [
              22.5225326,
              45.7803584
            ],
            [
              22.5147811,
              45.7788598
            ],
            [
              22.5024821,
              45.774028
            ],
            [
              22.4941105,
              45.7774128
            ],
            [
              22.486049,
              45.7859911
            ],
            [
              22.4672905,
              45.8183664
            ],
            [
              22.4576787,
              45.8306912
            ],
            [
              22.4494104,
              45.8371508
            ],
            [
              22.4219702,
              45.852447
            ],
            [
              22.4125135,
              45.8627048
            ],
            [
              22.4060022,
              45.8774842
            ],
            [
              22.4018164,
              45.8897574
            ],
            [
              22.3988709,
              45.9082059
            ],
            [
              22.3890524,
              45.9246648
            ],
            [
              22.3549459,
              45.9498571
            ],
            [
              22.3367558,
              45.9433459
            ],
            [
              22.3328801,
              45.9406845
            ],
            [
              22.3282292,
              45.9365762
            ],
            [
              22.3221831,
              45.9221068
            ],
            [
              22.3178422,
              45.9183861
            ],
            [
              22.3117961,
              45.916164
            ],
            [
              22.2942778,
              45.9151305
            ],
            [
              22.2571741,
              45.9089035
            ],
            [
              22.2491126,
              45.9061905
            ],
            [
              22.2418262,
              45.9013329
            ],
            [
              22.2357801,
              45.8964237
            ],
            [
              22.2289588,
              45.8927546
            ],
            [
              22.2202255,
              45.8930647
            ],
            [
              22.1955758,
              45.9024698
            ],
            [
              22.1819332,
              45.9044852
            ],
            [
              22.1617277,
              45.9025731
            ],
            [
              22.1460698,
              45.9026765
            ],
            [
              22.131342,
              45.905157
            ],
            [
              22.1207483,
              45.9118749
            ],
            [
              22.1131519,
              45.9182569
            ],
            [
              22.1055555,
              45.9225978
            ],
            [
              22.0891223,
              45.9278429
            ],
            [
              22.0813709,
              45.9317703
            ],
            [
              22.0771851,
              45.9366021
            ],
            [
              22.0743946,
              45.9436559
            ],
            [
              22.0686585,
              45.9491336
            ],
            [
              22.05884,
              45.9525959
            ],
            [
              22.0191525,
              45.9551281
            ],
            [
              22.0014274,
              45.9585904
            ],
            [
              21.9890251,
              45.9663419
            ],
            [
              21.9806535,
              45.9735766
            ],
            [
              21.9698015,
              45.9790543
            ],
            [
              21.9552287,
              45.9821549
            ],
            [
              21.9314576,
              45.9822065
            ],
            [
              21.9195203,
              45.9806562
            ],
            [
              21.9117688,
              45.977659
            ],
            [
              21.9077381,
              45.9725947
            ],
            [
              21.9049475,
              45.9664711
            ],
            [
              21.8981263,
              45.9440952
            ],
            [
              21.8945089,
              45.9388242
            ],
            [
              21.8886178,
              45.935491
            ],
            [
              21.8807113,
              45.9345867
            ],
            [
              21.8585421,
              45.9346642
            ],
            [
              21.8487753,
              45.9368863
            ],
            [
              21.8396285,
              45.9427257
            ],
            [
              21.8324455,
              45.9461364
            ],
            [
              21.8271745,
              45.9464464
            ],
            [
              21.8223686,
              45.9405036
            ],
            [
              21.8209733,
              45.9333465
            ],
            [
              21.8208183,
              45.9252074
            ],
            [
              21.8219035,
              45.9113065
            ],
            [
              21.8201982,
              45.906268
            ],
            [
              21.8160124,
              45.9049503
            ],
            [
              21.8099663,
              45.906914
            ],
            [
              21.8015947,
              45.9142003
            ],
            [
              21.7893474,
              45.927998
            ],
            [
              21.7809241,
              45.9338116
            ],
            [
              21.7694519,
              45.9392634
            ],
            [
              21.7367408,
              45.9496504
            ],
            [
              21.7226331,
              45.9493403
            ],
            [
              21.7143649,
              45.9459297
            ],
            [
              21.7070785,
              45.9395735
            ],
            [
              21.6935909,
              45.9229337
            ],
            [
              21.683514,
              45.9071207
            ],
            [
              21.6776229,
              45.9023923
            ],
            [
              21.6703365,
              45.9017463
            ],
            [
              21.6626884,
              45.9078958
            ],
            [
              21.6575725,
              45.914097
            ],
            [
              21.6513713,
              45.919368
            ],
            [
              21.6386589,
              45.9257759
            ],
            [
              21.634163,
              45.9288765
            ],
            [
              21.6330778,
              45.9333206
            ],
            [
              21.6347832,
              45.9382816
            ],
            [
              21.6381938,
              45.9435009
            ],
            [
              21.6395891,
              45.9490819
            ],
            [
              21.6357133,
              45.9559291
            ],
            [
              21.6268767,
              45.9640164
            ],
            [
              21.6066712,
              45.9758503
            ],
            [
              21.5841919,
              45.9920251
            ],
            [
              21.57396,
              45.9963917
            ],
            [
              21.5631079,
              45.9979162
            ],
            [
              21.5357711,
              45.995229
            ],
            [
              21.5255392,
              45.9974511
            ],
            [
              21.5187179,
              46.0046341
            ],
            [
              21.5167025,
              46.0124889
            ],
            [
              21.5167025,
              46.0203179
            ],
            [
              21.5157723,
              46.0270617
            ],
            [
              21.5072457,
              46.0328494
            ],
            [
              21.4916911,
              46.0366218
            ],
            [
              21.4585148,
              46.0391023
            ],
            [
              21.4416167,
              46.037862
            ],
            [
              21.431023,
              46.034038
            ],
            [
              21.4288526,
              46.0284053
            ],
            [
              21.4288526,
              46.0214031
            ],
            [
              21.4276123,
              46.014711
            ],
            [
              21.4238916,
              46.008329
            ],
            [
              21.4175354,
              46.0034455
            ],
            [
              21.3909737,
              45.9886661
            ],
            [
              21.3686495,
              45.9729048
            ],
            [
              21.3618282,
              45.9707344
            ],
            [
              21.355472,
              45.9721038
            ],
            [
              21.3412093,
              45.9837051
            ],
            [
              21.3306157,
              45.9874258
            ],
            [
              21.3135625,
              45.9875809
            ],
            [
              21.2992998,
              45.9860306
            ],
            [
              21.2881376,
              45.9826199
            ],
            [
              21.2648316,
              45.968874
            ],
            [
              21.2507239,
              45.9689257
            ],
            [
              21.2335157,
              45.9752819
            ],
            [
              21.207109,
              45.993472
            ],
            [
              21.1996676,
              46.0056676
            ],
            [
              21.1984274,
              46.014711
            ],
            [
              21.1959469,
              46.0187934
            ],
            [
              21.1888155,
              46.0204729
            ],
            [
              21.1736227,
              46.0190518
            ],
            [
              21.1634941,
              46.015357
            ],
            [
              21.1548125,
              46.0096467
            ],
            [
              21.1503166,
              46.004169
            ],
            [
              21.1484563,
              45.9984846
            ],
            [
              21.1481462,
              45.9868574
            ],
            [
              21.1464409,
              45.9813797
            ],
            [
              21.1424101,
              45.9768322
            ],
            [
              21.1351237,
              45.9737316
            ],
            [
              21.1245817,
              45.9730598
            ],
            [
              21.1099573,
              45.9753336
            ],
            [
              21.0969348,
              45.9801395
            ],
            [
              21.0839124,
              45.9920767
            ],
            [
              21.081742,
              45.998898
            ],
            [
              21.0839124,
              46.0105252
            ],
            [
              21.0797266,
              46.0153311
            ],
            [
              21.0694947,
              46.0198528
            ],
            [
              21.0478939,
              46.0239094
            ],
            [
              21.0356466,
              46.0233926
            ],
            [
              21.0168881,
              46.0201887
            ],
            [
              21.0082064,
              46.0199303
            ],
            [
              20.946298,
              46.0279918
            ],
            [
              20.9315186,
              46.0314025
            ],
            [
              20.9195813,
              46.0371386
            ],
            [
              20.9060938,
              46.0510137
            ],
            [
              20.8960169,
              46.0706766
            ],
            [
              20.8604635,
              46.0957397
            ],
            [
              20.7189734,
              46.1645727
            ],
            [
              20.7043676,
              46.1685263
            ],
            [
              20.7041932,
              46.1663305
            ],
            [
              20.6988188,
              46.1564603
            ],
            [
              20.6835226,
              46.144678
            ],
            [
              20.6639889,
              46.1377534
            ],
            [
              20.6075582,
              46.1294852
            ],
            [
              20.6001168,
              46.1296402
            ],
            [
              20.5880245,
              46.1328441
            ],
            [
              20.5781027,
              46.1375467
            ],
            [
              20.5489572,
              46.1561502
            ],
            [
              20.509373,
              46.1676741
            ],
            [
              20.4685486,
              46.1741336
            ],
            [
              20.4441573,
              46.1469001
            ],
            [
              20.2832369,
              46.1437995
            ],
            [
              20.242826,
              46.1080911
            ],
            [
              20.1884624,
              46.1403889
            ],
            [
              20.170479,
              46.1455049
            ],
            [
              20.1453642,
              46.1370816
            ],
            [
              20.1380262,
              46.1364615
            ],
            [
              20.1303781,
              46.1393554
            ],
            [
              20.1201461,
              46.1492256
            ],
            [
              20.1147718,
              46.1522228
            ],
            [
              20.098442,
              46.1549617
            ],
            [
              20.0886235,
              46.1541348
            ],
            [
              20.0634054,
              46.1452982
            ],
            [
              20.0349834,
              46.1429727
            ],
            [
              19.9931254,
              46.1594058
            ],
            [
              19.92915,
              46.1635399
            ],
            [
              19.8889458,
              46.1573904
            ],
            [
              19.8736489,
              46.1529924
            ],
            [
              19.8750973,
              46.1521703
            ],
            [
              19.8766993,
              46.1508267
            ],
            [
              19.879128,
              46.1479845
            ],
            [
              19.8799032,
              46.1465376
            ],
            [
              19.8803683,
              46.1444189
            ],
            [
              19.8801616,
              46.1423001
            ],
            [
              19.8777328,
              46.1372875
            ],
            [
              19.8750973,
              46.1343161
            ],
            [
              19.8689478,
              46.1305179
            ],
            [
              19.8595427,
              46.1256086
            ],
            [
              19.8569072,
              46.1240067
            ],
            [
              19.8545817,
              46.122198
            ],
            [
              19.852308,
              46.1195108
            ],
            [
              19.8515328,
              46.1173921
            ],
            [
              19.8514295,
              46.11517
            ],
            [
              19.8517395,
              46.1129479
            ],
            [
              19.8548918,
              46.1029227
            ],
            [
              19.8558737,
              46.1007264
            ],
            [
              19.859336,
              46.0949128
            ],
            [
              19.8598011,
              46.0927941
            ],
            [
              19.8596977,
              46.0906754
            ],
            [
              19.8581991,
              46.0863345
            ],
            [
              19.857889,
              46.0841641
            ],
            [
              19.8580441,
              46.0769811
            ],
            [
              19.8574756,
              46.0713484
            ],
            [
              19.8564938,
              46.068687
            ],
            [
              19.8498792,
              46.0602121
            ],
            [
              19.8488457,
              46.0574474
            ],
            [
              19.8475021,
              46.0517113
            ],
            [
              19.8463652,
              46.0490242
            ],
            [
              19.8439881,
              46.0463887
            ],
            [
              19.8416626,
              46.0446317
            ],
            [
              19.8390271,
              46.0431847
            ],
            [
              19.8305005,
              46.0399808
            ],
            [
              19.827865,
              46.0384305
            ],
            [
              19.8249711,
              46.036105
            ],
            [
              19.8211988,
              46.0323843
            ],
            [
              19.8182532,
              46.0287153
            ],
            [
              19.8157727,
              46.024607
            ],
            [
              19.8142224,
              46.0227984
            ],
            [
              19.8087964,
              46.017579
            ],
            [
              19.8079179,
              46.016313
            ],
            [
              19.8075562,
              46.0153828
            ],
            [
              19.806626,
              46.0097501
            ],
            [
              19.8029053,
              46.0039365
            ],
            [
              19.8024919,
              46.0020503
            ],
            [
              19.8025952,
              45.9971669
            ],
            [
              19.8021302,
              45.995074
            ],
            [
              19.7993913,
              45.9894929
            ],
            [
              19.7991846,
              45.9874258
            ],
            [
              19.8013033,
              45.9756953
            ],
            [
              19.8032154,
              45.9696233
            ],
            [
              19.8039388,
              45.9649466
            ],
            [
              19.8037838,
              45.9625178
            ],
            [
              19.803267,
              45.9601924
            ],
            [
              19.799753,
              45.9512523
            ],
            [
              19.7995463,
              45.9484618
            ],
            [
              19.8003215,
              45.9417439
            ],
            [
              19.8023369,
              45.9385916
            ],
            [
              19.8036288,
              45.9360078
            ],
            [
              19.8061609,
              45.9287214
            ],
            [
              19.8075045,
              45.9255175
            ],
            [
              19.8078146,
              45.9232954
            ],
            [
              19.8072978,
              45.92128
            ],
            [
              19.8065743,
              45.9203498
            ],
            [
              19.8055925,
              45.9195747
            ],
            [
              19.8031637,
              45.9186445
            ],
            [
              19.7975826,
              45.9171459
            ],
            [
              19.7948955,
              45.915699
            ],
            [
              19.7887976,
              45.9119524
            ],
            [
              19.7845602,
              45.9102729
            ],
            [
              19.778204,
              45.9073274
            ],
            [
              19.7719511,
              45.9048727
            ],
            [
              19.7649231,
              45.902444
            ],
            [
              19.7858004,
              45.8808174
            ],
            [
              19.792415,
              45.8731693
            ],
            [
              19.7937586,
              45.8712056
            ],
            [
              19.796239,
              45.8645393
            ],
            [
              19.7972726,
              45.8623689
            ],
            [
              19.7990813,
              45.8600951
            ],
            [
              19.8055925,
              45.8537648
            ],
            [
              19.8069877,
              45.8515685
            ],
            [
              19.8073495,
              45.8495531
            ],
            [
              19.8063676,
              45.8419567
            ],
            [
              19.806626,
              45.8372283
            ],
            [
              19.8072461,
              45.8349545
            ],
            [
              19.8079696,
              45.8334301
            ],
            [
              19.8097783,
              45.8305362
            ],
            [
              19.8109152,
              45.8291926
            ],
            [
              19.8131889,
              45.8277457
            ],
            [
              19.8153593,
              45.8272289
            ],
            [
              19.8178398,
              45.8270739
            ],
            [
              19.8239376,
              45.8270739
            ],
            [
              19.834583,
              45.8279007
            ],
            [
              19.8451766,
              45.8078502
            ],
            [
              19.8488457,
              45.8033802
            ],
            [
              19.8550468,
              45.7981351
            ],
            [
              19.856132,
              45.7966106
            ],
            [
              19.8567522,
              45.7949828
            ],
            [
              19.8568038,
              45.7928124
            ],
            [
              19.8555636,
              45.7873864
            ],
            [
              19.8556153,
              45.7849834
            ],
            [
              19.8561837,
              45.7825288
            ],
            [
              19.8595944,
              45.7757075
            ],
            [
              19.8606279,
              45.7722193
            ],
            [
              19.8747355,
              45.772917
            ],
            [
              19.8789213,
              45.7733304
            ],
            [
              19.8855359,
              45.7745189
            ],
            [
              19.893184,
              45.7751649
            ],
            [
              19.9048629,
              45.7751907
            ],
            [
              19.912356,
              45.7747257
            ],
            [
              19.9159217,
              45.7741572
            ],
            [
              19.9273938,
              45.7710825
            ],
            [
              19.9310629,
              45.770514
            ],
            [
              19.9466175,
              45.769558
            ],
            [
              19.9502865,
              45.7689896
            ],
            [
              19.961707,
              45.7659148
            ],
            [
              19.9712154,
              45.7641837
            ],
            [
              19.9759697,
              45.7627367
            ],
            [
              19.9875452,
              45.7569231
            ],
            [
              19.9923511,
              45.7555537
            ],
            [
              19.9961752,
              45.7550628
            ],
            [
              20.0041333,
              45.7547269
            ],
            [
              20.0525542,
              45.7544427
            ],
            [
              20.0602539,
              45.753745
            ],
            [
              20.0708993,
              45.7517555
            ],
            [
              20.0739482,
              45.7510578
            ],
            [
              20.0780823,
              45.7496109
            ],
            [
              20.0825265,
              45.7476989
            ],
            [
              20.0852653,
              45.7460969
            ],
            [
              20.0893478,
              45.743048
            ],
            [
              20.0945154,
              45.7380354
            ],
            [
              20.0988562,
              45.7346247
            ],
            [
              20.1042823,
              45.7311624
            ],
            [
              20.1110519,
              45.7275451
            ],
            [
              20.1125505,
              45.7262015
            ],
            [
              20.1141525,
              45.7242895
            ],
            [
              20.1033004,
              45.7222741
            ],
            [
              20.0920349,
              45.7173648
            ],
            [
              20.0999414,
              45.6951698
            ],
            [
              20.1049024,
              45.6746284
            ],
            [
              20.1019051,
              45.653131
            ],
            [
              20.0858338,
              45.6279646
            ],
            [
              20.0641297,
              45.6102912
            ],
            [
              20.0629411,
              45.6034183
            ],
            [
              20.0821131,
              45.6006794
            ],
            [
              20.1112586,
              45.6019455
            ],
            [
              20.1217489,
              45.5982506
            ],
            [
              20.1261931,
              45.587011
            ],
            [
              20.1220073,
              45.5815592
            ],
            [
              20.1126022,
              45.5742469
            ],
            [
              20.1031454,
              45.56386
            ],
            [
              20.0988562,
              45.549158
            ],
            [
              20.103042,
              45.5375825
            ],
            [
              20.1129639,
              45.5271955
            ],
            [
              20.2064982,
              45.4656489
            ],
            [
              20.2298043,
              45.4430146
            ],
            [
              20.201899,
              45.3952139
            ],
            [
              20.2143014,
              45.3796077
            ],
            [
              20.2483045,
              45.3555781
            ],
            [
              20.2639624,
              45.3405919
            ],
            [
              20.2536272,
              45.3341582
            ],
            [
              20.2470642,
              45.3246756
            ],
            [
              20.242,
              45.3145729
            ],
            [
              20.2360572,
              45.3064338
            ],
            [
              20.2523869,
              45.2870035
            ],
            [
              20.3014279,
              45.2585298
            ],
            [
              20.3117631,
              45.2341385
            ],
            [
              20.3185844,
              45.2092305
            ],
            [
              20.3165174,
              45.1956912
            ],
            [
              20.2888188,
              45.1836765
            ],
            [
              20.2836512,
              45.169543
            ],
            [
              20.2814807,
              45.1536266
            ],
            [
              20.2778117,
              45.1410176
            ],
            [
              20.2894906,
              45.1322326
            ],
            [
              20.3389966,
              45.0803494
            ],
            [
              20.3515637,
              45.0820661
            ],
            [
              20.3595735,
              45.0817302
            ],
            [
              20.3634493,
              45.0810584
            ],
            [
              20.3677901,
              45.0797148
            ],
            [
              20.3726477,
              45.0778028
            ],
            [
              20.375955,
              45.0762008
            ],
            [
              20.3846883,
              45.0711882
            ],
            [
              20.3937833,
              45.0667182
            ],
            [
              20.3951676,
              45.0651544
            ],
            [
              20.3959021,
              45.0632042
            ],
            [
              20.3960054,
              45.0611113
            ],
            [
              20.3954886,
              45.0590959
            ],
            [
              20.3926981,
              45.0547551
            ],
            [
              20.3917679,
              45.0526622
            ],
            [
              20.3917679,
              45.0502075
            ],
            [
              20.3923881,
              45.0481405
            ],
            [
              20.3965739,
              45.040079
            ],
            [
              20.3974007,
              45.0372626
            ],
            [
              20.3985376,
              45.031449
            ],
            [
              20.3994161,
              45.0286585
            ],
            [
              20.4011667,
              45.0257493
            ],
            [
              20.4039636,
              45.0224056
            ],
            [
              20.4078393,
              45.0193567
            ],
            [
              20.4105265,
              45.0177031
            ],
            [
              20.4243241,
              45.0104684
            ],
            [
              20.4313004,
              45.0070577
            ],
            [
              20.4402921,
              45.0020968
            ],
            [
              20.4425659,
              45.0003656
            ],
            [
              20.444318,
              44.9984073
            ],
            [
              20.4454081,
              44.9963607
            ],
            [
              20.4469067,
              44.9919424
            ],
            [
              20.4479373,
              44.9898038
            ],
            [
              20.4498523,
              44.9873948
            ],
            [
              20.4522294,
              44.9851211
            ],
            [
              20.4578621,
              44.9808061
            ],
            [
              20.4671639,
              44.9745016
            ],
            [
              20.4725382,
              44.9716852
            ],
            [
              20.4755354,
              44.9706258
            ],
            [
              20.4781709,
              44.9700832
            ],
            [
              20.4813749,
              44.9696957
            ],
            [
              20.4906766,
              44.9692822
            ],
            [
              20.4918135,
              44.9689722
            ],
            [
              20.4938806,
              44.9679387
            ],
            [
              20.4959476,
              44.96644
            ],
            [
              20.49739,
              44.9647916
            ],
            [
              20.4983764,
              44.9630036
            ],
            [
              20.4988932,
              44.9606523
            ],
            [
              20.4988415,
              44.958301
            ],
            [
              20.4979113,
              44.9527975
            ],
            [
              20.498118,
              44.9505237
            ],
            [
              20.4988415,
              44.9483533
            ],
            [
              20.5000736,
              44.9464282
            ],
            [
              20.5049393,
              44.9407827
            ],
            [
              20.5073164,
              44.9385864
            ],
            [
              20.5126908,
              44.9344007
            ],
            [
              20.5213724,
              44.9284062
            ],
            [
              20.5269535,
              44.9253573
            ],
            [
              20.5316044,
              44.9237036
            ],
            [
              20.5441101,
              44.9199054
            ],
            [
              20.554342,
              44.9156938
            ],
            [
              20.5591996,
              44.9143502
            ],
            [
              20.5678812,
              44.9124382
            ],
            [
              20.5702583,
              44.9116372
            ],
            [
              20.5731522,
              44.9102678
            ],
            [
              20.5787333,
              44.9068313
            ],
            [
              20.5865881,
              44.9009143
            ],
            [
              20.5930476,
              44.8948165
            ],
            [
              20.5979052,
              44.8906824
            ],
            [
              20.6000756,
              44.8886153
            ],
            [
              20.6016685,
              44.8864059
            ],
            [
              20.6022977,
              44.8843262
            ],
            [
              20.6022977,
              44.8821558
            ],
            [
              20.6016776,
              44.8800887
            ],
            [
              20.6002823,
              44.8780217
            ],
            [
              20.5966133,
              44.8739909
            ],
            [
              20.5949597,
              44.857997
            ],
            [
              20.6236918,
              44.8545864
            ],
            [
              20.6363966,
              44.8494477
            ],
            [
              20.6386263,
              44.8373523
            ],
            [
              20.6281876,
              44.7885698
            ],
            [
              20.6279292,
              44.7770459
            ],
            [
              20.6332989,
              44.7652224
            ],
            [
              20.6445174,
              44.7558069
            ],
            [
              20.6720092,
              44.743973
            ],
            [
              20.684825,
              44.7335344
            ],
            [
              20.7203267,
              44.6961981
            ],
            [
              20.7419791,
              44.6791708
            ],
            [
              20.7636315,
              44.6683704
            ],
            [
              20.7947762,
              44.6646774
            ],
            [
              20.8264701,
              44.660929
            ],
            [
              20.8832108,
              44.6726595
            ],
            [
              20.9895609,
              44.7167912
            ],
            [
              21.0368355,
              44.7220095
            ],
            [
              21.0778759,
              44.7265064
            ],
            [
              21.1028357,
              44.7406915
            ],
            [
              21.1122924,
              44.7447998
            ],
            [
              21.1257283,
              44.745575
            ],
            [
              21.1509464,
              44.7441022
            ],
            [
              21.1638138,
              44.7478229
            ],
            [
              21.1722888,
              44.7568663
            ],
            [
              21.1794718,
              44.7680801
            ],
            [
              21.1888252,
              44.7782345
            ],
            [
              21.2224666,
              44.796683
            ],
            [
              21.2694921,
              44.8136845
            ],
            [
              21.3190498,
              44.8250533
            ],
            [
              21.3597996,
              44.8266572
            ],
            [
              21.3605872,
              44.8264123
            ],
            [
              21.3785706,
              44.8166454
            ],
            [
              21.3959339,
              44.7902387
            ],
            [
              21.4121603,
              44.7848127
            ],
            [
              21.4972197,
              44.7780431
            ],
            [
              21.5584046,
              44.7816605
            ],
            [
              21.5780416,
              44.7776814
            ],
            [
              21.5956116,
              44.7659508
            ],
            [
              21.6042933,
              44.7499828
            ],
            [
              21.6102877,
              44.7319477
            ],
            [
              21.6196928,
              44.7139127
            ],
            [
              21.6562797,
              44.687661
            ],
            [
              21.7051656,
              44.6770674
            ],
            [
              21.7568421,
              44.6772741
            ],
            [
              21.8016972,
              44.6838887
            ],
            [
              21.8382841,
              44.6952058
            ],
            [
              21.8554407,
              44.6984614
            ],
            [
              21.8719772,
              44.6959809
            ],
            [
              21.9624109,
              44.6622879
            ],
            [
              21.994347,
              44.6585672
            ],
            [
              22.0042688,
              44.6515392
            ],
            [
              22.0321741,
              44.6033251
            ],
            [
              22.0342429,
              44.5961682
            ],
            [
              22.0589289,
              44.5993704
            ],
            [
              22.0888123,
              44.6032468
            ],
            [
              22.1022998,
              44.6020324
            ],
            [
              22.1270012,
              44.5970198
            ],
            [
              22.1389384,
              44.5965547
            ],
            [
              22.1499455,
              44.5976916
            ],
            [
              22.1611076,
              44.6018257
            ],
            [
              22.1690141,
              44.608957
            ],
            [
              22.1739751,
              44.6214627
            ],
            [
              22.1727348,
              44.6338651
            ],
            [
              22.168239,
              44.6474301
            ],
            [
              22.1607976,
              44.6643542
            ],
            [
              22.1598674,
              44.67748
            ],
            [
              22.1617277,
              44.6905024
            ],
            [
              22.1652934,
              44.7022071
            ],
            [
              22.1721147,
              44.7171158
            ],
            [
              22.1828634,
              44.7339106
            ],
            [
              22.2056527,
              44.7612991
            ],
            [
              22.2141793,
              44.7775772
            ],
            [
              22.2189852,
              44.7908581
            ],
            [
              22.2189852,
              44.7989713
            ],
            [
              22.2219308,
              44.8061543
            ],
            [
              22.2280286,
              44.8112186
            ],
            [
              22.2430664,
              44.8134923
            ],
            [
              22.2534534,
              44.8120454
            ],
            [
              22.2626001,
              44.8083247
            ],
            [
              22.2970683,
              44.7838817
            ],
            [
              22.3037346,
              44.7801869
            ],
            [
              22.311176,
              44.7778614
            ],
            [
              22.3214079,
              44.7771121
            ],
            [
              22.3541708,
              44.7777064
            ],
            [
              22.3628524,
              44.7762853
            ],
            [
              22.3699838,
              44.7730814
            ],
            [
              22.376805,
              44.7688181
            ],
            [
              22.3834713,
              44.7581469
            ],
            [
              22.3878121,
              44.753651
            ],
            [
              22.3955636,
              44.7510155
            ],
            [
              22.4064673,
              44.7503437
            ],
            [
              22.4211951,
              44.7521007
            ],
            [
              22.4317371,
              44.7582502
            ],
            [
              22.441814,
              44.7694123
            ],
            [
              22.4515808,
              44.7915299
            ],
            [
              22.4669804,
              44.8393306
            ],
            [
              22.4917851,
              44.8845991
            ],
            [
              22.5336947,
              44.9342343
            ],
            [
              22.5447018,
              44.9577213
            ],
            [
              22.5502828,
              44.9734567
            ],
            [
              22.5536935,
              44.9868668
            ],
            [
              22.5549337,
              44.9974088
            ],
            [
              22.5586544,
              45.009191
            ],
            [
              22.5666126,
              45.0239188
            ],
            [
              22.5988587,
              45.0602473
            ],
            [
              22.6410783,
              45.09239
            ],
            [
              22.6465043,
              45.1135774
            ],
            [
              22.6413884,
              45.1216906
            ],
            [
              22.6345671,
              45.12753
            ],
            [
              22.6251103,
              45.1296487
            ],
            [
              22.5872315,
              45.1310699
            ],
            [
              22.5745191,
              45.1342996
            ],
            [
              22.5660958,
              45.1388472
            ],
            [
              22.5625301,
              45.146857
            ],
            [
              22.5645455,
              45.1569339
            ],
            [
              22.5726587,
              45.1707574
            ],
            [
              22.6010291,
              45.1977066
            ],
            [
              22.6691386,
              45.2404689
            ],
            [
              22.6699138,
              45.259615
            ],
            [
              22.6722392,
              45.2669014
            ],
            [
              22.6770968,
              45.2754796
            ],
            [
              22.6986459,
              45.2986307
            ],
            [
              22.7042269,
              45.3067956
            ],
            [
              22.7063973,
              45.3142886
            ],
            [
              22.7068624,
              45.3223243
            ],
            [
              22.7040719,
              45.3316002
            ],
            [
              22.6981808,
              45.3420906
            ],
            [
              22.6846932,
              45.3555264
            ],
            [
              22.6774069,
              45.3650866
            ],
            [
              22.6753398,
              45.3739491
            ],
            [
              22.6787504,
              45.3804345
            ],
            [
              22.6912045,
              45.393612
            ],
            [
              22.6963204,
              45.4036889
            ],
            [
              22.6980258,
              45.4130165
            ],
            [
              22.69415,
              45.4296563
            ],
            [
              22.6946151,
              45.4404825
            ],
            [
              22.6935299,
              45.4514379
            ],
            [
              22.6902743,
              45.4632201
            ],
            [
              22.6784404,
              45.4925465
            ],
            [
              22.6686735,
              45.506525
            ],
            [
              22.6533256,
              45.5202192
            ],
            [
              22.6202527,
              45.5384352
            ],
            [
              22.6010291,
              45.5467809
            ],
            [
              22.5886267,
              45.5544549
            ],
            [
              22.5825806,
              45.5623355
            ],
            [
              22.5760694,
              45.5670897
            ],
            [
              22.5657858,
              45.5686142
            ],
            [
              22.556484,
              45.5672965
            ],
            [
              22.5479574,
              45.5673481
            ],
            [
              22.5423763,
              45.5700353
            ],
            [
              22.5411361,
              45.5780452
            ],
            [
              22.5429965,
              45.5855382
            ],
            [
              22.5423763,
              45.592437
            ],
            [
              22.5374154,
              45.5973205
            ],
            [
              22.5228426,
              45.6003694
            ],
            [
              22.5110087,
              45.6014029
            ],
            [
              22.496746,
              45.6049169
            ],
            [
              22.4834135,
              45.6115315
            ],
            [
              22.4536479,
              45.6400569
            ]
          ]
        ]
      }
    },
    {
      "type": "Feature",
      "properties": {
        "NAME": "Bukowina",
        "NAME_LOCAL": "Bucovina / Буковина",
        "EMPIRE": "Österreich-Ungarn",
        "NOTE": "Um 1900 habsburgisches Kronland; 1918 geteilt zwischen Rumänien (Süden) und der Ukraine (Norden, heute Oblast Czernowitz).",
        "SOURCE": "Natural Earth 10m admin-1 (public domain) dissolved by region"
      },
      "geometry": {
        "type": "Polygon",
        "coordinates": [
          [
            [
              26.119419,
              47.9174889
            ],
            [
              26.1025304,
              47.9782671
            ],
            [
              26.1257227,
              47.9784162
            ],
            [
              26.1730583,
              47.993144
            ],
            [
              26.1826701,
              48.0032726
            ],
            [
              26.2047876,
              48.037379
            ],
            [
              26.2170866,
              48.0480244
            ],
            [
              26.2432349,
              48.0629072
            ],
            [
              26.2553272,
              48.0723382
            ],
            [
              26.2707268,
              48.093603
            ],
            [
              26.2869532,
              48.1247122
            ],
            [
              26.2974952,
              48.1563382
            ],
            [
              26.2961516,
              48.1789983
            ],
            [
              26.3034896,
              48.2120454
            ],
            [
              26.3117579,
              48.20972
            ],
            [
              26.330258,
              48.2085056
            ],
            [
              26.3473112,
              48.2120971
            ],
            [
              26.3804875,
              48.2232075
            ],
            [
              26.3974374,
              48.2262047
            ],
            [
              26.4446696,
              48.2277292
            ],
            [
              26.4613094,
              48.2303905
            ],
            [
              26.5873999,
              48.2493558
            ],
            [
              26.617889,
              48.2589676
            ],
            [
              26.6186125,
              48.2671841
            ],
            [
              26.6251237,
              48.2828938
            ],
            [
              26.6360791,
              48.2948827
            ],
            [
              26.6691004,
              48.3088095
            ],
            [
              26.6740096,
              48.3217028
            ],
            [
              26.6797974,
              48.3301777
            ],
            [
              26.6994344,
              48.3251134
            ],
            [
              26.7129737,
              48.3149073
            ],
            [
              26.723619,
              48.3025825
            ],
            [
              26.735918,
              48.2918338
            ],
            [
              26.7545732,
              48.2861494
            ],
            [
              26.7743653,
              48.2871829
            ],
            [
              26.7857341,
              48.2941076
            ],
            [
              26.7900749,
              48.3070525
            ],
            [
              26.7893514,
              48.3259402
            ],
            [
              26.7840804,
              48.3451639
            ],
            [
              26.7781893,
              48.3572045
            ],
            [
              26.7775175,
              48.3661704
            ],
            [
              26.7880595,
              48.375963
            ],
            [
              26.7935889,
              48.3762731
            ],
            [
              26.8100737,
              48.3718806
            ],
            [
              26.8169467,
              48.3717256
            ],
            [
              26.8256283,
              48.3777717
            ],
            [
              26.8284188,
              48.3851356
            ],
            [
              26.8319328,
              48.3913626
            ],
            [
              26.8427849,
              48.3937397
            ],
            [
              26.8759611,
              48.3839987
            ],
            [
              26.908724,
              48.3652402
            ],
            [
              26.9432439,
              48.3512617
            ],
            [
              26.981071,
              48.35568
            ],
            [
              26.9905795,
              48.3623721
            ],
            [
              26.9978142,
              48.3615453
            ],
            [
              27.0046355,
              48.3587548
            ],
            [
              27.0155909,
              48.3594007
            ],
            [
              27.0276831,
              48.3577471
            ],
            [
              27.0330575,
              48.3602017
            ],
            [
              27.0318173,
              48.3652402
            ],
            [
              27.02851,
              48.3707954
            ],
            [
              27.0277865,
              48.3747745
            ],
            [
              27.0281999,
              48.3813891
            ],
            [
              27.0254094,
              48.389864
            ],
            [
              27.0263396,
              48.3970987
            ],
            [
              27.0373983,
              48.3996825
            ],
            [
              27.0480437,
              48.3976671
            ],
            [
              27.0688176,
              48.3888821
            ],
            [
              27.1757878,
              48.3618037
            ],
            [
              27.2085507,
              48.3606151
            ],
            [
              27.2464812,
              48.3737409
            ],
            [
              27.25193,
              48.37831
            ],
            [
              27.3060124,
              48.4236604
            ],
            [
              27.3421859,
              48.4361144
            ],
            [
              27.3614095,
              48.4328071
            ],
            [
              27.3898316,
              48.4150046
            ],
            [
              27.4034742,
              48.4114906
            ],
            [
              27.4202173,
              48.4171492
            ],
            [
              27.4808855,
              48.4514106
            ],
            [
              27.5038298,
              48.4723654
            ],
            [
              27.5035722,
              48.4727005
            ],
            [
              27.4943738,
              48.482209
            ],
            [
              27.4728247,
              48.5471662
            ],
            [
              27.458407,
              48.5773194
            ],
            [
              27.4382015,
              48.6025375
            ],
            [
              27.4097278,
              48.6207276
            ],
            [
              27.3704021,
              48.6297193
            ],
            [
              27.3587749,
              48.6244484
            ],
            [
              27.3451323,
              48.6076277
            ],
            [
              27.3350037,
              48.6017882
            ],
            [
              27.3218262,
              48.6008581
            ],
            [
              27.3126278,
              48.6048371
            ],
            [
              27.3044629,
              48.6108833
            ],
            [
              27.2946961,
              48.6160509
            ],
            [
              27.2548019,
              48.6211669
            ],
            [
              27.2343897,
              48.6184797
            ],
            [
              27.2360433,
              48.6055089
            ],
            [
              27.2455001,
              48.6009356
            ],
            [
              27.255422,
              48.5998504
            ],
            [
              27.2617782,
              48.5957421
            ],
            [
              27.260538,
              48.5819445
            ],
            [
              27.255577,
              48.5744514
            ],
            [
              27.2475672,
              48.5704206
            ],
            [
              27.2374903,
              48.5688187
            ],
            [
              27.2264315,
              48.5682761
            ],
            [
              27.2141325,
              48.5701364
            ],
            [
              27.1921184,
              48.5797224
            ],
            [
              27.1814213,
              48.5819445
            ],
            [
              27.1469532,
              48.5819445
            ],
            [
              27.1413204,
              48.5790506
            ],
            [
              27.1294348,
              48.5653564
            ],
            [
              27.1227686,
              48.5608088
            ],
            [
              27.1133635,
              48.5593102
            ],
            [
              27.070007,
              48.5626692
            ],
            [
              27.0498531,
              48.5673459
            ],
            [
              27.0377092,
              48.5682761
            ],
            [
              27.0318181,
              48.5662607
            ],
            [
              27.0276323,
              48.5626175
            ],
            [
              27.0233948,
              48.5608605
            ],
            [
              27.0172453,
              48.5645554
            ],
            [
              27.0036027,
              48.5751232
            ],
            [
              26.9670675,
              48.5807043
            ],
            [
              26.94526,
              48.581376
            ],
            [
              26.9247445,
              48.5751232
            ],
            [
              26.9097067,
              48.5630826
            ],
            [
              26.8990613,
              48.5518171
            ],
            [
              26.8849536,
              48.5435489
            ],
            [
              26.8592705,
              48.540345
            ],
            [
              26.8414421,
              48.5462877
            ],
            [
              26.8279545,
              48.5613256
            ],
            [
              26.8226319,
              48.581221
            ],
            [
              26.8291948,
              48.6017882
            ],
            [
              26.8187561,
              48.6066458
            ],
            [
              26.8080591,
              48.6091263
            ],
            [
              26.7975688,
              48.6079377
            ],
            [
              26.7875952,
              48.6017882
            ],
            [
              26.7830994,
              48.5934683
            ],
            [
              26.7893006,
              48.5784305
            ],
            [
              26.7875952,
              48.5682761
            ],
            [
              26.7727641,
              48.5509903
            ],
            [
              26.7594316,
              48.5505769
            ],
            [
              26.7497164,
              48.5616098
            ],
            [
              26.7459957,
              48.5785338
            ],
            [
              26.7406214,
              48.5889208
            ],
            [
              26.7289425,
              48.595122
            ],
            [
              26.7172119,
              48.5947602
            ],
            [
              26.7118376,
              48.5853551
            ],
            [
              26.7161267,
              48.5777587
            ],
            [
              26.7348853,
              48.5638577
            ],
            [
              26.7391744,
              48.5577082
            ],
            [
              26.7341101,
              48.5411718
            ],
            [
              26.7218112,
              48.5351773
            ],
            [
              26.7062049,
              48.5361592
            ],
            [
              26.6913737,
              48.540345
            ],
            [
              26.6548902,
              48.5587934
            ],
            [
              26.6328243,
              48.5624108
            ],
            [
              26.6125672,
              48.5508869
            ],
            [
              26.6144275,
              48.5401899
            ],
            [
              26.6332377,
              48.5334203
            ],
            [
              26.6709099,
              48.5267024
            ],
            [
              26.6884282,
              48.5183825
            ],
            [
              26.7051713,
              48.506962
            ],
            [
              26.7089954,
              48.4968851
            ],
            [
              26.687653,
              48.4925443
            ],
            [
              26.6540633,
              48.491304
            ],
            [
              26.643573,
              48.4925443
            ],
            [
              26.6393356,
              48.4965492
            ],
            [
              26.6345813,
              48.5033446
            ],
            [
              26.627295,
              48.5083572
            ],
            [
              26.6156678,
              48.5068328
            ],
            [
              26.6069861,
              48.4923376
            ],
            [
              26.6218689,
              48.4582569
            ],
            [
              26.6057459,
              48.4515907
            ],
            [
              26.5831633,
              48.4529084
            ],
            [
              26.5663684,
              48.4573526
            ],
            [
              26.5528292,
              48.4657759
            ],
            [
              26.5399101,
              48.4789017
            ],
            [
              26.5222368,
              48.5069103
            ],
            [
              26.5152605,
              48.5148685
            ],
            [
              26.4890605,
              48.5304231
            ],
            [
              26.4705603,
              48.5380712
            ],
            [
              26.4223979,
              48.5297513
            ],
            [
              26.4040011,
              48.5341438
            ],
            [
              26.38054,
              48.5170906
            ],
            [
              26.3550118,
              48.5101142
            ],
            [
              26.3265898,
              48.5115612
            ],
            [
              26.294137,
              48.5198811
            ],
            [
              26.2690223,
              48.5301647
            ],
            [
              26.2567233,
              48.5334203
            ],
            [
              26.2388949,
              48.5341438
            ],
            [
              26.1808623,
              48.5267024
            ],
            [
              26.1494947,
              48.5395698
            ],
            [
              26.1445337,
              48.567966
            ],
            [
              26.145774,
              48.5963622
            ],
            [
              26.1330616,
              48.6092296
            ],
            [
              26.1048979,
              48.61109
            ],
            [
              26.1023141,
              48.6065683
            ],
            [
              26.1023141,
              48.5921764
            ],
            [
              26.1058281,
              48.5808593
            ],
            [
              26.1138896,
              48.5704206
            ],
            [
              26.1296509,
              48.5546077
            ],
            [
              26.1172486,
              48.5419469
            ],
            [
              26.0991101,
              48.5407584
            ],
            [
              26.0797832,
              48.5472954
            ],
            [
              26.0641769,
              48.5577082
            ],
            [
              26.0526014,
              48.5717126
            ],
            [
              26.0516195,
              48.5830555
            ],
            [
              26.0607662,
              48.6160509
            ],
            [
              26.0607662,
              48.6092296
            ],
            [
              26.0623165,
              48.6283499
            ],
            [
              26.0585958,
              48.6418891
            ],
            [
              26.049139,
              48.6476511
            ],
            [
              26.0334294,
              48.6433878
            ],
            [
              26.0289335,
              48.6377034
            ],
            [
              26.0247478,
              48.6213736
            ],
            [
              26.0197868,
              48.6160509
            ],
            [
              26.01033,
              48.6154825
            ],
            [
              25.9856287,
              48.6235182
            ],
            [
              25.9737948,
              48.616361
            ],
            [
              25.9602039,
              48.5964139
            ],
            [
              25.9440808,
              48.5887658
            ],
            [
              25.9278544,
              48.5868537
            ],
            [
              25.911628,
              48.5881457
            ],
            [
              25.8630005,
              48.6008064
            ],
            [
              25.8625871,
              48.6035452
            ],
            [
              25.8633623,
              48.6126403
            ],
            [
              25.8595899,
              48.6187381
            ],
            [
              25.8385576,
              48.6365665
            ],
            [
              25.8209876,
              48.6450931
            ],
            [
              25.8088953,
              48.6610611
            ],
            [
              25.7935474,
              48.6700528
            ],
            [
              25.7665723,
              48.6576505
            ],
            [
              25.7600094,
              48.6488138
            ],
            [
              25.7574772,
              48.6396929
            ],
            [
              25.7533431,
              48.6325874
            ],
            [
              25.7423361,
              48.6297193
            ],
            [
              25.7311739,
              48.6351712
            ],
            [
              25.7230091,
              48.6590457
            ],
            [
              25.7150509,
              48.6644717
            ],
            [
              25.6711776,
              48.6672623
            ],
            [
              25.6488017,
              48.6714481
            ],
            [
              25.6361927,
              48.6781143
            ],
            [
              25.5985205,
              48.6583223
            ],
            [
              25.5863766,
              48.6507258
            ],
            [
              25.5770748,
              48.6432844
            ],
            [
              25.5724239,
              48.6385302
            ],
            [
              25.5671529,
              48.630572
            ],
            [
              25.5654476,
              48.625301
            ],
            [
              25.5649825,
              48.6209602
            ],
            [
              25.567308,
              48.6090746
            ],
            [
              25.5776949,
              48.5807559
            ],
            [
              25.6044117,
              48.5323868
            ],
            [
              25.6058069,
              48.5215864
            ],
            [
              25.6003809,
              48.4325996
            ],
            [
              25.593818,
              48.4069422
            ],
            [
              25.5899423,
              48.398829
            ],
            [
              25.5851363,
              48.3928604
            ],
            [
              25.5803304,
              48.3899665
            ],
            [
              25.5750594,
              48.3883646
            ],
            [
              25.5693234,
              48.3883129
            ],
            [
              25.5637423,
              48.3889847
            ],
            [
              25.5549056,
              48.3916202
            ],
            [
              25.5451388,
              48.3955734
            ],
            [
              25.5247783,
              48.4009219
            ],
            [
              25.5131511,
              48.4028856
            ],
            [
              25.4928422,
              48.4037125
            ],
            [
              25.447367,
              48.4000434
            ],
            [
              25.4066976,
              48.3915168
            ],
            [
              25.3696456,
              48.3801997
            ],
            [
              25.2926477,
              48.3402021
            ],
            [
              25.1961162,
              48.2568481
            ],
            [
              25.1878996,
              48.2524039
            ],
            [
              25.1767375,
              48.2495875
            ],
            [
              25.1623198,
              48.2443165
            ],
            [
              25.147747,
              48.2366942
            ],
            [
              25.1408741,
              48.23194
            ],
            [
              25.1363782,
              48.2275992
            ],
            [
              25.1346729,
              48.2239818
            ],
            [
              25.1334327,
              48.2200028
            ],
            [
              25.1328125,
              48.2157136
            ],
            [
              25.1325025,
              48.2072387
            ],
            [
              25.1332776,
              48.2033113
            ],
            [
              25.1342078,
              48.1996939
            ],
            [
              25.1359131,
              48.1964125
            ],
            [
              25.1399439,
              48.1899787
            ],
            [
              25.1413391,
              48.1864131
            ],
            [
              25.140409,
              48.1817105
            ],
            [
              25.1369983,
              48.1792817
            ],
            [
              25.1317273,
              48.1782482
            ],
            [
              25.1256812,
              48.1778865
            ],
            [
              25.1169995,
              48.1750701
            ],
            [
              25.1063025,
              48.1694632
            ],
            [
              25.0544711,
              48.1285871
            ],
            [
              25.0507504,
              48.1265459
            ],
            [
              25.0464095,
              48.1250215
            ],
            [
              25.0275993,
              48.1215333
            ],
            [
              25.0173674,
              48.1185878
            ],
            [
              25.0006242,
              48.1103454
            ],
            [
              24.9934929,
              48.1050744
            ],
            [
              24.9891521,
              48.1001651
            ],
            [
              24.9880668,
              48.0962377
            ],
            [
              24.9846562,
              48.0788744
            ],
            [
              24.9796953,
              48.0706579
            ],
            [
              24.9345301,
              48.0134521
            ],
            [
              24.9309644,
              48.0060106
            ],
            [
              24.9281739,
              47.9969673
            ],
            [
              24.9277088,
              47.99366
            ],
            [
              24.9275537,
              47.9896292
            ],
            [
              24.9317395,
              47.9710257
            ],
            [
              24.9329798,
              47.9547218
            ],
            [
              24.9348401,
              47.9474096
            ],
            [
              24.9430567,
              47.9308731
            ],
            [
              24.9452271,
              47.9279276
            ],
            [
              24.9478626,
              47.9251629
            ],
            [
              24.9629004,
              47.9124763
            ],
            [
              24.9652259,
              47.9096858
            ],
            [
              24.9672412,
              47.9066627
            ],
            [
              24.9684815,
              47.903097
            ],
            [
              24.9694117,
              47.8993247
            ],
            [
              24.9694117,
              47.8781632
            ],
            [
              24.9703418,
              47.8743908
            ],
            [
              24.9729773,
              47.8675178
            ],
            [
              24.9809355,
              47.8551671
            ],
            [
              24.9826408,
              47.8518857
            ],
            [
              24.983726,
              47.8482942
            ],
            [
              24.9846562,
              47.8444184
            ],
            [
              24.9848112,
              47.8403877
            ],
            [
              24.9846562,
              47.8364086
            ],
            [
              24.9809355,
              47.8283987
            ],
            [
              24.934065,
              47.7572403
            ],
            [
              24.9325147,
              47.7540364
            ],
            [
              24.928794,
              47.7314279
            ],
            [
              24.9284839,
              47.7264411
            ],
            [
              24.9288457,
              47.7143489
            ],
            [
              24.928858,
              47.7139377
            ],
            [
              24.9423802,
              47.7155629
            ],
            [
              24.9548389,
              47.688459
            ],
            [
              24.9787651,
              47.6625691
            ],
            [
              25.0218632,
              47.632235
            ],
            [
              25.0299248,
              47.6230624
            ],
            [
              25.0323019,
              47.6123396
            ],
            [
              25.0246538,
              47.6029345
            ],
            [
              25.0158171,
              47.5964749
            ],
            [
              24.9562342,
              47.5822897
            ],
            [
              24.9670862,
              47.5735823
            ],
            [
              25.0460995,
              47.5296831
            ],
            [
              25.0721444,
              47.5085733
            ],
            [
              25.0842367,
              47.4937939
            ],
            [
              25.0893527,
              47.4829935
            ],
            [
              25.0904895,
              47.4714696
            ],
            [
              25.0837716,
              47.4577754
            ],
            [
              25.0726095,
              47.4494555
            ],
            [
              25.0591219,
              47.4434868
            ],
            [
              25.0471847,
              47.4397403
            ],
            [
              25.0394332,
              47.4352445
            ],
            [
              25.0372628,
              47.4302318
            ],
            [
              25.0406735,
              47.4255293
            ],
            [
              25.0459445,
              47.4210593
            ],
            [
              25.0504403,
              47.4151423
            ],
            [
              25.0519906,
              47.4086828
            ],
            [
              25.0493551,
              47.3999494
            ],
            [
              25.0447042,
              47.3964355
            ],
            [
              25.038193,
              47.3956861
            ],
            [
              25.0305449,
              47.3967972
            ],
            [
              25.0229484,
              47.3971072
            ],
            [
              25.0141118,
              47.3960737
            ],
            [
              25.0069804,
              47.3925597
            ],
            [
              25.0026396,
              47.3865653
            ],
            [
              25.0040349,
              47.3791755
            ],
            [
              25.0131816,
              47.3686594
            ],
            [
              25.032922,
              47.3513219
            ],
            [
              25.0403634,
              47.3428987
            ],
            [
              25.0523007,
              47.3249153
            ],
            [
              25.0567965,
              47.3153035
            ],
            [
              25.0574166,
              47.304038
            ],
            [
              25.0495101,
              47.2861579
            ],
            [
              25.036746,
              47.2707584
            ],
            [
              25.0291496,
              47.2575809
            ],
            [
              25.0275993,
              47.2472714
            ],
            [
              25.0391232,
              47.2371687
            ],
            [
              25.0509054,
              47.2347399
            ],
            [
              25.0617574,
              47.23505
            ],
            [
              25.069819,
              47.2365486
            ],
            [
              25.0747799,
              47.2343265
            ],
            [
              25.0764852,
              47.228332
            ],
            [
              25.0727645,
              47.2131908
            ],
            [
              25.0685787,
              47.2024938
            ],
            [
              25.0631527,
              47.1727799
            ],
            [
              25.0685787,
              47.102965
            ],
            [
              25.1589091,
              47.0914411
            ],
            [
              25.2046945,
              47.0764291
            ],
            [
              25.2419015,
              47.0663264
            ],
            [
              25.2548206,
              47.0657063
            ],
            [
              25.2698584,
              47.0664298
            ],
            [
              25.2825708,
              47.0703572
            ],
            [
              25.2918726,
              47.076765
            ],
            [
              25.2972986,
              47.0847749
            ],
            [
              25.2988489,
              47.093069
            ],
            [
              25.299314,
              47.1024224
            ],
            [
              25.3016394,
              47.1116466
            ],
            [
              25.311768,
              47.1229638
            ],
            [
              25.3283562,
              47.1305085
            ],
            [
              25.3480449,
              47.1366064
            ],
            [
              25.3725395,
              47.1403271
            ],
            [
              25.3897994,
              47.1397328
            ],
            [
              25.4068527,
              47.1348494
            ],
            [
              25.5188872,
              47.0823978
            ],
            [
              25.5300493,
              47.0744396
            ],
            [
              25.5398678,
              47.0652154
            ],
            [
              25.5521151,
              47.0559394
            ],
            [
              25.5679281,
              47.0488081
            ],
            [
              25.5835861,
              47.0473095
            ],
            [
              25.6044117,
              47.0493507
            ],
            [
              25.6186744,
              47.0525805
            ],
            [
              25.671281,
              47.0579031
            ],
            [
              25.6720561,
              47.0799173
            ],
            [
              25.6835283,
              47.1058072
            ],
            [
              25.6962407,
              47.1230154
            ],
            [
              25.7407858,
              47.1596799
            ],
            [
              25.7559786,
              47.1692659
            ],
            [
              25.7950977,
              47.1866033
            ],
            [
              25.8121509,
              47.1969644
            ],
            [
              25.819644,
              47.206938
            ],
            [
              25.8216077,
              47.2163172
            ],
            [
              25.8194373,
              47.2246113
            ],
            [
              25.8119959,
              47.2318977
            ],
            [
              25.7918421,
              47.2446359
            ],
            [
              25.7743238,
              47.2616116
            ],
            [
              25.7715332,
              47.2685363
            ],
            [
              25.775719,
              47.2742207
            ],
            [
              25.7834705,
              47.2776313
            ],
            [
              25.7941675,
              47.2779414
            ],
            [
              25.8065699,
              47.2745307
            ],
            [
              25.8202641,
              47.2685363
            ],
            [
              25.8656877,
              47.2394941
            ],
            [
              25.8784518,
              47.2332671
            ],
            [
              25.8913192,
              47.231846
            ],
            [
              25.9089925,
              47.2340164
            ],
            [
              25.982063,
              47.2574775
            ],
            [
              25.9966875,
              47.2582527
            ],
            [
              26.0107951,
              47.2551004
            ],
            [
              26.0231975,
              47.249261
            ],
            [
              26.0396306,
              47.2453852
            ],
            [
              26.0587508,
              47.2449202
            ],
            [
              26.1104273,
              47.2540669
            ],
            [
              26.2229269,
              47.2537051
            ],
            [
              26.2593588,
              47.2598805
            ],
            [
              26.3530998,
              47.2931859
            ],
            [
              26.3757341,
              47.29701
            ],
            [
              26.3957845,
              47.2967516
            ],
            [
              26.4154733,
              47.2939094
            ],
            [
              26.4327332,
              47.2887934
            ],
            [
              26.4473059,
              47.2809903
            ],
            [
              26.4823426,
              47.2536018
            ],
            [
              26.5590304,
              47.2655907
            ],
            [
              26.5694174,
              47.2710168
            ],
            [
              26.577944,
              47.2786907
            ],
            [
              26.572673,
              47.2857445
            ],
            [
              26.5113847,
              47.3243985
            ],
            [
              26.5005327,
              47.340935
            ],
            [
              26.5045634,
              47.3500817
            ],
            [
              26.5211516,
              47.3534407
            ],
            [
              26.6260547,
              47.344914
            ],
            [
              26.6472937,
              47.3476529
            ],
            [
              26.6561304,
              47.3529239
            ],
            [
              26.6603162,
              47.3624065
            ],
            [
              26.6620732,
              47.3746797
            ],
            [
              26.6724602,
              47.3927406
            ],
            [
              26.6755607,
              47.4036702
            ],
            [
              26.6733903,
              47.4127135
            ],
            [
              26.6584558,
              47.4266662
            ],
            [
              26.6172181,
              47.4307228
            ],
            [
              26.6064694,
              47.4358646
            ],
            [
              26.5922067,
              47.4445462
            ],
            [
              26.567557,
              47.468059
            ],
            [
              26.562286,
              47.4780842
            ],
            [
              26.5599606,
              47.4894014
            ],
            [
              26.5605807,
              47.5009769
            ],
            [
              26.5627511,
              47.515653
            ],
            [
              26.562131,
              47.5283654
            ],
            [
              26.546318,
              47.5805844
            ],
            [
              26.5371196,
              47.6023144
            ],
            [
              26.5267326,
              47.6140449
            ],
            [
              26.4946416,
              47.6364725
            ],
            [
              26.4821875,
              47.6508902
            ],
            [
              26.4160934,
              47.706494
            ],
            [
              26.3970248,
              47.728379
            ],
            [
              26.2832849,
              47.8262542
            ],
            [
              26.2596688,
              47.8422739
            ],
            [
              26.2086642,
              47.8616267
            ],
            [
              26.1683049,
              47.8850361
            ],
            [
              26.1415882,
              47.8962757
            ],
            [
              26.1267054,
              47.9062751
            ],
            [
              26.119419,
              47.9174889
            ]
          ]
        ]
      }
    },
    {
      "type": "Feature",
      "properties": {
        "NAME": "Crișana",
        "NAME_LOCAL": "Crișana / Körösvidék / Partium",
        "EMPIRE": "Österreich-Ungarn",
        "NOTE": "Um 1900 zum Königreich Ungarn (Transleithanien). Arad und Großwardein (Oradea) sind die Hauptstädte.",
        "SOURCE": "Natural Earth 10m admin-1 (public domain) dissolved by region"
      },
      "geometry": {
        "type": "Polygon",
        "coordinates": [
          [
            [
              21.3960372,
              46.6263541
            ],
            [
              21.3744365,
              46.6184476
            ],
            [
              21.3376429,
              46.6204113
            ],
            [
              21.3162488,
              46.6166389
            ],
            [
              21.3009526,
              46.6039265
            ],
            [
              21.2952682,
              46.5850388
            ],
            [
              21.2913408,
              46.5467207
            ],
            [
              21.2789384,
              46.5284014
            ],
            [
              21.2616785,
              46.5133377
            ],
            [
              21.2476225,
              46.497473
            ],
            [
              21.245142,
              46.47688
            ],
            [
              21.2743909,
              46.4383552
            ],
            [
              21.2806954,
              46.4163927
            ],
            [
              21.2575444,
              46.4041712
            ],
            [
              21.2151697,
              46.4029052
            ],
            [
              21.195636,
              46.3980993
            ],
            [
              21.1787895,
              46.3844567
            ],
            [
              21.1686609,
              46.3627526
            ],
            [
              21.1645268,
              46.3182592
            ],
            [
              21.1559485,
              46.2989322
            ],
            [
              21.1444764,
              46.2837393
            ],
            [
              21.1348645,
              46.27852
            ],
            [
              21.1056157,
              46.278675
            ],
            [
              21.0992078,
              46.2763496
            ],
            [
              21.0514588,
              46.2360936
            ],
            [
              21.0334754,
              46.2313394
            ],
            [
              21.0139417,
              46.24307
            ],
            [
              21.007017,
              46.2488577
            ],
            [
              20.9991622,
              46.2515966
            ],
            [
              20.9905839,
              46.2515966
            ],
            [
              20.9814889,
              46.2488577
            ],
            [
              20.9617485,
              46.248341
            ],
            [
              20.9244381,
              46.2595547
            ],
            [
              20.9065581,
              46.2621902
            ],
            [
              20.8997368,
              46.2606916
            ],
            [
              20.8850607,
              46.2550072
            ],
            [
              20.8751388,
              46.2543871
            ],
            [
              20.8669739,
              46.257126
            ],
            [
              20.8489905,
              46.2677713
            ],
            [
              20.8396888,
              46.2710786
            ],
            [
              20.8196383,
              46.2716987
            ],
            [
              20.7986577,
              46.2676163
            ],
            [
              20.7873693,
              46.2633904
            ],
            [
              20.7785039,
              46.2600715
            ],
            [
              20.7393331,
              46.2374889
            ],
            [
              20.7349923,
              46.2319079
            ],
            [
              20.7355091,
              46.2225027
            ],
            [
              20.7448108,
              46.2002819
            ],
            [
              20.7447075,
              46.192272
            ],
            [
              20.736646,
              46.186691
            ],
            [
              20.7271375,
              46.1877245
            ],
            [
              20.7178357,
              46.1899983
            ],
            [
              20.710291,
              46.1880862
            ],
            [
              20.70533,
              46.1806448
            ],
            [
              20.7043676,
              46.1685263
            ],
            [
              20.7189734,
              46.1645727
            ],
            [
              20.8604635,
              46.0957397
            ],
            [
              20.8960169,
              46.0706766
            ],
            [
              20.9060938,
              46.0510137
            ],
            [
              20.9195813,
              46.0371386
            ],
            [
              20.9315186,
              46.0314025
            ],
            [
              20.946298,
              46.0279918
            ],
            [
              21.0082064,
              46.0199303
            ],
            [
              21.0168881,
              46.0201887
            ],
            [
              21.0356466,
              46.0233926
            ],
            [
              21.0478939,
              46.0239094
            ],
            [
              21.0694947,
              46.0198528
            ],
            [
              21.0797266,
              46.0153311
            ],
            [
              21.0839124,
              46.0105252
            ],
            [
              21.081742,
              45.998898
            ],
            [
              21.0839124,
              45.9920767
            ],
            [
              21.0969348,
              45.9801395
            ],
            [
              21.1099573,
              45.9753336
            ],
            [
              21.1245817,
              45.9730598
            ],
            [
              21.1351237,
              45.9737316
            ],
            [
              21.1424101,
              45.9768322
            ],
            [
              21.1464409,
              45.9813797
            ],
            [
              21.1481462,
              45.9868574
            ],
            [
              21.1484563,
              45.9984846
            ],
            [
              21.1503166,
              46.004169
            ],
            [
              21.1548125,
              46.0096467
            ],
            [
              21.1634941,
              46.015357
            ],
            [
              21.1736227,
              46.0190518
            ],
            [
              21.1888155,
              46.0204729
            ],
            [
              21.1959469,
              46.0187934
            ],
            [
              21.1984274,
              46.014711
            ],
            [
              21.1996676,
              46.0056676
            ],
            [
              21.207109,
              45.993472
            ],
            [
              21.2335157,
              45.9752819
            ],
            [
              21.2507239,
              45.9689257
            ],
            [
              21.2648316,
              45.968874
            ],
            [
              21.2881376,
              45.9826199
            ],
            [
              21.2992998,
              45.9860306
            ],
            [
              21.3135625,
              45.9875809
            ],
            [
              21.3306157,
              45.9874258
            ],
            [
              21.3412093,
              45.9837051
            ],
            [
              21.355472,
              45.9721038
            ],
            [
              21.3618282,
              45.9707344
            ],
            [
              21.3686495,
              45.9729048
            ],
            [
              21.3909737,
              45.9886661
            ],
            [
              21.4175354,
              46.0034455
            ],
            [
              21.4238916,
              46.008329
            ],
            [
              21.4276123,
              46.014711
            ],
            [
              21.4288526,
              46.0214031
            ],
            [
              21.4288526,
              46.0284053
            ],
            [
              21.431023,
              46.034038
            ],
            [
              21.4416167,
              46.037862
            ],
            [
              21.4585148,
              46.0391023
            ],
            [
              21.4916911,
              46.0366218
            ],
            [
              21.5072457,
              46.0328494
            ],
            [
              21.5157723,
              46.0270617
            ],
            [
              21.5167025,
              46.0203179
            ],
            [
              21.5167025,
              46.0124889
            ],
            [
              21.5187179,
              46.0046341
            ],
            [
              21.5255392,
              45.9974511
            ],
            [
              21.5357711,
              45.995229
            ],
            [
              21.5631079,
              45.9979162
            ],
            [
              21.57396,
              45.9963917
            ],
            [
              21.5841919,
              45.9920251
            ],
            [
              21.6066712,
              45.9758503
            ],
            [
              21.6268767,
              45.9640164
            ],
            [
              21.6357133,
              45.9559291
            ],
            [
              21.6395891,
              45.9490819
            ],
            [
              21.6381938,
              45.9435009
            ],
            [
              21.6347832,
              45.9382816
            ],
            [
              21.6330778,
              45.9333206
            ],
            [
              21.634163,
              45.9288765
            ],
            [
              21.6386589,
              45.9257759
            ],
            [
              21.6513713,
              45.919368
            ],
            [
              21.6575725,
              45.914097
            ],
            [
              21.6626884,
              45.9078958
            ],
            [
              21.6703365,
              45.9017463
            ],
            [
              21.6776229,
              45.9023923
            ],
            [
              21.683514,
              45.9071207
            ],
            [
              21.6935909,
              45.9229337
            ],
            [
              21.7070785,
              45.9395735
            ],
            [
              21.7143649,
              45.9459297
            ],
            [
              21.7226331,
              45.9493403
            ],
            [
              21.7367408,
              45.9496504
            ],
            [
              21.7694519,
              45.9392634
            ],
            [
              21.7809241,
              45.9338116
            ],
            [
              21.7893474,
              45.927998
            ],
            [
              21.8015947,
              45.9142003
            ],
            [
              21.8099663,
              45.906914
            ],
            [
              21.8160124,
              45.9049503
            ],
            [
              21.8201982,
              45.906268
            ],
            [
              21.8219035,
              45.9113065
            ],
            [
              21.8208183,
              45.9252074
            ],
            [
              21.8209733,
              45.9333465
            ],
            [
              21.8223686,
              45.9405036
            ],
            [
              21.8271745,
              45.9464464
            ],
            [
              21.8324455,
              45.9461364
            ],
            [
              21.8396285,
              45.9427257
            ],
            [
              21.8487753,
              45.9368863
            ],
            [
              21.8585421,
              45.9346642
            ],
            [
              21.8807113,
              45.9345867
            ],
            [
              21.8886178,
              45.935491
            ],
            [
              21.8945089,
              45.9388242
            ],
            [
              21.8981263,
              45.9440952
            ],
            [
              21.9049475,
              45.9664711
            ],
            [
              21.9077381,
              45.9725947
            ],
            [
              21.9117688,
              45.977659
            ],
            [
              21.9195203,
              45.9806562
            ],
            [
              21.9314576,
              45.9822065
            ],
            [
              21.9552287,
              45.9821549
            ],
            [
              21.9698015,
              45.9790543
            ],
            [
              21.9806535,
              45.9735766
            ],
            [
              21.9890251,
              45.9663419
            ],
            [
              22.0014274,
              45.9585904
            ],
            [
              22.0191525,
              45.9551281
            ],
            [
              22.05884,
              45.9525959
            ],
            [
              22.0686585,
              45.9491336
            ],
            [
              22.0743946,
              45.9436559
            ],
            [
              22.0771851,
              45.9366021
            ],
            [
              22.0813709,
              45.9317703
            ],
            [
              22.0891223,
              45.9278429
            ],
            [
              22.1055555,
              45.9225978
            ],
            [
              22.1131519,
              45.9182569
            ],
            [
              22.1207483,
              45.9118749
            ],
            [
              22.131342,
              45.905157
            ],
            [
              22.1460698,
              45.9026765
            ],
            [
              22.1617277,
              45.9025731
            ],
            [
              22.1819332,
              45.9044852
            ],
            [
              22.1955758,
              45.9024698
            ],
            [
              22.2202255,
              45.8930647
            ],
            [
              22.2289588,
              45.8927546
            ],
            [
              22.2357801,
              45.8964237
            ],
            [
              22.2418262,
              45.9013329
            ],
            [
              22.2491126,
              45.9061905
            ],
            [
              22.2571741,
              45.9089035
            ],
            [
              22.2942778,
              45.9151305
            ],
            [
              22.3117961,
              45.916164
            ],
            [
              22.3178422,
              45.9183861
            ],
            [
              22.3221831,
              45.9221068
            ],
            [
              22.3282292,
              45.9365762
            ],
            [
              22.3328801,
              45.9406845
            ],
            [
              22.3367558,
              45.9433459
            ],
            [
              22.3549459,
              45.9498571
            ],
            [
              22.4015064,
              45.9916633
            ],
            [
              22.4125135,
              46.0090783
            ],
            [
              22.4196448,
              46.0253305
            ],
            [
              22.4201099,
              46.0375003
            ],
            [
              22.4177845,
              46.0477322
            ],
            [
              22.4072425,
              46.0713484
            ],
            [
              22.4095679,
              46.0812186
            ],
            [
              22.415304,
              46.0934917
            ],
            [
              22.4295667,
              46.1142398
            ],
            [
              22.4345276,
              46.1293293
            ],
            [
              22.436543,
              46.143282
            ],
            [
              22.4335974,
              46.1761482
            ],
            [
              22.4380933,
              46.1871036
            ],
            [
              22.447085,
              46.197258
            ],
            [
              22.470236,
              46.2119599
            ],
            [
              22.4841887,
              46.2173343
            ],
            [
              22.502017,
              46.2188588
            ],
            [
              22.5578793,
              46.2094795
            ],
            [
              22.5765345,
              46.2085493
            ],
            [
              22.600719,
              46.2109264
            ],
            [
              22.6193225,
              46.2182386
            ],
            [
              22.6403032,
              46.231442
            ],
            [
              22.6630925,
              46.2575386
            ],
            [
              22.6719292,
              46.2737133
            ],
            [
              22.6896542,
              46.3002491
            ],
            [
              22.7552832,
              46.333813
            ],
            [
              22.7067074,
              46.3687462
            ],
            [
              22.6881039,
              46.421973
            ],
            [
              22.6868636,
              46.4830028
            ],
            [
              22.6919796,
              46.5064639
            ],
            [
              22.7025216,
              46.5321471
            ],
            [
              22.7155441,
              46.5503889
            ],
            [
              22.7281014,
              46.5606725
            ],
            [
              22.7397803,
              46.5654267
            ],
            [
              22.7531128,
              46.566977
            ],
            [
              22.7650501,
              46.566977
            ],
            [
              22.7780725,
              46.5655818
            ],
            [
              22.787581,
              46.5633597
            ],
            [
              22.8027739,
              46.5569001
            ],
            [
              22.803549,
              46.5943139
            ],
            [
              22.8078898,
              46.6193769
            ],
            [
              22.803394,
              46.6273609
            ],
            [
              22.7938855,
              46.6337947
            ],
            [
              22.7827234,
              46.6389623
            ],
            [
              22.7734217,
              46.6446467
            ],
            [
              22.7642749,
              46.6569974
            ],
            [
              22.7469117,
              46.7035578
            ],
            [
              22.7338375,
              46.7242801
            ],
            [
              22.7208151,
              46.7388529
            ],
            [
              22.6808175,
              46.7636575
            ],
            [
              22.6688286,
              46.7753106
            ],
            [
              22.6661931,
              46.784354
            ],
            [
              22.6680534,
              46.7925705
            ],
            [
              22.6736345,
              46.7999344
            ],
            [
              22.6822128,
              46.8066523
            ],
            [
              22.6935299,
              46.8123367
            ],
            [
              22.7302718,
              46.8234213
            ],
            [
              22.7391602,
              46.8284081
            ],
            [
              22.7459815,
              46.8351777
            ],
            [
              22.7512525,
              46.8433168
            ],
            [
              22.7566785,
              46.8541946
            ],
            [
              22.7613294,
              46.8658735
            ],
            [
              22.7656702,
              46.8843737
            ],
            [
              22.7602442,
              46.8948123
            ],
            [
              22.7476868,
              46.9021245
            ],
            [
              22.6967855,
              46.9155862
            ],
            [
              22.6882589,
              46.9202888
            ],
            [
              22.6865536,
              46.9268776
            ],
            [
              22.6899642,
              46.936076
            ],
            [
              22.7118234,
              46.9654023
            ],
            [
              22.7194198,
              46.979355
            ],
            [
              22.7312537,
              46.976151
            ],
            [
              22.8505746,
              46.9748074
            ],
            [
              22.8682479,
              46.972327
            ],
            [
              22.879255,
              46.9684512
            ],
            [
              22.8891769,
              46.9626118
            ],
            [
              22.8969283,
              46.9534651
            ],
            [
              22.9135682,
              46.9233894
            ],
            [
              22.9242652,
              46.9103928
            ],
            [
              22.9344971,
              46.9019437
            ],
            [
              22.9472095,
              46.8985589
            ],
            [
              22.9843132,
              46.8961042
            ],
            [
              22.99377,
              46.8937788
            ],
            [
              23.0007463,
              46.8895413
            ],
            [
              23.0055522,
              46.8839086
            ],
            [
              23.0108232,
              46.8791027
            ],
            [
              23.0184713,
              46.875692
            ],
            [
              23.0279281,
              46.8753303
            ],
            [
              23.0496322,
              46.8782759
            ],
            [
              23.0618795,
              46.8784826
            ],
            [
              23.0732483,
              46.8770615
            ],
            [
              23.0842554,
              46.8741934
            ],
            [
              23.0989832,
              46.8719713
            ],
            [
              23.1160364,
              46.8736767
            ],
            [
              23.1356218,
              46.8785342
            ],
            [
              23.1498845,
              46.8805496
            ],
            [
              23.1613566,
              46.8797486
            ],
            [
              23.1840426,
              46.873625
            ],
            [
              23.1964449,
              46.8741934
            ],
            [
              23.2055917,
              46.8780692
            ],
            [
              23.2085372,
              46.8864407
            ],
            [
              23.2066769,
              46.8945539
            ],
            [
              23.207142,
              46.9026155
            ],
            [
              23.2099325,
              46.9097468
            ],
            [
              23.22342,
              46.928247
            ],
            [
              23.2302413,
              46.9353783
            ],
            [
              23.2423336,
              46.936541
            ],
            [
              23.2507569,
              46.9327945
            ],
            [
              23.2572681,
              46.9250172
            ],
            [
              23.2636243,
              46.9097468
            ],
            [
              23.2690503,
              46.9050701
            ],
            [
              23.277732,
              46.903649
            ],
            [
              23.2988676,
              46.9082999
            ],
            [
              23.3094096,
              46.9086874
            ],
            [
              23.3176262,
              46.9065429
            ],
            [
              23.3244475,
              46.9016336
            ],
            [
              23.3308037,
              46.8958459
            ],
            [
              23.33778,
              46.89135
            ],
            [
              23.3472368,
              46.8917634
            ],
            [
              23.3561251,
              46.8962334
            ],
            [
              23.3646517,
              46.9103153
            ],
            [
              23.3649618,
              46.9193845
            ],
            [
              23.360776,
              46.928557
            ],
            [
              23.350234,
              46.9357401
            ],
            [
              23.3413457,
              46.9435174
            ],
            [
              23.33778,
              46.9522765
            ],
            [
              23.3421208,
              46.9590978
            ],
            [
              23.3567452,
              46.963697
            ],
            [
              23.3669772,
              46.9634645
            ],
            [
              23.3838754,
              46.959227
            ],
            [
              23.3896114,
              46.9609065
            ],
            [
              23.3933321,
              46.9736706
            ],
            [
              23.397828,
              46.9797684
            ],
            [
              23.4096619,
              46.9843159
            ],
            [
              23.4214441,
              46.9855561
            ],
            [
              23.4439234,
              46.9850652
            ],
            [
              23.4571009,
              46.9859696
            ],
            [
              23.4717253,
              46.9887601
            ],
            [
              23.4818022,
              46.9948579
            ],
            [
              23.4856779,
              47.0044697
            ],
            [
              23.4841276,
              47.0122212
            ],
            [
              23.4751359,
              47.0342353
            ],
            [
              23.4704851,
              47.0409274
            ],
            [
              23.4567908,
              47.0526838
            ],
            [
              23.4533802,
              47.0591175
            ],
            [
              23.4544654,
              47.0658096
            ],
            [
              23.4598914,
              47.0707189
            ],
            [
              23.4802519,
              47.0748789
            ],
            [
              23.4867631,
              47.0777469
            ],
            [
              23.4887785,
              47.0831212
            ],
            [
              23.4952897,
              47.0944384
            ],
            [
              23.5027312,
              47.1037918
            ],
            [
              23.5039714,
              47.1125251
            ],
            [
              23.5059868,
              47.1205867
            ],
            [
              23.5095524,
              47.1268912
            ],
            [
              23.5553378,
              47.1394486
            ],
            [
              23.577817,
              47.1497838
            ],
            [
              23.5908911,
              47.1523677
            ],
            [
              23.6020533,
              47.1519026
            ],
            [
              23.6124402,
              47.148957
            ],
            [
              23.621897,
              47.148957
            ],
            [
              23.6303203,
              47.1530911
            ],
            [
              23.6374516,
              47.1656485
            ],
            [
              23.6462883,
              47.1775599
            ],
            [
              23.6619462,
              47.1897814
            ],
            [
              23.6967245,
              47.2027005
            ],
            [
              23.7294357,
              47.2098319
            ],
            [
              23.7887085,
              47.214276
            ],
            [
              23.8041081,
              47.2184618
            ],
            [
              23.8118596,
              47.2274018
            ],
            [
              23.8110844,
              47.2467288
            ],
            [
              23.8158903,
              47.2655907
            ],
            [
              23.8206962,
              47.2774505
            ],
            [
              23.8270524,
              47.2862613
            ],
            [
              23.8287578,
              47.2940903
            ],
            [
              23.8284477,
              47.3008341
            ],
            [
              23.8129448,
              47.3165178
            ],
            [
              23.7876233,
              47.3076295
            ],
            [
              23.7766162,
              47.3053299
            ],
            [
              23.7620435,
              47.3048648
            ],
            [
              23.7496411,
              47.3066993
            ],
            [
              23.736257,
              47.3125646
            ],
            [
              23.7283505,
              47.3187141
            ],
            [
              23.7190487,
              47.3244502
            ],
            [
              23.7074215,
              47.3292819
            ],
            [
              23.687061,
              47.3355606
            ],
            [
              23.6782243,
              47.3435705
            ],
            [
              23.6724882,
              47.3515286
            ],
            [
              23.6700078,
              47.3592284
            ],
            [
              23.6569853,
              47.3645769
            ],
            [
              23.6335242,
              47.367445
            ],
            [
              23.4799418,
              47.3626391
            ],
            [
              23.4571009,
              47.3651712
            ],
            [
              23.3321989,
              47.3940583
            ],
            [
              23.2917363,
              47.4084761
            ],
            [
              23.2718409,
              47.4131528
            ],
            [
              23.2453308,
              47.4164342
            ],
            [
              23.1405827,
              47.416951
            ],
            [
              23.0904566,
              47.4042903
            ],
            [
              23.1020838,
              47.3900793
            ],
            [
              23.1103003,
              47.3768501
            ],
            [
              23.1118506,
              47.3689953
            ],
            [
              23.1103003,
              47.3617606
            ],
            [
              23.1050293,
              47.3554302
            ],
            [
              23.0663754,
              47.3331318
            ],
            [
              23.0598641,
              47.3272665
            ],
            [
              23.0553683,
              47.3206778
            ],
            [
              23.0510275,
              47.3160528
            ],
            [
              23.0454464,
              47.3142699
            ],
            [
              23.0333541,
              47.3197476
            ],
            [
              23.0160942,
              47.3330285
            ],
            [
              23.0055522,
              47.3368525
            ],
            [
              22.9644694,
              47.3440356
            ],
            [
              22.9495349,
              47.35003
            ],
            [
              22.9258155,
              47.3659722
            ],
            [
              22.9118628,
              47.3720442
            ],
            [
              22.8018437,
              47.3927664
            ],
            [
              22.7824134,
              47.3928956
            ],
            [
              22.7546631,
              47.3879347
            ],
            [
              22.62356,
              47.3447073
            ],
            [
              22.5807202,
              47.3214013
            ],
            [
              22.5712635,
              47.3390488
            ],
            [
              22.5639254,
              47.3638018
            ],
            [
              22.5547787,
              47.3758166
            ],
            [
              22.5428414,
              47.3829479
            ],
            [
              22.5128691,
              47.3944201
            ],
            [
              22.4969011,
              47.4040836
            ],
            [
              22.4827934,
              47.4102847
            ],
            [
              22.4722514,
              47.4123518
            ],
            [
              22.4624846,
              47.4105431
            ],
            [
              22.4384034,
              47.4013447
            ],
            [
              22.4284815,
              47.3996911
            ],
            [
              22.4140638,
              47.4018615
            ],
            [
              22.404917,
              47.4023782
            ],
            [
              22.3957703,
              47.401784
            ],
            [
              22.3875021,
              47.3997427
            ],
            [
              22.3772701,
              47.3986575
            ],
            [
              22.3602169,
              47.4010347
            ],
            [
              22.3515353,
              47.4057372
            ],
            [
              22.3453341,
              47.4134887
            ],
            [
              22.3338103,
              47.4343143
            ],
            [
              22.3255937,
              47.4461482
            ],
            [
              22.2969133,
              47.4762755
            ],
            [
              22.2812036,
              47.496326
            ],
            [
              22.2661658,
              47.5103303
            ],
            [
              22.2250314,
              47.5310526
            ],
            [
              22.2134042,
              47.5391141
            ],
            [
              22.2050326,
              47.5483383
            ],
            [
              22.1927853,
              47.5680529
            ],
            [
              22.1723214,
              47.5898603
            ],
            [
              22.167608,
              47.5948623
            ],
            [
              22.1673597,
              47.5937886
            ],
            [
              22.1620887,
              47.5862438
            ],
            [
              22.1541773,
              47.5822126
            ],
            [
              22.1485494,
              47.579345
            ],
            [
              22.0995602,
              47.5709476
            ],
            [
              22.0374451,
              47.5393216
            ],
            [
              22.0078862,
              47.5174108
            ],
            [
              21.9888693,
              47.492942
            ],
            [
              21.9914531,
              47.4618069
            ],
            [
              22.0002381,
              47.4271837
            ],
            [
              22.0015817,
              47.3938266
            ],
            [
              21.9815312,
              47.3661022
            ],
            [
              21.9369861,
              47.3571622
            ],
            [
              21.9190027,
              47.3496691
            ],
            [
              21.9008126,
              47.3357423
            ],
            [
              21.8621587,
              47.2974242
            ],
            [
              21.8560608,
              47.2857453
            ],
            [
              21.8445887,
              47.2499336
            ],
            [
              21.8393177,
              47.2408385
            ],
            [
              21.8277421,
              47.2260074
            ],
            [
              21.823608,
              47.2149228
            ],
            [
              21.823298,
              47.2033214
            ],
            [
              21.8256751,
              47.1942781
            ],
            [
              21.8259851,
              47.1850538
            ],
            [
              21.8198873,
              47.172729
            ],
            [
              21.8115157,
              47.1646933
            ],
            [
              21.7893982,
              47.1503014
            ],
            [
              21.7798898,
              47.1407413
            ],
            [
              21.7754456,
              47.1316721
            ],
            [
              21.7704847,
              47.1140246
            ],
            [
              21.7637667,
              47.1052137
            ],
            [
              21.7435096,
              47.091597
            ],
            [
              21.6942102,
              47.0691694
            ],
            [
              21.671886,
              47.0547259
            ],
            [
              21.6328186,
              47.0226865
            ],
            [
              21.6342695,
              47.019422
            ],
            [
              21.6366427,
              47.0140823
            ],
            [
              21.645221,
              47.0112401
            ],
            [
              21.6548328,
              47.0099482
            ],
            [
              21.6617574,
              47.0060725
            ],
            [
              21.6707491,
              46.9943936
            ],
            [
              21.6713693,
              46.9933601
            ],
            [
              21.6675452,
              46.9923782
            ],
            [
              21.6485283,
              46.9429756
            ],
            [
              21.6400533,
              46.9356892
            ],
            [
              21.5943714,
              46.910006
            ],
            [
              21.5899272,
              46.9088691
            ],
            [
              21.588687,
              46.9061819
            ],
            [
              21.5871367,
              46.8943997
            ],
            [
              21.5880669,
              46.8822041
            ],
            [
              21.5914775,
              46.8715329
            ],
            [
              21.5917876,
              46.8607067
            ],
            [
              21.583416,
              46.8479426
            ],
            [
              21.5730807,
              46.8417673
            ],
            [
              21.5365971,
              46.8350235
            ],
            [
              21.5157198,
              46.8215876
            ],
            [
              21.5029041,
              46.8053096
            ],
            [
              21.4815101,
              46.7649761
            ],
            [
              21.4770659,
              46.7602219
            ],
            [
              21.4736552,
              46.7548734
            ],
            [
              21.4713815,
              46.7490339
            ],
            [
              21.4704513,
              46.7430136
            ],
            [
              21.4726217,
              46.7401972
            ],
            [
              21.4752055,
              46.737846
            ],
            [
              21.4782028,
              46.7359339
            ],
            [
              21.5051779,
              46.7232474
            ],
            [
              21.5017672,
              46.703507
            ],
            [
              21.4835771,
              46.6848518
            ],
            [
              21.4635267,
              46.6770486
            ],
            [
              21.4362415,
              46.6737414
            ],
            [
              21.4254928,
              46.6620108
            ],
            [
              21.4235389,
              46.658231
            ],
            [
              21.4168112,
              46.645216
            ],
            [
              21.3960372,
              46.6263541
            ]
          ]
        ]
      }
    },
    {
      "type": "Feature",
      "properties": {
        "NAME": "Dobrudscha",
        "NAME_LOCAL": "Dobrogea / Добруджа",
        "EMPIRE": "Königreich Rumänien",
        "NOTE": "1878 nach dem Russisch-Türkischen Krieg an Rumänien abgetreten; zuvor osmanische Provinz. Zugang zum Schwarzen Meer.",
        "SOURCE": "Natural Earth 10m admin-1 (public domain) dissolved by region"
      },
      "geometry": {
        "type": "Polygon",
        "coordinates": [
          [
            [
              27.3728817,
              44.020725
            ],
            [
              27.3838371,
              44.0150923
            ],
            [
              27.5745232,
              44.0162808
            ],
            [
              27.6334343,
              44.0297684
            ],
            [
              27.6562753,
              44.0238773
            ],
            [
              27.676119,
              43.9935432
            ],
            [
              27.682515,
              43.987256
            ],
            [
              27.7216976,
              43.9487397
            ],
            [
              27.7873267,
              43.9604186
            ],
            [
              27.8564698,
              43.9886339
            ],
            [
              27.9120736,
              43.9933365
            ],
            [
              27.9120736,
              43.9932331
            ],
            [
              27.9358448,
              43.9643977
            ],
            [
              27.98101,
              43.8493401
            ],
            [
              28.0148064,
              43.830039
            ],
            [
              28.2212537,
              43.7619811
            ],
            [
              28.434574,
              43.7352127
            ],
            [
              28.5783798,
              43.7412784
            ],
            [
              28.5830184,
              43.751044
            ],
            [
              28.5818791,
              43.7617048
            ],
            [
              28.5825301,
              43.7723656
            ],
            [
              28.5848088,
              43.7824161
            ],
            [
              28.5892033,
              43.7913272
            ],
            [
              28.5844833,
              43.8008487
            ],
            [
              28.5876571,
              43.8102481
            ],
            [
              28.5935165,
              43.8195255
            ],
            [
              28.6093856,
              43.8744978
            ],
            [
              28.6137801,
              43.884182
            ],
            [
              28.6377059,
              43.9186466
            ],
            [
              28.6408798,
              43.9321964
            ],
            [
              28.6549585,
              43.9613712
            ],
            [
              28.6600041,
              43.9798038
            ],
            [
              28.6691187,
              43.9891625
            ],
            [
              28.6717229,
              43.9973819
            ],
            [
              28.6712346,
              44.0033227
            ],
            [
              28.6541447,
              44.0549177
            ],
            [
              28.6374618,
              44.135891
            ],
            [
              28.63087,
              44.1544864
            ],
            [
              28.6362411,
              44.1642927
            ],
            [
              28.6458439,
              44.1720238
            ],
            [
              28.6583765,
              44.1744652
            ],
            [
              28.6717229,
              44.1686872
            ],
            [
              28.6648869,
              44.1756046
            ],
            [
              28.6681421,
              44.1843122
            ],
            [
              28.6652124,
              44.1992862
            ],
            [
              28.651215,
              44.2307803
            ],
            [
              28.6352645,
              44.2520206
            ],
            [
              28.6310327,
              44.2643497
            ],
            [
              28.6323348,
              44.3024356
            ],
            [
              28.6351018,
              44.3163923
            ],
            [
              28.6408798,
              44.3285587
            ],
            [
              28.651215,
              44.3400333
            ],
            [
              28.6643986,
              44.3483747
            ],
            [
              28.6801864,
              44.3533389
            ],
            [
              28.6931258,
              44.3461368
            ],
            [
              28.6962997,
              44.3583438
            ],
            [
              28.7065536,
              44.3810489
            ],
            [
              28.7967229,
              44.4679223
            ],
            [
              28.8440048,
              44.4937198
            ],
            [
              28.9096786,
              44.5842146
            ],
            [
              28.9184676,
              44.6010196
            ],
            [
              28.9249781,
              44.6205508
            ],
            [
              28.9148869,
              44.6013858
            ],
            [
              28.9062606,
              44.5877139
            ],
            [
              28.892426,
              44.5770531
            ],
            [
              28.8735458,
              44.5734317
            ],
            [
              28.8556421,
              44.5676944
            ],
            [
              28.8381454,
              44.5540225
            ],
            [
              28.8083602,
              44.5250512
            ],
            [
              28.7880966,
              44.5153669
            ],
            [
              28.7783309,
              44.5073917
            ],
            [
              28.7719833,
              44.48371
            ],
            [
              28.766368,
              44.4726016
            ],
            [
              28.7584742,
              44.4652774
            ],
            [
              28.7502548,
              44.4667016
            ],
            [
              28.7456161,
              44.4861514
            ],
            [
              28.7534286,
              44.5134952
            ],
            [
              28.7656356,
              44.5388858
            ],
            [
              28.7741805,
              44.5523135
            ],
            [
              28.7610783,
              44.5602074
            ],
            [
              28.7469182,
              44.5659854
            ],
            [
              28.7439071,
              44.5619978
            ],
            [
              28.7371525,
              44.5570743
            ],
            [
              28.7326766,
              44.5523135
            ],
            [
              28.7326766,
              44.5678572
            ],
            [
              28.7480575,
              44.5777855
            ],
            [
              28.7878524,
              44.5864932
            ],
            [
              28.7744247,
              44.5901553
            ],
            [
              28.7644149,
              44.5958926
            ],
            [
              28.76059,
              44.6037051
            ],
            [
              28.7667749,
              44.6137556
            ],
            [
              28.7536727,
              44.6137556
            ],
            [
              28.7578231,
              44.6267764
            ],
            [
              28.7669377,
              44.6337344
            ],
            [
              28.7797958,
              44.6358096
            ],
            [
              28.7946883,
              44.6342634
            ],
            [
              28.7915145,
              44.6238467
            ],
            [
              28.7741805,
              44.6007755
            ],
            [
              28.7878524,
              44.6096052
            ],
            [
              28.8362736,
              44.6274275
            ],
            [
              28.8541773,
              44.6343448
            ],
            [
              28.8854273,
              44.6581078
            ],
            [
              28.9045516,
              44.6684024
            ],
            [
              28.9094344,
              44.6751977
            ],
            [
              28.913829,
              44.6799177
            ],
            [
              28.9182235,
              44.6826846
            ],
            [
              28.9241643,
              44.6820743
            ],
            [
              28.9387313,
              44.6752383
            ],
            [
              28.9577743,
              44.6787784
            ],
            [
              28.9599716,
              44.6819522
            ],
            [
              28.9524032,
              44.6889102
            ],
            [
              28.9524032,
              44.6963565
            ],
            [
              28.9753524,
              44.686835
            ],
            [
              28.9726669,
              44.6702335
            ],
            [
              28.9563908,
              44.6511091
            ],
            [
              28.9387313,
              44.6342634
            ],
            [
              28.9620874,
              44.6393904
            ],
            [
              28.97934,
              44.6553409
            ],
            [
              28.9875594,
              44.675279
            ],
            [
              28.9834091,
              44.692613
            ],
            [
              28.9674585,
              44.7009952
            ],
            [
              28.8977157,
              44.7167829
            ],
            [
              28.9119572,
              44.6963565
            ],
            [
              28.891368,
              44.6771915
            ],
            [
              28.8694768,
              44.6618106
            ],
            [
              28.845551,
              44.6515567
            ],
            [
              28.7924911,
              44.6447208
            ],
            [
              28.7840275,
              44.6492374
            ],
            [
              28.7810165,
              44.6652693
            ],
            [
              28.785411,
              44.6796736
            ],
            [
              28.8042098,
              44.6842309
            ],
            [
              28.8083602,
              44.6963565
            ],
            [
              28.7937118,
              44.687893
            ],
            [
              28.78712,
              44.6933048
            ],
            [
              28.788829,
              44.7062442
            ],
            [
              28.7983505,
              44.7202009
            ],
            [
              28.8084416,
              44.7268741
            ],
            [
              28.8688257,
              44.7535668
            ],
            [
              28.8794051,
              44.7565779
            ],
            [
              28.9238387,
              44.7577986
            ],
            [
              28.9363713,
              44.7599551
            ],
            [
              28.9461369,
              44.7652042
            ],
            [
              28.9329533,
              44.773505
            ],
            [
              28.9254663,
              44.7836775
            ],
            [
              28.9262801,
              44.7929548
            ],
            [
              28.9387313,
              44.7987735
            ],
            [
              28.9387313,
              44.8062198
            ],
            [
              28.9344182,
              44.8075219
            ],
            [
              28.9249781,
              44.8130557
            ],
            [
              28.9340926,
              44.8141951
            ],
            [
              28.9397079,
              44.8168806
            ],
            [
              28.9524032,
              44.8266462
            ],
            [
              28.9040633,
              44.8627383
            ],
            [
              28.881521,
              44.8696964
            ],
            [
              28.8735458,
              44.8749861
            ],
            [
              28.8664657,
              44.8826358
            ],
            [
              28.863536,
              44.8915469
            ],
            [
              28.8654891,
              44.8946801
            ],
            [
              28.8701278,
              44.8964298
            ],
            [
              28.8746851,
              44.8991153
            ],
            [
              28.8766382,
              44.9048526
            ],
            [
              28.8743596,
              44.9115665
            ],
            [
              28.8650822,
              44.9165714
            ],
            [
              28.863536,
              44.9223087
            ],
            [
              28.8693954,
              44.9433454
            ],
            [
              28.8800562,
              44.9547794
            ],
            [
              28.91684,
              44.9796817
            ],
            [
              28.9270126,
              44.9826114
            ],
            [
              28.9492294,
              44.98371
            ],
            [
              28.9602157,
              44.9876977
            ],
            [
              28.9660751,
              44.9965681
            ],
            [
              28.9692489,
              45.0058454
            ],
            [
              28.9728296,
              45.0109724
            ],
            [
              28.9832463,
              45.0122745
            ],
            [
              29.0144149,
              45.0048282
            ],
            [
              29.0451766,
              45.0048282
            ],
            [
              29.0582788,
              45.0009626
            ],
            [
              29.1017359,
              44.9802921
            ],
            [
              29.1106063,
              44.9700382
            ],
            [
              29.0988062,
              44.9569766
            ],
            [
              29.0520939,
              44.9446475
            ],
            [
              29.0417587,
              44.9256859
            ],
            [
              29.0441187,
              44.865546
            ],
            [
              29.0485946,
              44.847154
            ],
            [
              29.0603133,
              44.8323428
            ],
            [
              29.0734969,
              44.8354353
            ],
            [
              29.0879012,
              44.8427188
            ],
            [
              29.1037704,
              44.8402774
            ],
            [
              29.1033635,
              44.8513044
            ],
            [
              29.1018173,
              44.8591169
            ],
            [
              29.0963648,
              44.8750675
            ],
            [
              29.1259872,
              44.8524844
            ],
            [
              29.1388452,
              44.8391788
            ],
            [
              29.1447046,
              44.8266462
            ],
            [
              29.1386825,
              44.8040225
            ],
            [
              29.1206161,
              44.7865665
            ],
            [
              29.0981551,
              44.7753767
            ],
            [
              29.0582788,
              44.7682966
            ],
            [
              29.021495,
              44.7547061
            ],
            [
              28.9973251,
              44.7516137
            ],
            [
              28.9749455,
              44.7449405
            ],
            [
              28.9812932,
              44.7294376
            ],
            [
              28.9948837,
              44.711127
            ],
            [
              28.9939071,
              44.6963565
            ],
            [
              29.000743,
              44.6889102
            ],
            [
              29.0263778,
              44.7146671
            ],
            [
              29.0558374,
              44.7351749
            ],
            [
              29.1560979,
              44.7844099
            ],
            [
              29.1920679,
              44.7928734
            ],
            [
              29.3159286,
              44.7987735
            ],
            [
              29.5109969,
              44.820502
            ],
            [
              29.5205184,
              44.8224958
            ],
            [
              29.5310979,
              44.8262393
            ],
            [
              29.5420028,
              44.8278262
            ],
            [
              29.5617782,
              44.8202579
            ],
            [
              29.5693466,
              44.8248966
            ],
            [
              29.5835067,
              44.8402774
            ],
            [
              29.5937606,
              44.8443057
            ],
            [
              29.6032007,
              44.8454044
            ],
            [
              29.611176,
              44.8493106
            ],
            [
              29.6178492,
              44.861477
            ],
            [
              29.6051538,
              44.8800316
            ],
            [
              29.6303817,
              44.9076602
            ],
            [
              29.6238713,
              44.9291039
            ],
            [
              29.63087,
              44.9386661
            ],
            [
              29.6336369,
              44.9533552
            ],
            [
              29.634939,
              44.9695499
            ],
            [
              29.6375432,
              44.98371
            ],
            [
              29.6507268,
              45.0121117
            ],
            [
              29.6562606,
              45.0289574
            ],
            [
              29.6643986,
              45.1169294
            ],
            [
              29.6765243,
              45.1445987
            ],
            [
              29.6995549,
              45.1618106
            ],
            [
              29.6670028,
              45.1642113
            ],
            [
              29.6497502,
              45.1778018
            ],
            [
              29.6388452,
              45.1956241
            ],
            [
              29.6238713,
              45.2102725
            ],
            [
              29.6238713,
              45.2164981
            ],
            [
              29.6501571,
              45.2172305
            ],
            [
              29.6590275,
              45.2158878
            ],
            [
              29.6642147,
              45.2231839
            ],
            [
              29.6664885,
              45.2306253
            ],
            [
              29.6649899,
              45.23786
            ],
            [
              29.6592538,
              45.2441645
            ],
            [
              29.6722762,
              45.2729483
            ],
            [
              29.6671086,
              45.3118607
            ],
            [
              29.6502621,
              45.3461221
            ],
            [
              29.6281446,
              45.3607982
            ],
            [
              29.6163623,
              45.3653458
            ],
            [
              29.5696985,
              45.3949564
            ],
            [
              29.4306372,
              45.4304064
            ],
            [
              29.3537427,
              45.4359358
            ],
            [
              29.3439242,
              45.4381062
            ],
            [
              29.3329688,
              45.4421369
            ],
            [
              29.3221167,
              45.4438423
            ],
            [
              29.312815,
              45.4393464
            ],
            [
              29.3070272,
              45.4341271
            ],
            [
              29.2992758,
              45.4289078
            ],
            [
              29.2904908,
              45.4246186
            ],
            [
              29.2818091,
              45.4222932
            ],
            [
              29.2608285,
              45.4220348
            ],
            [
              29.2446021,
              45.4242052
            ],
            [
              29.228169,
              45.4237401
            ],
            [
              29.2066716,
              45.4154202
            ],
            [
              29.1915821,
              45.4061701
            ],
            [
              29.1831071,
              45.3989871
            ],
            [
              29.1793864,
              45.3918558
            ],
            [
              29.1743221,
              45.3889619
            ],
            [
              29.1501376,
              45.3878767
            ],
            [
              29.1418693,
              45.3850862
            ],
            [
              29.1275033,
              45.3745442
            ],
            [
              29.110295,
              45.3690665
            ],
            [
              29.0695223,
              45.3607982
            ],
            [
              29.018156,
              45.3308776
            ],
            [
              29.0046167,
              45.3260717
            ],
            [
              28.9824476,
              45.3255032
            ],
            [
              28.9736626,
              45.3236946
            ],
            [
              28.9664795,
              45.3198705
            ],
            [
              28.9604334,
              45.3112922
            ],
            [
              28.9573845,
              45.2920169
            ],
            [
              28.952837,
              45.2850923
            ],
            [
              28.9298926,
              45.2790978
            ],
            [
              28.9100489,
              45.287366
            ],
            [
              28.8936158,
              45.29982
            ],
            [
              28.8808517,
              45.3061762
            ],
            [
              28.8581141,
              45.3090701
            ],
            [
              28.8318108,
              45.3222993
            ],
            [
              28.8163078,
              45.3260717
            ],
            [
              28.7897461,
              45.3214208
            ],
            [
              28.7886093,
              45.3071064
            ],
            [
              28.7901595,
              45.2920686
            ],
            [
              28.7615308,
              45.2818367
            ],
            [
              28.7596705,
              45.2741885
            ],
            [
              28.7625643,
              45.2651452
            ],
            [
              28.7672669,
              45.2577554
            ],
            [
              28.7742949,
              45.2533629
            ],
            [
              28.8026652,
              45.2441645
            ],
            [
              28.7913998,
              45.2349661
            ],
            [
              28.7786874,
              45.2310904
            ],
            [
              28.7473715,
              45.2304703
            ],
            [
              28.7100611,
              45.2269563
            ],
            [
              28.5770459,
              45.2480919
            ],
            [
              28.4941569,
              45.2788911
            ],
            [
              28.4051701,
              45.2950658
            ],
            [
              28.3702369,
              45.3092252
            ],
            [
              28.353287,
              45.3124291
            ],
            [
              28.3302393,
              45.3229194
            ],
            [
              28.310809,
              45.3478275
            ],
            [
              28.2811984,
              45.4018293
            ],
            [
              28.2864177,
              45.4217248
            ],
            [
              28.266884,
              45.4404833
            ],
            [
              28.2376351,
              45.4520588
            ],
            [
              28.2151461,
              45.4503651
            ],
            [
              28.2137614,
              45.4488024
            ],
            [
              28.1998088,
              45.4369168
            ],
            [
              28.1960881,
              45.4287261
            ],
            [
              28.1943828,
              45.4234293
            ],
            [
              28.1908171,
              45.4170214
            ],
            [
              28.1870964,
              45.4143859
            ],
            [
              28.1816704,
              45.4130165
            ],
            [
              28.1712317,
              45.4143859
            ],
            [
              28.1422412,
              45.4242303
            ],
            [
              28.124878,
              45.4280285
            ],
            [
              28.1158346,
              45.4279768
            ],
            [
              28.1049825,
              45.4266332
            ],
            [
              28.0613676,
              45.4161171
            ],
            [
              28.0511357,
              45.4150318
            ],
            [
              28.0436943,
              45.4112853
            ],
            [
              28.0302067,
              45.3954206
            ],
            [
              28.0260209,
              45.3863256
            ],
            [
              28.0240056,
              45.3776956
            ],
            [
              28.0216801,
              45.3481367
            ],
            [
              28.020905,
              45.3444677
            ],
            [
              28.0191997,
              45.3411087
            ],
            [
              28.0108281,
              45.3303083
            ],
            [
              28.0093811,
              45.3280604
            ],
            [
              28.0043168,
              45.3128417
            ],
            [
              27.9997693,
              45.3067439
            ],
            [
              27.9867469,
              45.2923262
            ],
            [
              28.0413172,
              45.2584264
            ],
            [
              28.075527,
              45.2482203
            ],
            [
              28.1102535,
              45.2582197
            ],
            [
              28.1169715,
              45.2540856
            ],
            [
              28.1223975,
              45.2497706
            ],
            [
              28.1268933,
              45.2445255
            ],
            [
              28.1307691,
              45.2377042
            ],
            [
              28.1179016,
              45.224475
            ],
            [
              28.1029672,
              45.203546
            ],
            [
              28.0976962,
              45.1841674
            ],
            [
              28.1136642,
              45.1756408
            ],
            [
              28.132061,
              45.1715325
            ],
            [
              28.1525765,
              45.1612489
            ],
            [
              28.1696298,
              45.1478905
            ],
            [
              28.1779497,
              45.1346614
            ],
            [
              28.1742806,
              45.1216389
            ],
            [
              28.1627051,
              45.1083064
            ],
            [
              28.1477706,
              45.0979194
            ],
            [
              28.1341797,
              45.0937078
            ],
            [
              28.1314409,
              45.0890311
            ],
            [
              28.1375904,
              45.0564749
            ],
            [
              28.1386756,
              45.0538394
            ],
            [
              28.141001,
              45.051824
            ],
            [
              28.1433264,
              45.0487235
            ],
            [
              28.1444117,
              45.0428323
            ],
            [
              28.1423963,
              45.0364503
            ],
            [
              28.1330945,
              45.0256241
            ],
            [
              28.1307691,
              45.0185961
            ],
            [
              28.141001,
              44.9823709
            ],
            [
              28.1413627,
              44.9597883
            ],
            [
              28.1273584,
              44.9497114
            ],
            [
              28.1241028,
              44.9448538
            ],
            [
              28.125188,
              44.9005154
            ],
            [
              28.126635,
              44.8957612
            ],
            [
              28.125033,
              44.8916013
            ],
            [
              28.1170748,
              44.8814468
            ],
            [
              28.0902031,
              44.8560737
            ],
            [
              28.0800745,
              44.8407775
            ],
            [
              28.0761471,
              44.816903
            ],
            [
              28.0701009,
              44.7959224
            ],
            [
              28.0548047,
              44.7770088
            ],
            [
              28.0347026,
              44.763237
            ],
            [
              28.0140837,
              44.7579143
            ],
            [
              27.9950668,
              44.7610924
            ],
            [
              27.9650944,
              44.7752259
            ],
            [
              27.9457674,
              44.778404
            ],
            [
              27.9266472,
              44.7778356
            ],
            [
              27.9108859,
              44.7753035
            ],
            [
              27.8947628,
              44.7689731
            ],
            [
              27.8837041,
              44.7579143
            ],
            [
              27.8768828,
              44.7442459
            ],
            [
              27.8844792,
              44.7260041
            ],
            [
              27.8985352,
              44.7081241
            ],
            [
              27.9163636,
              44.6944557
            ],
            [
              27.9352255,
              44.6890038
            ],
            [
              27.9602885,
              44.68642
            ],
            [
              27.9779619,
              44.6792886
            ],
            [
              28.0307752,
              44.637069
            ],
            [
              28.0345476,
              44.6309712
            ],
            [
              28.0336174,
              44.6218244
            ],
            [
              28.0280363,
              44.5982083
            ],
            [
              28.0213701,
              44.5879764
            ],
            [
              28.0215251,
              44.5524747
            ],
            [
              28.0152206,
              44.5433279
            ],
            [
              28.0039034,
              44.5399173
            ],
            [
              28.0072107,
              44.531985
            ],
            [
              28.0203365,
              44.5222956
            ],
            [
              28.0426091,
              44.5135106
            ],
            [
              28.0670004,
              44.5071544
            ],
            [
              28.086069,
              44.504674
            ],
            [
              28.0933553,
              44.4968192
            ],
            [
              28.102192,
              44.4785257
            ],
            [
              28.1090133,
              44.4578035
            ],
            [
              28.1102535,
              44.4426106
            ],
            [
              28.0987814,
              44.4303891
            ],
            [
              28.0572852,
              44.4058686
            ],
            [
              28.0481901,
              44.3982205
            ],
            [
              28.0227653,
              44.354709
            ],
            [
              27.9935165,
              44.3044278
            ],
            [
              27.9675232,
              44.2805533
            ],
            [
              27.9339852,
              44.2660322
            ],
            [
              27.7888261,
              44.2398839
            ],
            [
              27.7532211,
              44.2188516
            ],
            [
              27.7329122,
              44.2098599
            ],
            [
              27.6918295,
              44.2045373
            ],
            [
              27.6079586,
              44.2054674
            ],
            [
              27.5690463,
              44.1955456
            ],
            [
              27.5160262,
              44.1727046
            ],
            [
              27.5069829,
              44.1654699
            ],
            [
              27.4995415,
              44.1558581
            ],
            [
              27.4819198,
              44.1458328
            ],
            [
              27.4613526,
              44.1377713
            ],
            [
              27.4448678,
              44.1341281
            ],
            [
              27.2924223,
              44.1515689
            ],
            [
              27.2777462,
              44.1424997
            ],
            [
              27.2653439,
              44.1347482
            ],
            [
              27.2527865,
              44.1216483
            ],
            [
              27.2526625,
              44.1215189
            ],
            [
              27.2690121,
              44.112399
            ],
            [
              27.2643095,
              44.0897647
            ],
            [
              27.2853418,
              44.0724531
            ],
            [
              27.3416691,
              44.0530744
            ],
            [
              27.3535547,
              44.0452713
            ],
            [
              27.3728817,
              44.020725
            ]
          ]
        ]
      }
    },
    {
      "type": "Feature",
      "properties": {
        "NAME": "Maramureș",
        "NAME_LOCAL": "Maramureș / Máramaros",
        "EMPIRE": "Österreich-Ungarn",
        "NOTE": "Um 1900 nördlichster Teil des Königreichs Ungarn. Reich an Salz und Holz; Sathmar (Satu Mare) am Südrand.",
        "SOURCE": "Natural Earth 10m admin-1 (public domain) dissolved by region"
      },
      "geometry": {
        "type": "Polygon",
        "coordinates": [
          [
            [
              23.5817436,
              48.0015673
            ],
            [
              23.5632434,
              48.0057531
            ],
            [
              23.525623,
              48.0011797
            ],
            [
              23.5144609,
              47.9989835
            ],
            [
              23.5037122,
              47.9928856
            ],
            [
              23.4993714,
              47.9862194
            ],
            [
              23.4943071,
              47.980535
            ],
            [
              23.4885193,
              47.9758583
            ],
            [
              23.4854756,
              47.9742342
            ],
            [
              23.4815947,
              47.9721634
            ],
            [
              23.4608208,
              47.9713366
            ],
            [
              23.3960185,
              47.9930665
            ],
            [
              23.3944682,
              47.9934541
            ],
            [
              23.3930213,
              47.9935833
            ],
            [
              23.3915743,
              47.9934541
            ],
            [
              23.3901274,
              47.9930665
            ],
            [
              23.3821692,
              47.9911286
            ],
            [
              23.3747278,
              47.9905602
            ],
            [
              23.3672864,
              47.9912062
            ],
            [
              23.3600517,
              47.993144
            ],
            [
              23.3375208,
              48.010869
            ],
            [
              23.2897718,
              48.0382059
            ],
            [
              23.2486373,
              48.0712271
            ],
            [
              23.2313774,
              48.0797279
            ],
            [
              23.1617176,
              48.0959026
            ],
            [
              23.1390833,
              48.0981247
            ],
            [
              23.1186194,
              48.091536
            ],
            [
              23.0989824,
              48.0712271
            ],
            [
              23.0765548,
              48.0245116
            ],
            [
              23.0631189,
              48.0074584
            ],
            [
              23.0203309,
              47.9847208
            ],
            [
              23.0044145,
              47.9830671
            ],
            [
              22.9881881,
              47.9863744
            ],
            [
              22.9724785,
              47.9928856
            ],
            [
              22.9570789,
              48.0001203
            ],
            [
              22.9393022,
              48.0056497
            ],
            [
              22.9241093,
              48.0048229
            ],
            [
              22.9157378,
              47.992989
            ],
            [
              22.9242127,
              47.9727318
            ],
            [
              22.9158411,
              47.9591926
            ],
            [
              22.8978577,
              47.9509761
            ],
            [
              22.8776005,
              47.9467386
            ],
            [
              22.8611674,
              47.9338195
            ],
            [
              22.8360527,
              47.9024519
            ],
            [
              22.8197229,
              47.8923233
            ],
            [
              22.779622,
              47.8822981
            ],
            [
              22.7636023,
              47.8747533
            ],
            [
              22.7528536,
              47.8612399
            ],
            [
              22.7532671,
              47.8526875
            ],
            [
              22.7583313,
              47.8462279
            ],
            [
              22.760295,
              47.8389157
            ],
            [
              22.7518201,
              47.8276761
            ],
            [
              22.7458256,
              47.8249889
            ],
            [
              22.7242249,
              47.8234903
            ],
            [
              22.7038644,
              47.8171858
            ],
            [
              22.6916687,
              47.8107004
            ],
            [
              22.6669674,
              47.7887896
            ],
            [
              22.6377185,
              47.7715555
            ],
            [
              22.601235,
              47.760936
            ],
            [
              22.5629944,
              47.7572153
            ],
            [
              22.5284746,
              47.7610393
            ],
            [
              22.4543706,
              47.7873943
            ],
            [
              22.4236748,
              47.7825626
            ],
            [
              22.407345,
              47.7430818
            ],
            [
              22.3958728,
              47.735692
            ],
            [
              22.3826437,
              47.732023
            ],
            [
              22.3682776,
              47.7311703
            ],
            [
              22.3220789,
              47.7358729
            ],
            [
              22.3093665,
              47.7350461
            ],
            [
              22.2915898,
              47.7307053
            ],
            [
              22.2730896,
              47.7237548
            ],
            [
              22.2617208,
              47.7158483
            ],
            [
              22.23981,
              47.6934724
            ],
            [
              22.2321619,
              47.6882531
            ],
            [
              22.215212,
              47.6799332
            ],
            [
              22.207874,
              47.673732
            ],
            [
              22.2041533,
              47.6662906
            ],
            [
              22.2007426,
              47.6479455
            ],
            [
              22.197642,
              47.6393155
            ],
            [
              22.1728374,
              47.6153893
            ],
            [
              22.1698401,
              47.6087747
            ],
            [
              22.1691167,
              47.601385
            ],
            [
              22.167608,
              47.5948623
            ],
            [
              22.1723214,
              47.5898603
            ],
            [
              22.1927853,
              47.5680529
            ],
            [
              22.2050326,
              47.5483383
            ],
            [
              22.2134042,
              47.5391141
            ],
            [
              22.2250314,
              47.5310526
            ],
            [
              22.2661658,
              47.5103303
            ],
            [
              22.2812036,
              47.496326
            ],
            [
              22.2969133,
              47.4762755
            ],
            [
              22.3255937,
              47.4461482
            ],
            [
              22.3338103,
              47.4343143
            ],
            [
              22.3453341,
              47.4134887
            ],
            [
              22.3515353,
              47.4057372
            ],
            [
              22.3602169,
              47.4010347
            ],
            [
              22.3772701,
              47.3986575
            ],
            [
              22.3875021,
              47.3997427
            ],
            [
              22.3957703,
              47.401784
            ],
            [
              22.404917,
              47.4023782
            ],
            [
              22.4140638,
              47.4018615
            ],
            [
              22.4284815,
              47.3996911
            ],
            [
              22.4384034,
              47.4013447
            ],
            [
              22.4624846,
              47.4105431
            ],
            [
              22.4722514,
              47.4123518
            ],
            [
              22.4827934,
              47.4102847
            ],
            [
              22.4969011,
              47.4040836
            ],
            [
              22.5128691,
              47.3944201
            ],
            [
              22.5428414,
              47.3829479
            ],
            [
              22.5547787,
              47.3758166
            ],
            [
              22.5639254,
              47.3638018
            ],
            [
              22.5712635,
              47.3390488
            ],
            [
              22.5807202,
              47.3214013
            ],
            [
              22.62356,
              47.3447073
            ],
            [
              22.7546631,
              47.3879347
            ],
            [
              22.7824134,
              47.3928956
            ],
            [
              22.8018437,
              47.3927664
            ],
            [
              22.9118628,
              47.3720442
            ],
            [
              22.9258155,
              47.3659722
            ],
            [
              22.9495349,
              47.35003
            ],
            [
              22.9644694,
              47.3440356
            ],
            [
              23.0055522,
              47.3368525
            ],
            [
              23.0160942,
              47.3330285
            ],
            [
              23.0333541,
              47.3197476
            ],
            [
              23.0454464,
              47.3142699
            ],
            [
              23.0510275,
              47.3160528
            ],
            [
              23.0553683,
              47.3206778
            ],
            [
              23.0598641,
              47.3272665
            ],
            [
              23.0663754,
              47.3331318
            ],
            [
              23.1050293,
              47.3554302
            ],
            [
              23.1103003,
              47.3617606
            ],
            [
              23.1118506,
              47.3689953
            ],
            [
              23.1103003,
              47.3768501
            ],
            [
              23.1020838,
              47.3900793
            ],
            [
              23.0904566,
              47.4042903
            ],
            [
              23.1405827,
              47.416951
            ],
            [
              23.2453308,
              47.4164342
            ],
            [
              23.2718409,
              47.4131528
            ],
            [
              23.2917363,
              47.4084761
            ],
            [
              23.3321989,
              47.3940583
            ],
            [
              23.4571009,
              47.3651712
            ],
            [
              23.4799418,
              47.3626391
            ],
            [
              23.6335242,
              47.367445
            ],
            [
              23.6569853,
              47.3645769
            ],
            [
              23.6700078,
              47.3592284
            ],
            [
              23.6724882,
              47.3515286
            ],
            [
              23.6782243,
              47.3435705
            ],
            [
              23.687061,
              47.3355606
            ],
            [
              23.7074215,
              47.3292819
            ],
            [
              23.7190487,
              47.3244502
            ],
            [
              23.7283505,
              47.3187141
            ],
            [
              23.736257,
              47.3125646
            ],
            [
              23.7496411,
              47.3066993
            ],
            [
              23.7620435,
              47.3048648
            ],
            [
              23.7766162,
              47.3053299
            ],
            [
              23.7876233,
              47.3076295
            ],
            [
              23.8129448,
              47.3165178
            ],
            [
              23.8414702,
              47.3332352
            ],
            [
              24.0075065,
              47.3246052
            ],
            [
              24.0460055,
              47.35003
            ],
            [
              24.1071387,
              47.4109049
            ],
            [
              24.114115,
              47.4207234
            ],
            [
              24.1173706,
              47.4299735
            ],
            [
              24.119076,
              47.4455281
            ],
            [
              24.1209363,
              47.4515484
            ],
            [
              24.1258973,
              47.456716
            ],
            [
              24.1403667,
              47.461186
            ],
            [
              24.2249093,
              47.4732008
            ],
            [
              24.2450631,
              47.4817016
            ],
            [
              24.2551917,
              47.4900215
            ],
            [
              24.2744153,
              47.5211307
            ],
            [
              24.2823218,
              47.5299157
            ],
            [
              24.2962744,
              47.5377188
            ],
            [
              24.3656759,
              47.559087
            ],
            [
              24.3833492,
              47.5621101
            ],
            [
              24.5709347,
              47.5321636
            ],
            [
              24.7591919,
              47.5365044
            ],
            [
              24.7801209,
              47.5407161
            ],
            [
              24.7957788,
              47.5484675
            ],
            [
              24.8370683,
              47.5746675
            ],
            [
              24.8707613,
              47.5828323
            ],
            [
              24.9562342,
              47.5822897
            ],
            [
              25.0158171,
              47.5964749
            ],
            [
              25.0246538,
              47.6029345
            ],
            [
              25.0323019,
              47.6123396
            ],
            [
              25.0299248,
              47.6230624
            ],
            [
              25.0218632,
              47.632235
            ],
            [
              24.9787651,
              47.6625691
            ],
            [
              24.9548389,
              47.688459
            ],
            [
              24.9423802,
              47.7155629
            ],
            [
              24.928858,
              47.7139377
            ],
            [
              24.8965988,
              47.7100605
            ],
            [
              24.8777885,
              47.7187422
            ],
            [
              24.8544308,
              47.7431334
            ],
            [
              24.8207378,
              47.784087
            ],
            [
              24.8082321,
              47.7957401
            ],
            [
              24.7936593,
              47.8044734
            ],
            [
              24.7128374,
              47.8259191
            ],
            [
              24.6791443,
              47.8401301
            ],
            [
              24.661471,
              47.853876
            ],
            [
              24.6569235,
              47.8662009
            ],
            [
              24.6559933,
              47.8793008
            ],
            [
              24.6492754,
              47.8952172
            ],
            [
              24.6336691,
              47.9082913
            ],
            [
              24.608451,
              47.9219339
            ],
            [
              24.5698085,
              47.9372885
            ],
            [
              24.5616321,
              47.9405374
            ],
            [
              24.5420984,
              47.9438189
            ],
            [
              24.4855644,
              47.9431988
            ],
            [
              24.4285136,
              47.9525263
            ],
            [
              24.4091866,
              47.9520613
            ],
            [
              24.3862423,
              47.9436897
            ],
            [
              24.3471749,
              47.9208745
            ],
            [
              24.2978756,
              47.9197893
            ],
            [
              24.2310063,
              47.8970259
            ],
            [
              24.2093022,
              47.8975943
            ],
            [
              24.1501844,
              47.9129164
            ],
            [
              24.1487374,
              47.9121154
            ],
            [
              24.1311674,
              47.9145442
            ],
            [
              24.0947872,
              47.9379278
            ],
            [
              24.0749435,
              47.9441806
            ],
            [
              24.0252308,
              47.9532498
            ],
            [
              24.0087976,
              47.961208
            ],
            [
              23.977275,
              47.9622932
            ],
            [
              23.8766093,
              47.9344396
            ],
            [
              23.8552153,
              47.9342329
            ],
            [
              23.848394,
              47.9496583
            ],
            [
              23.7965109,
              47.9819819
            ],
            [
              23.7800778,
              47.9875113
            ],
            [
              23.7105213,
              47.9850825
            ],
            [
              23.6872669,
              47.9872529
            ],
            [
              23.6461324,
              47.9966063
            ],
            [
              23.5817436,
              48.0015673
            ]
          ]
        ]
      }
    },
    {
      "type": "Feature",
      "properties": {
        "NAME": "Moldau",
        "NAME_LOCAL": "Moldova / Principatul Moldovei",
        "EMPIRE": "Königreich Rumänien",
        "NOTE": "Historisches Fürstentum Moldau; seit 1859 mit der Walachei vereint zum Königreich Rumänien (1881).",
        "SOURCE": "Natural Earth 10m admin-1 (public domain) dissolved by region"
      },
      "geometry": {
        "type": "Polygon",
        "coordinates": [
          [
            [
              28.0928378,
              46.0783772
            ],
            [
              28.1007959,
              46.0819945
            ],
            [
              28.1078228,
              46.096103
            ],
            [
              28.1105065,
              46.1014912
            ],
            [
              28.1273576,
              46.1353246
            ],
            [
              28.1332487,
              46.1599743
            ],
            [
              28.1447209,
              46.1832287
            ],
            [
              28.141517,
              46.191962
            ],
            [
              28.1356259,
              46.1988349
            ],
            [
              28.1293213,
              46.2046744
            ],
            [
              28.1109762,
              46.2256033
            ],
            [
              28.1089608,
              46.2341299
            ],
            [
              28.1208464,
              46.2378506
            ],
            [
              28.1321119,
              46.2399177
            ],
            [
              28.134489,
              46.2453437
            ],
            [
              28.1310783,
              46.262397
            ],
            [
              28.1352124,
              46.2693216
            ],
            [
              28.1449276,
              46.2729389
            ],
            [
              28.1562964,
              46.2753677
            ],
            [
              28.1657532,
              46.2788301
            ],
            [
              28.1777938,
              46.2870466
            ],
            [
              28.191333,
              46.3077689
            ],
            [
              28.1928833,
              46.3112312
            ],
            [
              28.1919532,
              46.3235043
            ],
            [
              28.1879224,
              46.3437873
            ],
            [
              28.1903512,
              46.3510737
            ],
            [
              28.2023918,
              46.3539159
            ],
            [
              28.207146,
              46.3581534
            ],
            [
              28.2129338,
              46.3886942
            ],
            [
              28.2195484,
              46.393345
            ],
            [
              28.2267963,
              46.3955482
            ],
            [
              28.2286434,
              46.3961097
            ],
            [
              28.2332943,
              46.4017683
            ],
            [
              28.2260596,
              46.4153592
            ],
            [
              28.240219,
              46.4202685
            ],
            [
              28.2460584,
              46.4278649
            ],
            [
              28.2472469,
              46.4361848
            ],
            [
              28.2471436,
              46.4671907
            ],
            [
              28.2458,
              46.4755106
            ],
            [
              28.2423377,
              46.4765183
            ],
            [
              28.2381002,
              46.4755881
            ],
            [
              28.2341211,
              46.4780685
            ],
            [
              28.2210987,
              46.4957677
            ],
            [
              28.2190316,
              46.5037259
            ],
            [
              28.2210987,
              46.5411913
            ],
            [
              28.2247677,
              46.5487361
            ],
            [
              28.2341211,
              46.5531286
            ],
            [
              28.2254395,
              46.5695617
            ],
            [
              28.2305038,
              46.5839019
            ],
            [
              28.240529,
              46.5963817
            ],
            [
              28.2471436,
              46.6071563
            ],
            [
              28.2473503,
              46.6208247
            ],
            [
              28.2450853,
              46.6314513
            ],
            [
              28.2442497,
              46.6353716
            ],
            [
              28.2341211,
              46.6624242
            ],
            [
              28.1781039,
              46.7398355
            ],
            [
              28.1781556,
              46.7586457
            ],
            [
              28.1377963,
              46.8062397
            ],
            [
              28.1215182,
              46.8343
            ],
            [
              28.1226153,
              46.8422695
            ],
            [
              28.124257,
              46.8541955
            ],
            [
              28.124257,
              46.8616369
            ],
            [
              28.1130949,
              46.8714295
            ],
            [
              28.1143352,
              46.8833926
            ],
            [
              28.11356,
              46.8947615
            ],
            [
              28.0968685,
              46.9026163
            ],
            [
              28.1054468,
              46.91768
            ],
            [
              28.1049941,
              46.9201847
            ],
            [
              28.1022946,
              46.9351207
            ],
            [
              28.0827092,
              46.9715268
            ],
            [
              28.0690666,
              46.9885025
            ],
            [
              28.0381463,
              47.0154829
            ],
            [
              28.0370272,
              47.0164595
            ],
            [
              28.0280355,
              47.0329701
            ],
            [
              28.0082951,
              47.0263038
            ],
            [
              27.986591,
              47.0332285
            ],
            [
              27.9631299,
              47.0433829
            ],
            [
              27.9387386,
              47.0466385
            ],
            [
              27.9384286,
              47.0610562
            ],
            [
              27.9259229,
              47.068756
            ],
            [
              27.8976042,
              47.0814167
            ],
            [
              27.8670118,
              47.1046453
            ],
            [
              27.85771,
              47.109322
            ],
            [
              27.8482015,
              47.1114149
            ],
            [
              27.8437574,
              47.1143863
            ],
            [
              27.8498552,
              47.1217243
            ],
            [
              27.8498552,
              47.1285198
            ],
            [
              27.8065503,
              47.144617
            ],
            [
              27.7946648,
              47.1558308
            ],
            [
              27.8058785,
              47.1582337
            ],
            [
              27.8076872,
              47.1624712
            ],
            [
              27.8047933,
              47.1684915
            ],
            [
              27.8021062,
              47.1763463
            ],
            [
              27.8003492,
              47.1769665
            ],
            [
              27.7883086,
              47.2042774
            ],
            [
              27.7630388,
              47.2263174
            ],
            [
              27.7523934,
              47.2389265
            ],
            [
              27.7536337,
              47.2514322
            ],
            [
              27.7332732,
              47.2756168
            ],
            [
              27.7228345,
              47.2833165
            ],
            [
              27.6978231,
              47.2875023
            ],
            [
              27.689865,
              47.2908871
            ],
            [
              27.6823202,
              47.2952538
            ],
            [
              27.6717265,
              47.299853
            ],
            [
              27.6446997,
              47.3039871
            ],
            [
              27.6369483,
              47.3066743
            ],
            [
              27.6240292,
              47.3214279
            ],
            [
              27.599948,
              47.3607278
            ],
            [
              27.588724,
              47.3673894
            ],
            [
              27.5864087,
              47.3687635
            ],
            [
              27.5723527,
              47.3751972
            ],
            [
              27.5803109,
              47.4059964
            ],
            [
              27.5625342,
              47.4165384
            ],
            [
              27.5655315,
              47.4282689
            ],
            [
              27.5693555,
              47.4385526
            ],
            [
              27.5747815,
              47.4462523
            ],
            [
              27.5829981,
              47.4506707
            ],
            [
              27.5758667,
              47.4604117
            ],
            [
              27.5631543,
              47.468344
            ],
            [
              27.5481682,
              47.474261
            ],
            [
              27.5345256,
              47.4779817
            ],
            [
              27.5329753,
              47.4774132
            ],
            [
              27.5072404,
              47.4779817
            ],
            [
              27.5014527,
              47.4799454
            ],
            [
              27.4975253,
              47.4824258
            ],
            [
              27.4925643,
              47.4845446
            ],
            [
              27.483676,
              47.4854231
            ],
            [
              27.473134,
              47.4917793
            ],
            [
              27.4667261,
              47.506352
            ],
            [
              27.4594914,
              47.5332238
            ],
            [
              27.4569076,
              47.5338956
            ],
            [
              27.4460555,
              47.5348774
            ],
            [
              27.4421281,
              47.5366344
            ],
            [
              27.4400611,
              47.5410269
            ],
            [
              27.4402678,
              47.5500961
            ],
            [
              27.4389759,
              47.5537135
            ],
            [
              27.4358236,
              47.5599405
            ],
            [
              27.4313423,
              47.5726375
            ],
            [
              27.4294039,
              47.5781297
            ],
            [
              27.4283822,
              47.5810245
            ],
            [
              27.3970663,
              47.589086
            ],
            [
              27.369161,
              47.6083096
            ],
            [
              27.3040487,
              47.666549
            ],
            [
              27.2811044,
              47.6930073
            ],
            [
              27.2720093,
              47.7149698
            ],
            [
              27.295057,
              47.7181737
            ],
            [
              27.295057,
              47.7244266
            ],
            [
              27.2895793,
              47.7316871
            ],
            [
              27.2911296,
              47.74241
            ],
            [
              27.2881145,
              47.7506801
            ],
            [
              27.2875122,
              47.7523318
            ],
            [
              27.282448,
              47.7556908
            ],
            [
              27.2646713,
              47.7645533
            ],
            [
              27.2608472,
              47.769075
            ],
            [
              27.2561963,
              47.7775499
            ],
            [
              27.2448792,
              47.7925878
            ],
            [
              27.2310816,
              47.807083
            ],
            [
              27.219196,
              47.8137751
            ],
            [
              27.2534058,
              47.8280895
            ],
            [
              27.2458094,
              47.8365903
            ],
            [
              27.2349056,
              47.8402076
            ],
            [
              27.2228134,
              47.8426623
            ],
            [
              27.2123747,
              47.8479332
            ],
            [
              27.2132015,
              47.8541344
            ],
            [
              27.2115479,
              47.8850111
            ],
            [
              27.2123747,
              47.8895069
            ],
            [
              27.1941846,
              47.9040539
            ],
            [
              27.1715503,
              47.9126321
            ],
            [
              27.1606983,
              47.9217272
            ],
            [
              27.1782683,
              47.9379278
            ],
            [
              27.1782683,
              47.9420957
            ],
            [
              27.1782683,
              47.9441289
            ],
            [
              27.1719637,
              47.9464285
            ],
            [
              27.1509831,
              47.9577973
            ],
            [
              27.1628687,
              47.9650062
            ],
            [
              27.1697933,
              47.9737912
            ],
            [
              27.1687598,
              47.9830671
            ],
            [
              27.1571843,
              47.9919555
            ],
            [
              27.1437484,
              47.9868395
            ],
            [
              27.1346017,
              48.0004562
            ],
            [
              27.1214759,
              48.0131945
            ],
            [
              27.0957927,
              48.005598
            ],
            [
              27.0933639,
              48.0084402
            ],
            [
              27.0914519,
              48.0118509
            ],
            [
              27.0900049,
              48.0156233
            ],
            [
              27.0889714,
              48.0198091
            ],
            [
              27.1093319,
              48.0260877
            ],
            [
              27.1093319,
              48.0335033
            ],
            [
              27.0831836,
              48.0436577
            ],
            [
              27.0592058,
              48.0580496
            ],
            [
              27.0417391,
              48.0772733
            ],
            [
              27.0342977,
              48.1017679
            ],
            [
              27.0368816,
              48.1073489
            ],
            [
              27.0474235,
              48.1164957
            ],
            [
              27.0479548,
              48.1214094
            ],
            [
              27.0480437,
              48.1222318
            ],
            [
              27.0427727,
              48.127296
            ],
            [
              27.0336776,
              48.1323862
            ],
            [
              27.0250993,
              48.1350475
            ],
            [
              27.012697,
              48.1281229
            ],
            [
              26.9939901,
              48.132412
            ],
            [
              26.9666016,
              48.1433674
            ],
            [
              26.9666016,
              48.1495944
            ],
            [
              26.9862386,
              48.1504212
            ],
            [
              26.9976075,
              48.1579402
            ],
            [
              26.9976075,
              48.1665701
            ],
            [
              26.9630876,
              48.175381
            ],
            [
              26.9556462,
              48.1860005
            ],
            [
              26.9505819,
              48.1975243
            ],
            [
              26.9381279,
              48.2048107
            ],
            [
              26.9290845,
              48.1990488
            ],
            [
              26.9177157,
              48.1879642
            ],
            [
              26.9080005,
              48.1845277
            ],
            [
              26.9039698,
              48.2014517
            ],
            [
              26.8976652,
              48.2089706
            ],
            [
              26.8554973,
              48.2378319
            ],
            [
              26.8447486,
              48.2333102
            ],
            [
              26.8219076,
              48.2525339
            ],
            [
              26.804906,
              48.25827
            ],
            [
              26.7637199,
              48.2527406
            ],
            [
              26.7440312,
              48.2555828
            ],
            [
              26.7331275,
              48.2707498
            ],
            [
              26.7223788,
              48.2597686
            ],
            [
              26.7114751,
              48.2613189
            ],
            [
              26.6885307,
              48.2748323
            ],
            [
              26.6657414,
              48.2742121
            ],
            [
              26.617889,
              48.2589676
            ],
            [
              26.5873999,
              48.2493558
            ],
            [
              26.4613094,
              48.2303905
            ],
            [
              26.4446696,
              48.2277292
            ],
            [
              26.3974374,
              48.2262047
            ],
            [
              26.3804875,
              48.2232075
            ],
            [
              26.3473112,
              48.2120971
            ],
            [
              26.330258,
              48.2085056
            ],
            [
              26.3117579,
              48.20972
            ],
            [
              26.3034896,
              48.2120454
            ],
            [
              26.2961516,
              48.1789983
            ],
            [
              26.2974952,
              48.1563382
            ],
            [
              26.2869532,
              48.1247122
            ],
            [
              26.2707268,
              48.093603
            ],
            [
              26.2553272,
              48.0723382
            ],
            [
              26.2432349,
              48.0629072
            ],
            [
              26.2170866,
              48.0480244
            ],
            [
              26.2047876,
              48.037379
            ],
            [
              26.1826701,
              48.0032726
            ],
            [
              26.1730583,
              47.993144
            ],
            [
              26.1257227,
              47.9784162
            ],
            [
              26.1025304,
              47.9782671
            ],
            [
              26.119419,
              47.9174889
            ],
            [
              26.1267054,
              47.9062751
            ],
            [
              26.1415882,
              47.8962757
            ],
            [
              26.1683049,
              47.8850361
            ],
            [
              26.2086642,
              47.8616267
            ],
            [
              26.2596688,
              47.8422739
            ],
            [
              26.2832849,
              47.8262542
            ],
            [
              26.3970248,
              47.728379
            ],
            [
              26.4160934,
              47.706494
            ],
            [
              26.4821875,
              47.6508902
            ],
            [
              26.4946416,
              47.6364725
            ],
            [
              26.5267326,
              47.6140449
            ],
            [
              26.5371196,
              47.6023144
            ],
            [
              26.546318,
              47.5805844
            ],
            [
              26.562131,
              47.5283654
            ],
            [
              26.5627511,
              47.515653
            ],
            [
              26.5605807,
              47.5009769
            ],
            [
              26.5599606,
              47.4894014
            ],
            [
              26.562286,
              47.4780842
            ],
            [
              26.567557,
              47.468059
            ],
            [
              26.5922067,
              47.4445462
            ],
            [
              26.6064694,
              47.4358646
            ],
            [
              26.6172181,
              47.4307228
            ],
            [
              26.6584558,
              47.4266662
            ],
            [
              26.6733903,
              47.4127135
            ],
            [
              26.6755607,
              47.4036702
            ],
            [
              26.6724602,
              47.3927406
            ],
            [
              26.6620732,
              47.3746797
            ],
            [
              26.6603162,
              47.3624065
            ],
            [
              26.6561304,
              47.3529239
            ],
            [
              26.6472937,
              47.3476529
            ],
            [
              26.6260547,
              47.344914
            ],
            [
              26.5211516,
              47.3534407
            ],
            [
              26.5045634,
              47.3500817
            ],
            [
              26.5005327,
              47.340935
            ],
            [
              26.5113847,
              47.3243985
            ],
            [
              26.572673,
              47.2857445
            ],
            [
              26.577944,
              47.2786907
            ],
            [
              26.5694174,
              47.2710168
            ],
            [
              26.5590304,
              47.2655907
            ],
            [
              26.4823426,
              47.2536018
            ],
            [
              26.4473059,
              47.2809903
            ],
            [
              26.4327332,
              47.2887934
            ],
            [
              26.4154733,
              47.2939094
            ],
            [
              26.3957845,
              47.2967516
            ],
            [
              26.3757341,
              47.29701
            ],
            [
              26.3530998,
              47.2931859
            ],
            [
              26.2593588,
              47.2598805
            ],
            [
              26.2229269,
              47.2537051
            ],
            [
              26.1104273,
              47.2540669
            ],
            [
              26.0587508,
              47.2449202
            ],
            [
              26.0396306,
              47.2453852
            ],
            [
              26.0231975,
              47.249261
            ],
            [
              26.0107951,
              47.2551004
            ],
            [
              25.9966875,
              47.2582527
            ],
            [
              25.982063,
              47.2574775
            ],
            [
              25.9089925,
              47.2340164
            ],
            [
              25.8913192,
              47.231846
            ],
            [
              25.8784518,
              47.2332671
            ],
            [
              25.8656877,
              47.2394941
            ],
            [
              25.8202641,
              47.2685363
            ],
            [
              25.8065699,
              47.2745307
            ],
            [
              25.7941675,
              47.2779414
            ],
            [
              25.7834705,
              47.2776313
            ],
            [
              25.775719,
              47.2742207
            ],
            [
              25.7715332,
              47.2685363
            ],
            [
              25.7743238,
              47.2616116
            ],
            [
              25.7918421,
              47.2446359
            ],
            [
              25.8119959,
              47.2318977
            ],
            [
              25.8194373,
              47.2246113
            ],
            [
              25.8216077,
              47.2163172
            ],
            [
              25.819644,
              47.206938
            ],
            [
              25.8121509,
              47.1969644
            ],
            [
              25.7950977,
              47.1866033
            ],
            [
              25.7559786,
              47.1692659
            ],
            [
              25.7407858,
              47.1596799
            ],
            [
              25.6962407,
              47.1230154
            ],
            [
              25.6835283,
              47.1058072
            ],
            [
              25.6720561,
              47.0799173
            ],
            [
              25.671281,
              47.0579031
            ],
            [
              25.6937602,
              47.0541824
            ],
            [
              25.7220272,
              47.0456042
            ],
            [
              25.7370651,
              47.0389896
            ],
            [
              25.7505526,
              47.0277758
            ],
            [
              25.7626966,
              47.0124796
            ],
            [
              25.7794397,
              46.983179
            ],
            [
              25.7918421,
              46.9661
            ],
            [
              25.8093604,
              46.9497444
            ],
            [
              25.8430534,
              46.9323036
            ],
            [
              25.8571611,
              46.922976
            ],
            [
              25.8658427,
              46.9128474
            ],
            [
              25.8712688,
              46.8964143
            ],
            [
              25.8704936,
              46.8884044
            ],
            [
              25.8667729,
              46.8837019
            ],
            [
              25.8602617,
              46.8832885
            ],
            [
              25.8419682,
              46.8856656
            ],
            [
              25.8320463,
              46.8853039
            ],
            [
              25.8244499,
              46.8825133
            ],
            [
              25.8194373,
              46.8778108
            ],
            [
              25.8169568,
              46.8698009
            ],
            [
              25.8165434,
              46.8591814
            ],
            [
              25.8281706,
              46.6936101
            ],
            [
              25.8328215,
              46.6811561
            ],
            [
              25.840883,
              46.6701749
            ],
            [
              25.8557658,
              46.657695
            ],
            [
              25.8889938,
              46.6347765
            ],
            [
              25.900931,
              46.630074
            ],
            [
              25.911163,
              46.6292988
            ],
            [
              25.9150387,
              46.6355517
            ],
            [
              25.9136434,
              46.6446467
            ],
            [
              25.9072872,
              46.6657565
            ],
            [
              25.9069772,
              46.6748258
            ],
            [
              25.9175192,
              46.679735
            ],
            [
              25.927131,
              46.6818537
            ],
            [
              26.0087797,
              46.6679528
            ],
            [
              26.0120354,
              46.5935904
            ],
            [
              26.0289335,
              46.5485286
            ],
            [
              26.0416459,
              46.5320438
            ],
            [
              26.0562704,
              46.5171093
            ],
            [
              26.0691378,
              46.4986091
            ],
            [
              26.069913,
              46.4871886
            ],
            [
              26.0603011,
              46.4801606
            ],
            [
              26.0462968,
              46.4766983
            ],
            [
              26.0324992,
              46.4682751
            ],
            [
              26.0242827,
              46.4548909
            ],
            [
              26.0188566,
              46.4268306
            ],
            [
              26.0249028,
              46.4126712
            ],
            [
              26.0387004,
              46.4032919
            ],
            [
              26.0798348,
              46.3953079
            ],
            [
              26.1325965,
              46.3906571
            ],
            [
              26.1468592,
              46.3847143
            ],
            [
              26.1619487,
              46.3730871
            ],
            [
              26.1673747,
              46.3616666
            ],
            [
              26.1681499,
              46.3500394
            ],
            [
              26.1602434,
              46.3262424
            ],
            [
              26.1594682,
              46.3125481
            ],
            [
              26.1678398,
              46.3062178
            ],
            [
              26.1822575,
              46.3057268
            ],
            [
              26.2078374,
              46.3114888
            ],
            [
              26.2471114,
              46.3265524
            ],
            [
              26.2619943,
              46.3282578
            ],
            [
              26.2758435,
              46.3266816
            ],
            [
              26.2927417,
              46.3197053
            ],
            [
              26.2989429,
              46.311127
            ],
            [
              26.3001831,
              46.302032
            ],
            [
              26.2868506,
              46.2761938
            ],
            [
              26.2845252,
              46.2672021
            ],
            [
              26.2798743,
              46.2265069
            ],
            [
              26.2755335,
              46.2164041
            ],
            [
              26.2633895,
              46.1987308
            ],
            [
              26.2590487,
              46.1880596
            ],
            [
              26.2516073,
              46.1502841
            ],
            [
              26.2932068,
              46.1600768
            ],
            [
              26.3250395,
              46.1793521
            ],
            [
              26.3337211,
              46.1804632
            ],
            [
              26.3417827,
              46.1775951
            ],
            [
              26.3551152,
              46.1658646
            ],
            [
              26.3633317,
              46.1608261
            ],
            [
              26.4001254,
              46.1445222
            ],
            [
              26.4100472,
              46.136254
            ],
            [
              26.4148531,
              46.1279857
            ],
            [
              26.4128378,
              46.1212678
            ],
            [
              26.3987301,
              46.1103641
            ],
            [
              26.3960946,
              46.1033878
            ],
            [
              26.4021407,
              46.0943444
            ],
            [
              26.4212093,
              46.0874197
            ],
            [
              26.4320614,
              46.0815803
            ],
            [
              26.4406397,
              46.0747849
            ],
            [
              26.4459107,
              46.0657156
            ],
            [
              26.4552124,
              46.04458
            ],
            [
              26.4614136,
              46.0353816
            ],
            [
              26.4680799,
              46.0273717
            ],
            [
              26.484823,
              46.0212481
            ],
            [
              26.4208993,
              45.9504514
            ],
            [
              26.4047762,
              45.9175076
            ],
            [
              26.4032259,
              45.9025473
            ],
            [
              26.3891183,
              45.8520336
            ],
            [
              26.3804366,
              45.802941
            ],
            [
              26.42462,
              45.7731754
            ],
            [
              26.4663745,
              45.7308524
            ],
            [
              26.5321586,
              45.6503922
            ],
            [
              26.5512789,
              45.63445
            ],
            [
              26.5689523,
              45.6247606
            ],
            [
              26.5971676,
              45.6220218
            ],
            [
              26.6113269,
              45.6223835
            ],
            [
              26.6232642,
              45.6244764
            ],
            [
              26.6338062,
              45.6279646
            ],
            [
              26.6466736,
              45.6278612
            ],
            [
              26.6693596,
              45.621195
            ],
            [
              26.7325082,
              45.5830578
            ],
            [
              26.7548324,
              45.5633174
            ],
            [
              26.7889905,
              45.5456957
            ],
            [
              26.8314685,
              45.5283841
            ],
            [
              26.8433024,
              45.5249735
            ],
            [
              26.8631462,
              45.5228547
            ],
            [
              26.877874,
              45.5190307
            ],
            [
              26.8880026,
              45.5180488
            ],
            [
              26.8945138,
              45.5186689
            ],
            [
              26.8986996,
              45.5219245
            ],
            [
              26.90087,
              45.5261362
            ],
            [
              26.9014901,
              45.5291076
            ],
            [
              26.900715,
              45.5320015
            ],
            [
              26.8991647,
              45.5343786
            ],
            [
              26.8977694,
              45.5379442
            ],
            [
              26.8999398,
              45.5416908
            ],
            [
              26.9070712,
              45.5452306
            ],
            [
              26.9224191,
              45.5457474
            ],
            [
              26.9463452,
              45.5424918
            ],
            [
              26.9758008,
              45.5333192
            ],
            [
              26.9930091,
              45.524095
            ],
            [
              26.9992102,
              45.5151549
            ],
            [
              26.9985901,
              45.50668
            ],
            [
              26.9992102,
              45.4947427
            ],
            [
              27.0062382,
              45.4818236
            ],
            [
              27.0324382,
              45.4624967
            ],
            [
              27.0501632,
              45.4542543
            ],
            [
              27.0638058,
              45.4506886
            ],
            [
              27.0765182,
              45.4516188
            ],
            [
              27.0884554,
              45.4550552
            ],
            [
              27.1123816,
              45.4647187
            ],
            [
              27.1244739,
              45.4674576
            ],
            [
              27.1378064,
              45.4678193
            ],
            [
              27.1441626,
              45.4638919
            ],
            [
              27.145868,
              45.4572257
            ],
            [
              27.1433875,
              45.4391389
            ],
            [
              27.1471082,
              45.4303539
            ],
            [
              27.1556348,
              45.4285452
            ],
            [
              27.1647815,
              45.4314391
            ],
            [
              27.1735148,
              45.4371752
            ],
            [
              27.1814213,
              45.4438415
            ],
            [
              27.1910332,
              45.4491641
            ],
            [
              27.200645,
              45.4514379
            ],
            [
              27.2170781,
              45.4491125
            ],
            [
              27.2278268,
              45.4447716
            ],
            [
              27.2377487,
              45.4382604
            ],
            [
              27.2459652,
              45.4364001
            ],
            [
              27.2637936,
              45.4369685
            ],
            [
              27.2760926,
              45.4348498
            ],
            [
              27.2830689,
              45.4299663
            ],
            [
              27.2869446,
              45.4232226
            ],
            [
              27.2884949,
              45.4155228
            ],
            [
              27.2909754,
              45.407668
            ],
            [
              27.2977967,
              45.3999165
            ],
            [
              27.3075635,
              45.3965317
            ],
            [
              27.3556743,
              45.386894
            ],
            [
              27.3776884,
              45.3851887
            ],
            [
              27.4234737,
              45.3865323
            ],
            [
              27.4327755,
              45.4067378
            ],
            [
              27.4577869,
              45.4340488
            ],
            [
              27.4832117,
              45.4572773
            ],
            [
              27.5007817,
              45.4686978
            ],
            [
              27.5209355,
              45.4776895
            ],
            [
              27.5800533,
              45.4933475
            ],
            [
              27.6373108,
              45.4755191
            ],
            [
              27.6723474,
              45.476811
            ],
            [
              27.6906926,
              45.4791623
            ],
            [
              27.7026298,
              45.4770177
            ],
            [
              27.7113115,
              45.47154
            ],
            [
              27.7313619,
              45.4543318
            ],
            [
              27.7651583,
              45.4331444
            ],
            [
              27.8202454,
              45.4123705
            ],
            [
              27.8554887,
              45.4074096
            ],
            [
              27.9212728,
              45.4094766
            ],
            [
              27.9448373,
              45.4066344
            ],
            [
              27.9696936,
              45.4011567
            ],
            [
              28.0302067,
              45.3954206
            ],
            [
              28.0436943,
              45.4112853
            ],
            [
              28.0511357,
              45.4150318
            ],
            [
              28.0613676,
              45.4161171
            ],
            [
              28.1049825,
              45.4266332
            ],
            [
              28.1158346,
              45.4279768
            ],
            [
              28.124878,
              45.4280285
            ],
            [
              28.1422412,
              45.4242303
            ],
            [
              28.1712317,
              45.4143859
            ],
            [
              28.1816704,
              45.4130165
            ],
            [
              28.1870964,
              45.4143859
            ],
            [
              28.1908171,
              45.4170214
            ],
            [
              28.1943828,
              45.4234293
            ],
            [
              28.1960881,
              45.4287261
            ],
            [
              28.1998088,
              45.4369168
            ],
            [
              28.2137614,
              45.4488024
            ],
            [
              28.2151461,
              45.4503651
            ],
            [
              28.2129338,
              45.4501985
            ],
            [
              28.1994979,
              45.461774
            ],
            [
              28.1729362,
              45.4843566
            ],
            [
              28.1659082,
              45.4945885
            ],
            [
              28.1653915,
              45.5282816
            ],
            [
              28.1640479,
              45.530607
            ],
            [
              28.1615674,
              45.5327257
            ],
            [
              28.1577434,
              45.5389269
            ],
            [
              28.1409485,
              45.5602176
            ],
            [
              28.1180042,
              45.5727233
            ],
            [
              28.062142,
              45.5936006
            ],
            [
              28.074751,
              45.604866
            ],
            [
              28.0911841,
              45.6159765
            ],
            [
              28.1077206,
              45.6243997
            ],
            [
              28.1208464,
              45.627707
            ],
            [
              28.1537126,
              45.6275003
            ],
            [
              28.1679753,
              45.6324612
            ],
            [
              28.1617741,
              45.645432
            ],
            [
              28.1637378,
              45.6615034
            ],
            [
              28.1549528,
              45.7618074
            ],
            [
              28.1464779,
              45.7711608
            ],
            [
              28.1289079,
              45.7950353
            ],
            [
              28.1133016,
              45.8253694
            ],
            [
              28.1105111,
              45.8543082
            ],
            [
              28.1149553,
              45.8597342
            ],
            [
              28.1281844,
              45.8664005
            ],
            [
              28.1310783,
              45.8713614
            ],
            [
              28.1291146,
              45.8751338
            ],
            [
              28.1202263,
              45.8878462
            ],
            [
              28.1174358,
              45.8952359
            ],
            [
              28.1187793,
              45.9031424
            ],
            [
              28.1228101,
              45.9107905
            ],
            [
              28.1249805,
              45.9183869
            ],
            [
              28.1208464,
              45.9262934
            ],
            [
              28.1148519,
              45.9332181
            ],
            [
              28.1123715,
              45.9392125
            ],
            [
              28.1105111,
              45.9504263
            ],
            [
              28.0861198,
              46.0005525
            ],
            [
              28.0827092,
              46.0147118
            ],
            [
              28.0844662,
              46.024582
            ],
            [
              28.0968685,
              46.0596703
            ],
            [
              28.0965585,
              46.0650447
            ],
            [
              28.0904607,
              46.0679902
            ],
            [
              28.0901506,
              46.0733646
            ],
            [
              28.0928378,
              46.0783772
            ]
          ]
        ]
      }
    },
    {
      "type": "Feature",
      "properties": {
        "NAME": "Muntenia",
        "NAME_LOCAL": "Muntenia / Valahia Mare / Große Walachei",
        "EMPIRE": "Königreich Rumänien",
        "NOTE": "Kernland des Königreichs Rumänien mit der Hauptstadt Bukarest. Vereint 1859 mit der Moldau zum Fürstentum Rumänien.",
        "SOURCE": "Natural Earth 10m admin-1 (public domain) dissolved by region"
      },
      "geometry": {
        "type": "Polygon",
        "coordinates": [
          [
            [
              25.6378972,
              43.6972822
            ],
            [
              25.6535035,
              43.7081343
            ],
            [
              25.6713835,
              43.7173585
            ],
            [
              25.7329479,
              43.718781
            ],
            [
              25.7395964,
              43.7189346
            ],
            [
              25.7811442,
              43.7320088
            ],
            [
              25.8043986,
              43.759914
            ],
            [
              25.806259,
              43.7636606
            ],
            [
              25.8393319,
              43.7884394
            ],
            [
              25.8693042,
              43.8008935
            ],
            [
              25.9164331,
              43.8443792
            ],
            [
              25.9244947,
              43.858616
            ],
            [
              25.9340031,
              43.8703207
            ],
            [
              26.0543059,
              43.934322
            ],
            [
              26.0616439,
              43.9497733
            ],
            [
              26.0793173,
              43.9690486
            ],
            [
              26.1162142,
              43.9988659
            ],
            [
              26.1507341,
              44.0124051
            ],
            [
              26.2314527,
              44.0274946
            ],
            [
              26.3105176,
              44.0526094
            ],
            [
              26.3323355,
              44.0549263
            ],
            [
              26.4157907,
              44.0637888
            ],
            [
              26.6141683,
              44.0848554
            ],
            [
              26.647758,
              44.0933821
            ],
            [
              26.6678085,
              44.0950874
            ],
            [
              26.6773169,
              44.0970511
            ],
            [
              26.6972124,
              44.1060945
            ],
            [
              26.7086845,
              44.1081098
            ],
            [
              26.7536947,
              44.1081098
            ],
            [
              26.7894548,
              44.1159647
            ],
            [
              26.884126,
              44.1565307
            ],
            [
              27.0015349,
              44.1651089
            ],
            [
              27.0274764,
              44.1770462
            ],
            [
              27.1002369,
              44.1444901
            ],
            [
              27.2055534,
              44.1292455
            ],
            [
              27.2267408,
              44.1207189
            ],
            [
              27.251132,
              44.1223725
            ],
            [
              27.2526625,
              44.1215189
            ],
            [
              27.2527865,
              44.1216483
            ],
            [
              27.2653439,
              44.1347482
            ],
            [
              27.2777462,
              44.1424997
            ],
            [
              27.2924223,
              44.1515689
            ],
            [
              27.4448678,
              44.1341281
            ],
            [
              27.4613526,
              44.1377713
            ],
            [
              27.4819198,
              44.1458328
            ],
            [
              27.4995415,
              44.1558581
            ],
            [
              27.5069829,
              44.1654699
            ],
            [
              27.5160262,
              44.1727046
            ],
            [
              27.5690463,
              44.1955456
            ],
            [
              27.6079586,
              44.2054674
            ],
            [
              27.6918295,
              44.2045373
            ],
            [
              27.7329122,
              44.2098599
            ],
            [
              27.7532211,
              44.2188516
            ],
            [
              27.7888261,
              44.2398839
            ],
            [
              27.9339852,
              44.2660322
            ],
            [
              27.9675232,
              44.2805533
            ],
            [
              27.9935165,
              44.3044278
            ],
            [
              28.0227653,
              44.354709
            ],
            [
              28.0481901,
              44.3982205
            ],
            [
              28.0572852,
              44.4058686
            ],
            [
              28.0987814,
              44.4303891
            ],
            [
              28.1102535,
              44.4426106
            ],
            [
              28.1090133,
              44.4578035
            ],
            [
              28.102192,
              44.4785257
            ],
            [
              28.0933553,
              44.4968192
            ],
            [
              28.086069,
              44.504674
            ],
            [
              28.0670004,
              44.5071544
            ],
            [
              28.0426091,
              44.5135106
            ],
            [
              28.0203365,
              44.5222956
            ],
            [
              28.0072107,
              44.531985
            ],
            [
              28.0039034,
              44.5399173
            ],
            [
              28.0152206,
              44.5433279
            ],
            [
              28.0215251,
              44.5524747
            ],
            [
              28.0213701,
              44.5879764
            ],
            [
              28.0280363,
              44.5982083
            ],
            [
              28.0336174,
              44.6218244
            ],
            [
              28.0345476,
              44.6309712
            ],
            [
              28.0307752,
              44.637069
            ],
            [
              27.9779619,
              44.6792886
            ],
            [
              27.9602885,
              44.68642
            ],
            [
              27.9352255,
              44.6890038
            ],
            [
              27.9163636,
              44.6944557
            ],
            [
              27.8985352,
              44.7081241
            ],
            [
              27.8844792,
              44.7260041
            ],
            [
              27.8768828,
              44.7442459
            ],
            [
              27.8837041,
              44.7579143
            ],
            [
              27.8947628,
              44.7689731
            ],
            [
              27.9108859,
              44.7753035
            ],
            [
              27.9266472,
              44.7778356
            ],
            [
              27.9457674,
              44.778404
            ],
            [
              27.9650944,
              44.7752259
            ],
            [
              27.9950668,
              44.7610924
            ],
            [
              28.0140837,
              44.7579143
            ],
            [
              28.0347026,
              44.763237
            ],
            [
              28.0548047,
              44.7770088
            ],
            [
              28.0701009,
              44.7959224
            ],
            [
              28.0761471,
              44.816903
            ],
            [
              28.0800745,
              44.8407775
            ],
            [
              28.0902031,
              44.8560737
            ],
            [
              28.1170748,
              44.8814468
            ],
            [
              28.125033,
              44.8916013
            ],
            [
              28.126635,
              44.8957612
            ],
            [
              28.125188,
              44.9005154
            ],
            [
              28.1241028,
              44.9448538
            ],
            [
              28.1273584,
              44.9497114
            ],
            [
              28.1413627,
              44.9597883
            ],
            [
              28.141001,
              44.9823709
            ],
            [
              28.1307691,
              45.0185961
            ],
            [
              28.1330945,
              45.0256241
            ],
            [
              28.1423963,
              45.0364503
            ],
            [
              28.1444117,
              45.0428323
            ],
            [
              28.1433264,
              45.0487235
            ],
            [
              28.141001,
              45.051824
            ],
            [
              28.1386756,
              45.0538394
            ],
            [
              28.1375904,
              45.0564749
            ],
            [
              28.1314409,
              45.0890311
            ],
            [
              28.1341797,
              45.0937078
            ],
            [
              28.1477706,
              45.0979194
            ],
            [
              28.1627051,
              45.1083064
            ],
            [
              28.1742806,
              45.1216389
            ],
            [
              28.1779497,
              45.1346614
            ],
            [
              28.1696298,
              45.1478905
            ],
            [
              28.1525765,
              45.1612489
            ],
            [
              28.132061,
              45.1715325
            ],
            [
              28.1136642,
              45.1756408
            ],
            [
              28.0976962,
              45.1841674
            ],
            [
              28.1029672,
              45.203546
            ],
            [
              28.1179016,
              45.224475
            ],
            [
              28.1307691,
              45.2377042
            ],
            [
              28.1268933,
              45.2445255
            ],
            [
              28.1223975,
              45.2497706
            ],
            [
              28.1169715,
              45.2540856
            ],
            [
              28.1102535,
              45.2582197
            ],
            [
              28.075527,
              45.2482203
            ],
            [
              28.0413172,
              45.2584264
            ],
            [
              27.9867469,
              45.2923262
            ],
            [
              27.9997693,
              45.3067439
            ],
            [
              28.0043168,
              45.3128417
            ],
            [
              28.0093811,
              45.3280604
            ],
            [
              28.0108281,
              45.3303083
            ],
            [
              28.0191997,
              45.3411087
            ],
            [
              28.020905,
              45.3444677
            ],
            [
              28.0216801,
              45.3481367
            ],
            [
              28.0240056,
              45.3776956
            ],
            [
              28.0260209,
              45.3863256
            ],
            [
              28.0302067,
              45.3954206
            ],
            [
              27.9696936,
              45.4011567
            ],
            [
              27.9448373,
              45.4066344
            ],
            [
              27.9212728,
              45.4094766
            ],
            [
              27.8554887,
              45.4074096
            ],
            [
              27.8202454,
              45.4123705
            ],
            [
              27.7651583,
              45.4331444
            ],
            [
              27.7313619,
              45.4543318
            ],
            [
              27.7113115,
              45.47154
            ],
            [
              27.7026298,
              45.4770177
            ],
            [
              27.6906926,
              45.4791623
            ],
            [
              27.6723474,
              45.476811
            ],
            [
              27.6373108,
              45.4755191
            ],
            [
              27.5800533,
              45.4933475
            ],
            [
              27.5209355,
              45.4776895
            ],
            [
              27.5007817,
              45.4686978
            ],
            [
              27.4832117,
              45.4572773
            ],
            [
              27.4577869,
              45.4340488
            ],
            [
              27.4327755,
              45.4067378
            ],
            [
              27.4234737,
              45.3865323
            ],
            [
              27.3776884,
              45.3851887
            ],
            [
              27.3556743,
              45.386894
            ],
            [
              27.3075635,
              45.3965317
            ],
            [
              27.2977967,
              45.3999165
            ],
            [
              27.2909754,
              45.407668
            ],
            [
              27.2884949,
              45.4155228
            ],
            [
              27.2869446,
              45.4232226
            ],
            [
              27.2830689,
              45.4299663
            ],
            [
              27.2760926,
              45.4348498
            ],
            [
              27.2637936,
              45.4369685
            ],
            [
              27.2459652,
              45.4364001
            ],
            [
              27.2377487,
              45.4382604
            ],
            [
              27.2278268,
              45.4447716
            ],
            [
              27.2170781,
              45.4491125
            ],
            [
              27.200645,
              45.4514379
            ],
            [
              27.1910332,
              45.4491641
            ],
            [
              27.1814213,
              45.4438415
            ],
            [
              27.1735148,
              45.4371752
            ],
            [
              27.1647815,
              45.4314391
            ],
            [
              27.1556348,
              45.4285452
            ],
            [
              27.1471082,
              45.4303539
            ],
            [
              27.1433875,
              45.4391389
            ],
            [
              27.145868,
              45.4572257
            ],
            [
              27.1441626,
              45.4638919
            ],
            [
              27.1378064,
              45.4678193
            ],
            [
              27.1244739,
              45.4674576
            ],
            [
              27.1123816,
              45.4647187
            ],
            [
              27.0884554,
              45.4550552
            ],
            [
              27.0765182,
              45.4516188
            ],
            [
              27.0638058,
              45.4506886
            ],
            [
              27.0501632,
              45.4542543
            ],
            [
              27.0324382,
              45.4624967
            ],
            [
              27.0062382,
              45.4818236
            ],
            [
              26.9992102,
              45.4947427
            ],
            [
              26.9985901,
              45.50668
            ],
            [
              26.9992102,
              45.5151549
            ],
            [
              26.9930091,
              45.524095
            ],
            [
              26.9758008,
              45.5333192
            ],
            [
              26.9463452,
              45.5424918
            ],
            [
              26.9224191,
              45.5457474
            ],
            [
              26.9070712,
              45.5452306
            ],
            [
              26.8999398,
              45.5416908
            ],
            [
              26.8977694,
              45.5379442
            ],
            [
              26.8991647,
              45.5343786
            ],
            [
              26.900715,
              45.5320015
            ],
            [
              26.9014901,
              45.5291076
            ],
            [
              26.90087,
              45.5261362
            ],
            [
              26.8986996,
              45.5219245
            ],
            [
              26.8945138,
              45.5186689
            ],
            [
              26.8880026,
              45.5180488
            ],
            [
              26.877874,
              45.5190307
            ],
            [
              26.8631462,
              45.5228547
            ],
            [
              26.8433024,
              45.5249735
            ],
            [
              26.8314685,
              45.5283841
            ],
            [
              26.7889905,
              45.5456957
            ],
            [
              26.7548324,
              45.5633174
            ],
            [
              26.7325082,
              45.5830578
            ],
            [
              26.6693596,
              45.621195
            ],
            [
              26.6466736,
              45.6278612
            ],
            [
              26.6338062,
              45.6279646
            ],
            [
              26.6232642,
              45.6244764
            ],
            [
              26.6113269,
              45.6223835
            ],
            [
              26.5971676,
              45.6220218
            ],
            [
              26.5689523,
              45.6247606
            ],
            [
              26.5512789,
              45.63445
            ],
            [
              26.5321586,
              45.6503922
            ],
            [
              26.4663745,
              45.7308524
            ],
            [
              26.42462,
              45.7731754
            ],
            [
              26.3804366,
              45.802941
            ],
            [
              26.3892733,
              45.7817536
            ],
            [
              26.3946993,
              45.7725036
            ],
            [
              26.3973348,
              45.7614965
            ],
            [
              26.3950094,
              45.7498176
            ],
            [
              26.3768193,
              45.7219123
            ],
            [
              26.3724785,
              45.709665
            ],
            [
              26.3710832,
              45.6985288
            ],
            [
              26.3667424,
              45.6852221
            ],
            [
              26.3582158,
              45.6725097
            ],
            [
              26.3427128,
              45.6552497
            ],
            [
              26.3362016,
              45.6410387
            ],
            [
              26.3286052,
              45.6180944
            ],
            [
              26.3194068,
              45.6089477
            ],
            [
              26.3017334,
              45.6021005
            ],
            [
              26.2846802,
              45.6028498
            ],
            [
              26.2735181,
              45.6069323
            ],
            [
              26.2550179,
              45.6190246
            ],
            [
              26.244941,
              45.6237788
            ],
            [
              26.2345541,
              45.6255616
            ],
            [
              26.2244772,
              45.6228486
            ],
            [
              26.2156405,
              45.6121516
            ],
            [
              26.2114547,
              45.6021005
            ],
            [
              26.2075273,
              45.5832128
            ],
            [
              26.2010161,
              45.57727
            ],
            [
              26.1889238,
              45.5745312
            ],
            [
              26.1395728,
              45.5729809
            ],
            [
              26.1004537,
              45.5644026
            ],
            [
              26.0459868,
              45.4822629
            ],
            [
              25.9988579,
              45.4886191
            ],
            [
              25.9457862,
              45.510194
            ],
            [
              25.9240304,
              45.5125194
            ],
            [
              25.9108529,
              45.5088504
            ],
            [
              25.9027914,
              45.500608
            ],
            [
              25.8989156,
              45.4892392
            ],
            [
              25.8964352,
              45.4782321
            ],
            [
              25.8913192,
              45.4653905
            ],
            [
              25.8821725,
              45.4533241
            ],
            [
              25.8627421,
              45.4415677
            ],
            [
              25.8455339,
              45.4382604
            ],
            [
              25.8317363,
              45.4399657
            ],
            [
              25.8230546,
              45.4454951
            ],
            [
              25.8098255,
              45.4613598
            ],
            [
              25.8028492,
              45.4679227
            ],
            [
              25.7904468,
              45.4733487
            ],
            [
              25.7780445,
              45.4727544
            ],
            [
              25.7502425,
              45.4659073
            ],
            [
              25.7358248,
              45.4677676
            ],
            [
              25.6932951,
              45.4793948
            ],
            [
              25.6509721,
              45.4853376
            ],
            [
              25.6278211,
              45.4847434
            ],
            [
              25.4588391,
              45.4635819
            ],
            [
              25.4459717,
              45.4599903
            ],
            [
              25.429797,
              45.4523164
            ],
            [
              25.4096432,
              45.4453401
            ],
            [
              25.4026669,
              45.4391647
            ],
            [
              25.3939852,
              45.4266849
            ],
            [
              25.3887142,
              45.4158845
            ],
            [
              25.3702657,
              45.3993997
            ],
            [
              25.3092359,
              45.388496
            ],
            [
              25.2759046,
              45.4164529
            ],
            [
              25.2208175,
              45.5033727
            ],
            [
              25.2062447,
              45.5162401
            ],
            [
              25.189915,
              45.52425
            ],
            [
              25.174102,
              45.5285908
            ],
            [
              25.1565837,
              45.5362389
            ],
            [
              25.11917,
              45.5597517
            ],
            [
              25.0951404,
              45.5696219
            ],
            [
              24.9838811,
              45.5800089
            ],
            [
              24.9221277,
              45.5761073
            ],
            [
              24.8924654,
              45.5775801
            ],
            [
              24.8803732,
              45.5767532
            ],
            [
              24.8686943,
              45.5738594
            ],
            [
              24.8508659,
              45.5655911
            ],
            [
              24.8387736,
              45.5631107
            ],
            [
              24.8310222,
              45.5661596
            ],
            [
              24.8238908,
              45.5733943
            ],
            [
              24.8162944,
              45.5825927
            ],
            [
              24.8004297,
              45.5950467
            ],
            [
              24.7874073,
              45.600266
            ],
            [
              24.7719043,
              45.6029015
            ],
            [
              24.7090658,
              45.5987674
            ],
            [
              24.5272164,
              45.5618188
            ],
            [
              24.5394637,
              45.529831
            ],
            [
              24.5254594,
              45.4856994
            ],
            [
              24.4961589,
              45.4462186
            ],
            [
              24.4936784,
              45.4354182
            ],
            [
              24.4938334,
              45.4240752
            ],
            [
              24.5142973,
              45.3613142
            ],
            [
              24.5166228,
              45.3494286
            ],
            [
              24.5136772,
              45.3401269
            ],
            [
              24.5060808,
              45.3322204
            ],
            [
              24.4978642,
              45.3255024
            ],
            [
              24.4919731,
              45.317906
            ],
            [
              24.4899577,
              45.3086559
            ],
            [
              24.491198,
              45.2977005
            ],
            [
              24.5004997,
              45.2734643
            ],
            [
              24.4977092,
              45.2488663
            ],
            [
              24.4932133,
              45.2284799
            ],
            [
              24.4950737,
              45.215535
            ],
            [
              24.5001896,
              45.2055098
            ],
            [
              24.5150725,
              45.1933141
            ],
            [
              24.5217387,
              45.1861311
            ],
            [
              24.5294902,
              45.1744781
            ],
            [
              24.5352779,
              45.1594144
            ],
            [
              24.5374484,
              45.1361083
            ],
            [
              24.5067009,
              45.0417988
            ],
            [
              24.4958488,
              44.9811307
            ],
            [
              24.4880974,
              44.9602534
            ],
            [
              24.4890275,
              44.9518818
            ],
            [
              24.4955388,
              44.9434069
            ],
            [
              24.5042204,
              44.9347252
            ],
            [
              24.5107316,
              44.9229947
            ],
            [
              24.5119719,
              44.9141064
            ],
            [
              24.5085612,
              44.9056314
            ],
            [
              24.502205,
              44.8968723
            ],
            [
              24.4629309,
              44.8637735
            ],
            [
              24.4378162,
              44.8500276
            ],
            [
              24.4494434,
              44.8262564
            ],
            [
              24.4561097,
              44.8220189
            ],
            [
              24.4651014,
              44.8198485
            ],
            [
              24.4736796,
              44.8226907
            ],
            [
              24.5142973,
              44.847082
            ],
            [
              24.5211186,
              44.8529731
            ],
            [
              24.5251494,
              44.8590968
            ],
            [
              24.5348129,
              44.8773127
            ],
            [
              24.545975,
              44.8883456
            ],
            [
              24.5543466,
              44.8921955
            ],
            [
              24.5636483,
              44.8914204
            ],
            [
              24.5689193,
              44.8859427
            ],
            [
              24.5710897,
              44.8778812
            ],
            [
              24.5703146,
              44.8690962
            ],
            [
              24.5682992,
              44.8595619
            ],
            [
              24.5696945,
              44.8479605
            ],
            [
              24.5768258,
              44.8346797
            ],
            [
              24.6216809,
              44.7684822
            ],
            [
              24.6331531,
              44.7571392
            ],
            [
              24.6532036,
              44.7435741
            ],
            [
              24.6687065,
              44.7398017
            ],
            [
              24.6848295,
              44.7400084
            ],
            [
              24.7002291,
              44.7426439
            ],
            [
              24.7177474,
              44.7415587
            ],
            [
              24.725964,
              44.7374246
            ],
            [
              24.7306149,
              44.7321536
            ],
            [
              24.7295297,
              44.7283296
            ],
            [
              24.7247237,
              44.7257458
            ],
            [
              24.7072054,
              44.7201389
            ],
            [
              24.6986788,
              44.7160564
            ],
            [
              24.692736,
              44.7109405
            ],
            [
              24.6897905,
              44.7051785
            ],
            [
              24.692426,
              44.6958509
            ],
            [
              24.7168173,
              44.6663695
            ],
            [
              24.7248788,
              44.6510733
            ],
            [
              24.7299947,
              44.6286974
            ],
            [
              24.73139,
              44.6167602
            ],
            [
              24.7344906,
              44.6071483
            ],
            [
              24.7414669,
              44.5909736
            ],
            [
              24.7509754,
              44.5458601
            ],
            [
              24.7504586,
              44.5391938
            ],
            [
              24.7451876,
              44.5261714
            ],
            [
              24.7433273,
              44.5176448
            ],
            [
              24.7437924,
              44.5090148
            ],
            [
              24.7556263,
              44.4756835
            ],
            [
              24.7602771,
              44.4314485
            ],
            [
              24.7653931,
              44.4164623
            ],
            [
              24.7720594,
              44.407884
            ],
            [
              24.7815161,
              44.4031298
            ],
            [
              24.830092,
              44.400701
            ],
            [
              24.851331,
              44.3899265
            ],
            [
              24.8387736,
              44.3668788
            ],
            [
              24.8375334,
              44.3568019
            ],
            [
              24.8370683,
              44.3407822
            ],
            [
              24.8448198,
              44.296728
            ],
            [
              24.8483855,
              44.2493407
            ],
            [
              24.8455949,
              44.2272232
            ],
            [
              24.8341228,
              44.1933235
            ],
            [
              24.8327275,
              44.1663225
            ],
            [
              24.8344328,
              44.1498119
            ],
            [
              24.8392387,
              44.134464
            ],
            [
              24.8412541,
              44.1157571
            ],
            [
              24.835208,
              44.1065587
            ],
            [
              24.8223405,
              44.1006676
            ],
            [
              24.7884925,
              44.0959134
            ],
            [
              24.77547,
              44.0928128
            ],
            [
              24.7638428,
              44.086715
            ],
            [
              24.7340255,
              44.0634864
            ],
            [
              24.7236385,
              44.0592231
            ],
            [
              24.7096859,
              44.0564584
            ],
            [
              24.6922709,
              44.0554508
            ],
            [
              24.6758378,
              44.0516784
            ],
            [
              24.6576994,
              44.0447537
            ],
            [
              24.6368738,
              44.024755
            ],
            [
              24.6306726,
              44.0098205
            ],
            [
              24.6316028,
              43.9909844
            ],
            [
              24.6626604,
              43.9336494
            ],
            [
              24.697852,
              43.8817146
            ],
            [
              24.7410018,
              43.8302449
            ],
            [
              24.7468929,
              43.8146644
            ],
            [
              24.7451876,
              43.8071455
            ],
            [
              24.7357308,
              43.8018228
            ],
            [
              24.7081356,
              43.7920043
            ],
            [
              24.6947514,
              43.7847179
            ],
            [
              24.6834343,
              43.7766047
            ],
            [
              24.6629704,
              43.7572261
            ],
            [
              24.6619369,
              43.7558825
            ],
            [
              24.6617632,
              43.7556567
            ],
            [
              24.7056027,
              43.7437652
            ],
            [
              24.7526282,
              43.7388042
            ],
            [
              24.9636748,
              43.7496046
            ],
            [
              25.0816004,
              43.7189346
            ],
            [
              25.2113082,
              43.7118808
            ],
            [
              25.2523393,
              43.7046461
            ],
            [
              25.2854048,
              43.6903913
            ],
            [
              25.2887195,
              43.6889623
            ],
            [
              25.3230327,
              43.6697128
            ],
            [
              25.3596196,
              43.6542874
            ],
            [
              25.4031311,
              43.6500499
            ],
            [
              25.4260755,
              43.6543908
            ],
            [
              25.4674166,
              43.6677491
            ],
            [
              25.48245,
              43.6697148
            ],
            [
              25.488759,
              43.6705397
            ],
            [
              25.5338208,
              43.6686793
            ],
            [
              25.5565585,
              43.6703588
            ],
            [
              25.5750586,
              43.6773868
            ],
            [
              25.5938689,
              43.6806682
            ],
            [
              25.6165031,
              43.6877479
            ],
            [
              25.6378972,
              43.6972822
            ]
          ]
        ]
      }
    },
    {
      "type": "Feature",
      "properties": {
        "NAME": "Oltenien",
        "NAME_LOCAL": "Oltenia / Valahia Mică / Kleine Walachei",
        "EMPIRE": "Königreich Rumänien",
        "NOTE": "Westliche Walachei jenseits des Olt; Craiova ist die historische Hauptstadt.",
        "SOURCE": "Natural Earth 10m admin-1 (public domain) dissolved by region"
      },
      "geometry": {
        "type": "Polygon",
        "coordinates": [
          [
            [
              22.8634412,
              43.8554121
            ],
            [
              22.8887627,
              43.8395216
            ],
            [
              22.9195618,
              43.8342248
            ],
            [
              23.0525512,
              43.8428199
            ],
            [
              23.1318486,
              43.8479448
            ],
            [
              23.1619243,
              43.8573241
            ],
            [
              23.1969609,
              43.8627501
            ],
            [
              23.234478,
              43.8772971
            ],
            [
              23.3251507,
              43.8865923
            ],
            [
              23.4846953,
              43.8806044
            ],
            [
              23.592699,
              43.8374287
            ],
            [
              23.6208535,
              43.8340099
            ],
            [
              23.6361072,
              43.8321577
            ],
            [
              23.7207532,
              43.8458261
            ],
            [
              23.7428707,
              43.8426997
            ],
            [
              23.7999215,
              43.8184634
            ],
            [
              24.1496058,
              43.7547199
            ],
            [
              24.1593828,
              43.7529377
            ],
            [
              24.3367054,
              43.7592509
            ],
            [
              24.3582337,
              43.7600174
            ],
            [
              24.3754936,
              43.7638673
            ],
            [
              24.4312008,
              43.7941755
            ],
            [
              24.4663408,
              43.8024179
            ],
            [
              24.5001372,
              43.7994982
            ],
            [
              24.6617632,
              43.7556567
            ],
            [
              24.6619369,
              43.7558825
            ],
            [
              24.6629704,
              43.7572261
            ],
            [
              24.6834343,
              43.7766047
            ],
            [
              24.6947514,
              43.7847179
            ],
            [
              24.7081356,
              43.7920043
            ],
            [
              24.7357308,
              43.8018228
            ],
            [
              24.7451876,
              43.8071455
            ],
            [
              24.7468929,
              43.8146644
            ],
            [
              24.7410018,
              43.8302449
            ],
            [
              24.697852,
              43.8817146
            ],
            [
              24.6626604,
              43.9336494
            ],
            [
              24.6316028,
              43.9909844
            ],
            [
              24.6306726,
              44.0098205
            ],
            [
              24.6368738,
              44.024755
            ],
            [
              24.6576994,
              44.0447537
            ],
            [
              24.6758378,
              44.0516784
            ],
            [
              24.6922709,
              44.0554508
            ],
            [
              24.7096859,
              44.0564584
            ],
            [
              24.7236385,
              44.0592231
            ],
            [
              24.7340255,
              44.0634864
            ],
            [
              24.7638428,
              44.086715
            ],
            [
              24.77547,
              44.0928128
            ],
            [
              24.7884925,
              44.0959134
            ],
            [
              24.8223405,
              44.1006676
            ],
            [
              24.835208,
              44.1065587
            ],
            [
              24.8412541,
              44.1157571
            ],
            [
              24.8392387,
              44.134464
            ],
            [
              24.8344328,
              44.1498119
            ],
            [
              24.8327275,
              44.1663225
            ],
            [
              24.8341228,
              44.1933235
            ],
            [
              24.8455949,
              44.2272232
            ],
            [
              24.8483855,
              44.2493407
            ],
            [
              24.8448198,
              44.296728
            ],
            [
              24.8370683,
              44.3407822
            ],
            [
              24.8375334,
              44.3568019
            ],
            [
              24.8387736,
              44.3668788
            ],
            [
              24.851331,
              44.3899265
            ],
            [
              24.830092,
              44.400701
            ],
            [
              24.7815161,
              44.4031298
            ],
            [
              24.7720594,
              44.407884
            ],
            [
              24.7653931,
              44.4164623
            ],
            [
              24.7602771,
              44.4314485
            ],
            [
              24.7556263,
              44.4756835
            ],
            [
              24.7437924,
              44.5090148
            ],
            [
              24.7433273,
              44.5176448
            ],
            [
              24.7451876,
              44.5261714
            ],
            [
              24.7504586,
              44.5391938
            ],
            [
              24.7509754,
              44.5458601
            ],
            [
              24.7414669,
              44.5909736
            ],
            [
              24.7344906,
              44.6071483
            ],
            [
              24.73139,
              44.6167602
            ],
            [
              24.7299947,
              44.6286974
            ],
            [
              24.7248788,
              44.6510733
            ],
            [
              24.7168173,
              44.6663695
            ],
            [
              24.692426,
              44.6958509
            ],
            [
              24.6897905,
              44.7051785
            ],
            [
              24.692736,
              44.7109405
            ],
            [
              24.6986788,
              44.7160564
            ],
            [
              24.7072054,
              44.7201389
            ],
            [
              24.7247237,
              44.7257458
            ],
            [
              24.7295297,
              44.7283296
            ],
            [
              24.7306149,
              44.7321536
            ],
            [
              24.725964,
              44.7374246
            ],
            [
              24.7177474,
              44.7415587
            ],
            [
              24.7002291,
              44.7426439
            ],
            [
              24.6848295,
              44.7400084
            ],
            [
              24.6687065,
              44.7398017
            ],
            [
              24.6532036,
              44.7435741
            ],
            [
              24.6331531,
              44.7571392
            ],
            [
              24.6216809,
              44.7684822
            ],
            [
              24.5768258,
              44.8346797
            ],
            [
              24.5696945,
              44.8479605
            ],
            [
              24.5682992,
              44.8595619
            ],
            [
              24.5703146,
              44.8690962
            ],
            [
              24.5710897,
              44.8778812
            ],
            [
              24.5689193,
              44.8859427
            ],
            [
              24.5636483,
              44.8914204
            ],
            [
              24.5543466,
              44.8921955
            ],
            [
              24.545975,
              44.8883456
            ],
            [
              24.5348129,
              44.8773127
            ],
            [
              24.5251494,
              44.8590968
            ],
            [
              24.5211186,
              44.8529731
            ],
            [
              24.5142973,
              44.847082
            ],
            [
              24.4736796,
              44.8226907
            ],
            [
              24.4651014,
              44.8198485
            ],
            [
              24.4561097,
              44.8220189
            ],
            [
              24.4494434,
              44.8262564
            ],
            [
              24.4378162,
              44.8500276
            ],
            [
              24.4629309,
              44.8637735
            ],
            [
              24.502205,
              44.8968723
            ],
            [
              24.5085612,
              44.9056314
            ],
            [
              24.5119719,
              44.9141064
            ],
            [
              24.5107316,
              44.9229947
            ],
            [
              24.5042204,
              44.9347252
            ],
            [
              24.4955388,
              44.9434069
            ],
            [
              24.4890275,
              44.9518818
            ],
            [
              24.4880974,
              44.9602534
            ],
            [
              24.4958488,
              44.9811307
            ],
            [
              24.5067009,
              45.0417988
            ],
            [
              24.5374484,
              45.1361083
            ],
            [
              24.5352779,
              45.1594144
            ],
            [
              24.5294902,
              45.1744781
            ],
            [
              24.5217387,
              45.1861311
            ],
            [
              24.5150725,
              45.1933141
            ],
            [
              24.5001896,
              45.2055098
            ],
            [
              24.4950737,
              45.215535
            ],
            [
              24.4932133,
              45.2284799
            ],
            [
              24.4977092,
              45.2488663
            ],
            [
              24.5004997,
              45.2734643
            ],
            [
              24.491198,
              45.2977005
            ],
            [
              24.4899577,
              45.3086559
            ],
            [
              24.4919731,
              45.317906
            ],
            [
              24.4978642,
              45.3255024
            ],
            [
              24.5060808,
              45.3322204
            ],
            [
              24.5136772,
              45.3401269
            ],
            [
              24.5166228,
              45.3494286
            ],
            [
              24.5142973,
              45.3613142
            ],
            [
              24.4938334,
              45.4240752
            ],
            [
              24.4936784,
              45.4354182
            ],
            [
              24.4961589,
              45.4462186
            ],
            [
              24.5254594,
              45.4856994
            ],
            [
              24.5394637,
              45.529831
            ],
            [
              24.5272164,
              45.5618188
            ],
            [
              24.3217509,
              45.5630331
            ],
            [
              24.1826896,
              45.5405281
            ],
            [
              24.168892,
              45.5370399
            ],
            [
              24.0683297,
              45.4963964
            ],
            [
              24.0494161,
              45.4958796
            ],
            [
              24.0340682,
              45.4981534
            ],
            [
              23.9985148,
              45.5090054
            ],
            [
              23.960636,
              45.5122094
            ],
            [
              23.7939795,
              45.5080236
            ],
            [
              23.7786316,
              45.5043546
            ],
            [
              23.77026,
              45.4984376
            ],
            [
              23.7618885,
              45.4912287
            ],
            [
              23.7525867,
              45.4860611
            ],
            [
              23.7401327,
              45.4838132
            ],
            [
              23.7229244,
              45.4833739
            ],
            [
              23.7097469,
              45.4797566
            ],
            [
              23.6791545,
              45.4628584
            ],
            [
              23.6586906,
              45.4538667
            ],
            [
              23.6469084,
              45.4505077
            ],
            [
              23.6260828,
              45.4519288
            ],
            [
              23.5842249,
              45.4473038
            ],
            [
              23.5808142,
              45.4322918
            ],
            [
              23.5832947,
              45.4230159
            ],
            [
              23.5970923,
              45.3927851
            ],
            [
              23.5998828,
              45.3819073
            ],
            [
              23.5857752,
              45.3525809
            ],
            [
              23.5237118,
              45.3378531
            ],
            [
              23.4667127,
              45.3154772
            ],
            [
              23.4491944,
              45.305452
            ],
            [
              23.4394275,
              45.3030232
            ],
            [
              23.4304358,
              45.3037983
            ],
            [
              23.4122974,
              45.3128417
            ],
            [
              23.3984481,
              45.3182419
            ],
            [
              23.3827902,
              45.3213166
            ],
            [
              23.3575204,
              45.3214975
            ],
            [
              23.3387102,
              45.3174409
            ],
            [
              23.3041386,
              45.305607
            ],
            [
              23.2600586,
              45.2992766
            ],
            [
              23.2440906,
              45.2951684
            ],
            [
              23.1894686,
              45.2717589
            ],
            [
              23.173604,
              45.2687875
            ],
            [
              23.1610466,
              45.2691234
            ],
            [
              23.1306608,
              45.2788644
            ],
            [
              23.1160364,
              45.2804406
            ],
            [
              23.0907666,
              45.2793554
            ],
            [
              23.0269979,
              45.2596667
            ],
            [
              23.0117534,
              45.2591499
            ],
            [
              23.0015214,
              45.2618371
            ],
            [
              22.99408,
              45.2672631
            ],
            [
              22.9853984,
              45.272069
            ],
            [
              22.9760966,
              45.2748078
            ],
            [
              22.9334119,
              45.2767199
            ],
            [
              22.9214746,
              45.2798721
            ],
            [
              22.9123279,
              45.2850398
            ],
            [
              22.9052999,
              45.291706
            ],
            [
              22.8924325,
              45.2964861
            ],
            [
              22.8814254,
              45.2949358
            ],
            [
              22.6691386,
              45.2404689
            ],
            [
              22.6010291,
              45.1977066
            ],
            [
              22.5726587,
              45.1707574
            ],
            [
              22.5645455,
              45.1569339
            ],
            [
              22.5625301,
              45.146857
            ],
            [
              22.5660958,
              45.1388472
            ],
            [
              22.5745191,
              45.1342996
            ],
            [
              22.5872315,
              45.1310699
            ],
            [
              22.6251103,
              45.1296487
            ],
            [
              22.6345671,
              45.12753
            ],
            [
              22.6413884,
              45.1216906
            ],
            [
              22.6465043,
              45.1135774
            ],
            [
              22.6410783,
              45.09239
            ],
            [
              22.5988587,
              45.0602473
            ],
            [
              22.5666126,
              45.0239188
            ],
            [
              22.5586544,
              45.009191
            ],
            [
              22.5549337,
              44.9974088
            ],
            [
              22.5536935,
              44.9868668
            ],
            [
              22.5502828,
              44.9734567
            ],
            [
              22.5447018,
              44.9577213
            ],
            [
              22.5336947,
              44.9342343
            ],
            [
              22.4917851,
              44.8845991
            ],
            [
              22.4669804,
              44.8393306
            ],
            [
              22.4515808,
              44.7915299
            ],
            [
              22.441814,
              44.7694123
            ],
            [
              22.4317371,
              44.7582502
            ],
            [
              22.4211951,
              44.7521007
            ],
            [
              22.4064673,
              44.7503437
            ],
            [
              22.3955636,
              44.7510155
            ],
            [
              22.3878121,
              44.753651
            ],
            [
              22.3834713,
              44.7581469
            ],
            [
              22.376805,
              44.7688181
            ],
            [
              22.3699838,
              44.7730814
            ],
            [
              22.3628524,
              44.7762853
            ],
            [
              22.3541708,
              44.7777064
            ],
            [
              22.3214079,
              44.7771121
            ],
            [
              22.311176,
              44.7778614
            ],
            [
              22.3037346,
              44.7801869
            ],
            [
              22.2970683,
              44.7838817
            ],
            [
              22.2626001,
              44.8083247
            ],
            [
              22.2534534,
              44.8120454
            ],
            [
              22.2430664,
              44.8134923
            ],
            [
              22.2280286,
              44.8112186
            ],
            [
              22.2219308,
              44.8061543
            ],
            [
              22.2189852,
              44.7989713
            ],
            [
              22.2189852,
              44.7908581
            ],
            [
              22.2141793,
              44.7775772
            ],
            [
              22.2056527,
              44.7612991
            ],
            [
              22.1828634,
              44.7339106
            ],
            [
              22.1721147,
              44.7171158
            ],
            [
              22.1652934,
              44.7022071
            ],
            [
              22.1617277,
              44.6905024
            ],
            [
              22.1598674,
              44.67748
            ],
            [
              22.1607976,
              44.6643542
            ],
            [
              22.168239,
              44.6474301
            ],
            [
              22.1727348,
              44.6338651
            ],
            [
              22.1739751,
              44.6214627
            ],
            [
              22.1690141,
              44.608957
            ],
            [
              22.1611076,
              44.6018257
            ],
            [
              22.1499455,
              44.5976916
            ],
            [
              22.1389384,
              44.5965547
            ],
            [
              22.1270012,
              44.5970198
            ],
            [
              22.1022998,
              44.6020324
            ],
            [
              22.0888123,
              44.6032468
            ],
            [
              22.0589289,
              44.5993704
            ],
            [
              22.0342429,
              44.5961682
            ],
            [
              22.0361736,
              44.589489
            ],
            [
              22.0398222,
              44.5768668
            ],
            [
              22.0451966,
              44.5692186
            ],
            [
              22.0557386,
              44.562139
            ],
            [
              22.0671074,
              44.5572297
            ],
            [
              22.0763058,
              44.5507185
            ],
            [
              22.0869511,
              44.5217797
            ],
            [
              22.1043144,
              44.5096357
            ],
            [
              22.1266386,
              44.5026594
            ],
            [
              22.1482394,
              44.5009024
            ],
            [
              22.1721139,
              44.5053466
            ],
            [
              22.1851364,
              44.5151134
            ],
            [
              22.2990312,
              44.6616678
            ],
            [
              22.3049223,
              44.6773774
            ],
            [
              22.3197018,
              44.6853356
            ],
            [
              22.3611463,
              44.6920535
            ],
            [
              22.38068,
              44.7005285
            ],
            [
              22.4155099,
              44.7278136
            ],
            [
              22.4260519,
              44.7336531
            ],
            [
              22.4505465,
              44.7329813
            ],
            [
              22.4689433,
              44.7301907
            ],
            [
              22.4837228,
              44.7239896
            ],
            [
              22.5532793,
              44.6691609
            ],
            [
              22.5874891,
              44.6493688
            ],
            [
              22.6211821,
              44.6374315
            ],
            [
              22.7001437,
              44.6306103
            ],
            [
              22.7147164,
              44.6230655
            ],
            [
              22.7651526,
              44.5828096
            ],
            [
              22.7592615,
              44.5646711
            ],
            [
              22.7416915,
              44.5518554
            ],
            [
              22.7193673,
              44.5443623
            ],
            [
              22.7001437,
              44.5418301
            ],
            [
              22.6785429,
              44.5455508
            ],
            [
              22.6421627,
              44.5631208
            ],
            [
              22.6211821,
              44.5692186
            ],
            [
              22.6003048,
              44.5697871
            ],
            [
              22.5804611,
              44.5654979
            ],
            [
              22.5655782,
              44.555421
            ],
            [
              22.5597905,
              44.5387812
            ],
            [
              22.5566899,
              44.5214696
            ],
            [
              22.5484217,
              44.5117028
            ],
            [
              22.5355026,
              44.507517
            ],
            [
              22.5003626,
              44.5063801
            ],
            [
              22.4910608,
              44.5042097
            ],
            [
              22.4841362,
              44.4997655
            ],
            [
              22.4797954,
              44.4904121
            ],
            [
              22.4772115,
              44.4769762
            ],
            [
              22.4770048,
              44.4639538
            ],
            [
              22.4800021,
              44.4557889
            ],
            [
              22.5009827,
              44.4419396
            ],
            [
              22.5054269,
              44.435015
            ],
            [
              22.5063571,
              44.4275219
            ],
            [
              22.5039799,
              44.4117089
            ],
            [
              22.5051168,
              44.4040608
            ],
            [
              22.5226868,
              44.3750703
            ],
            [
              22.5493518,
              44.3489737
            ],
            [
              22.5828382,
              44.3284065
            ],
            [
              22.6211821,
              44.3159008
            ],
            [
              22.6625232,
              44.3116633
            ],
            [
              22.6815402,
              44.3053071
            ],
            [
              22.6894983,
              44.2917162
            ],
            [
              22.6853642,
              44.2436571
            ],
            [
              22.6907386,
              44.2288777
            ],
            [
              22.6916404,
              44.2284345
            ],
            [
              22.906436,
              44.1228893
            ],
            [
              22.9426095,
              44.1114688
            ],
            [
              22.9880848,
              44.1070246
            ],
            [
              23.0083067,
              44.1004464
            ],
            [
              23.0309762,
              44.093072
            ],
            [
              23.0400712,
              44.0623245
            ],
            [
              23.023018,
              44.0316287
            ],
            [
              22.9880848,
              44.0176761
            ],
            [
              22.9662773,
              44.0155574
            ],
            [
              22.9264865,
              44.0061522
            ],
            [
              22.9058159,
              44.0039818
            ],
            [
              22.8858688,
              43.994525
            ],
            [
              22.8747067,
              43.9720458
            ],
            [
              22.8505221,
              43.8969858
            ],
            [
              22.8510389,
              43.8743515
            ],
            [
              22.8634412,
              43.8554121
            ]
          ]
        ]
      }
    },
    {
      "type": "Feature",
      "properties": {
        "NAME": "Siebenbürgen",
        "NAME_LOCAL": "Transilvania / Ardeal / Erdély",
        "EMPIRE": "Österreich-Ungarn",
        "NOTE": "Um 1900 Transleithanisches Ungarn; 1918 an Rumänien. Die CFR-Reise durchquert das Herz Siebenbürgens.",
        "SOURCE": "Natural Earth 10m admin-1 (public domain) dissolved by region"
      },
      "geometry": {
        "type": "Polygon",
        "coordinates": [
          [
            [
              25.3939852,
              45.4266849
            ],
            [
              25.4026669,
              45.4391647
            ],
            [
              25.4096432,
              45.4453401
            ],
            [
              25.429797,
              45.4523164
            ],
            [
              25.4459717,
              45.4599903
            ],
            [
              25.4588391,
              45.4635819
            ],
            [
              25.6278211,
              45.4847434
            ],
            [
              25.6509721,
              45.4853376
            ],
            [
              25.6932951,
              45.4793948
            ],
            [
              25.7358248,
              45.4677676
            ],
            [
              25.7502425,
              45.4659073
            ],
            [
              25.7780445,
              45.4727544
            ],
            [
              25.7904468,
              45.4733487
            ],
            [
              25.8028492,
              45.4679227
            ],
            [
              25.8098255,
              45.4613598
            ],
            [
              25.8230546,
              45.4454951
            ],
            [
              25.8317363,
              45.4399657
            ],
            [
              25.8455339,
              45.4382604
            ],
            [
              25.8627421,
              45.4415677
            ],
            [
              25.8821725,
              45.4533241
            ],
            [
              25.8913192,
              45.4653905
            ],
            [
              25.8964352,
              45.4782321
            ],
            [
              25.8989156,
              45.4892392
            ],
            [
              25.9027914,
              45.500608
            ],
            [
              25.9108529,
              45.5088504
            ],
            [
              25.9240304,
              45.5125194
            ],
            [
              25.9457862,
              45.510194
            ],
            [
              25.9988579,
              45.4886191
            ],
            [
              26.0459868,
              45.4822629
            ],
            [
              26.1004537,
              45.5644026
            ],
            [
              26.1395728,
              45.5729809
            ],
            [
              26.1889238,
              45.5745312
            ],
            [
              26.2010161,
              45.57727
            ],
            [
              26.2075273,
              45.5832128
            ],
            [
              26.2114547,
              45.6021005
            ],
            [
              26.2156405,
              45.6121516
            ],
            [
              26.2244772,
              45.6228486
            ],
            [
              26.2345541,
              45.6255616
            ],
            [
              26.244941,
              45.6237788
            ],
            [
              26.2550179,
              45.6190246
            ],
            [
              26.2735181,
              45.6069323
            ],
            [
              26.2846802,
              45.6028498
            ],
            [
              26.3017334,
              45.6021005
            ],
            [
              26.3194068,
              45.6089477
            ],
            [
              26.3286052,
              45.6180944
            ],
            [
              26.3362016,
              45.6410387
            ],
            [
              26.3427128,
              45.6552497
            ],
            [
              26.3582158,
              45.6725097
            ],
            [
              26.3667424,
              45.6852221
            ],
            [
              26.3710832,
              45.6985288
            ],
            [
              26.3724785,
              45.709665
            ],
            [
              26.3768193,
              45.7219123
            ],
            [
              26.3950094,
              45.7498176
            ],
            [
              26.3973348,
              45.7614965
            ],
            [
              26.3946993,
              45.7725036
            ],
            [
              26.3892733,
              45.7817536
            ],
            [
              26.3804366,
              45.802941
            ],
            [
              26.3891183,
              45.8520336
            ],
            [
              26.4032259,
              45.9025473
            ],
            [
              26.4047762,
              45.9175076
            ],
            [
              26.4208993,
              45.9504514
            ],
            [
              26.484823,
              46.0212481
            ],
            [
              26.4680799,
              46.0273717
            ],
            [
              26.4614136,
              46.0353816
            ],
            [
              26.4552124,
              46.04458
            ],
            [
              26.4459107,
              46.0657156
            ],
            [
              26.4406397,
              46.0747849
            ],
            [
              26.4320614,
              46.0815803
            ],
            [
              26.4212093,
              46.0874197
            ],
            [
              26.4021407,
              46.0943444
            ],
            [
              26.3960946,
              46.1033878
            ],
            [
              26.3987301,
              46.1103641
            ],
            [
              26.4128378,
              46.1212678
            ],
            [
              26.4148531,
              46.1279857
            ],
            [
              26.4100472,
              46.136254
            ],
            [
              26.4001254,
              46.1445222
            ],
            [
              26.3633317,
              46.1608261
            ],
            [
              26.3551152,
              46.1658646
            ],
            [
              26.3417827,
              46.1775951
            ],
            [
              26.3337211,
              46.1804632
            ],
            [
              26.3250395,
              46.1793521
            ],
            [
              26.2932068,
              46.1600768
            ],
            [
              26.2516073,
              46.1502841
            ],
            [
              26.2590487,
              46.1880596
            ],
            [
              26.2633895,
              46.1987308
            ],
            [
              26.2755335,
              46.2164041
            ],
            [
              26.2798743,
              46.2265069
            ],
            [
              26.2845252,
              46.2672021
            ],
            [
              26.2868506,
              46.2761938
            ],
            [
              26.3001831,
              46.302032
            ],
            [
              26.2989429,
              46.311127
            ],
            [
              26.2927417,
              46.3197053
            ],
            [
              26.2758435,
              46.3266816
            ],
            [
              26.2619943,
              46.3282578
            ],
            [
              26.2471114,
              46.3265524
            ],
            [
              26.2078374,
              46.3114888
            ],
            [
              26.1822575,
              46.3057268
            ],
            [
              26.1678398,
              46.3062178
            ],
            [
              26.1594682,
              46.3125481
            ],
            [
              26.1602434,
              46.3262424
            ],
            [
              26.1681499,
              46.3500394
            ],
            [
              26.1673747,
              46.3616666
            ],
            [
              26.1619487,
              46.3730871
            ],
            [
              26.1468592,
              46.3847143
            ],
            [
              26.1325965,
              46.3906571
            ],
            [
              26.0798348,
              46.3953079
            ],
            [
              26.0387004,
              46.4032919
            ],
            [
              26.0249028,
              46.4126712
            ],
            [
              26.0188566,
              46.4268306
            ],
            [
              26.0242827,
              46.4548909
            ],
            [
              26.0324992,
              46.4682751
            ],
            [
              26.0462968,
              46.4766983
            ],
            [
              26.0603011,
              46.4801606
            ],
            [
              26.069913,
              46.4871886
            ],
            [
              26.0691378,
              46.4986091
            ],
            [
              26.0562704,
              46.5171093
            ],
            [
              26.0416459,
              46.5320438
            ],
            [
              26.0289335,
              46.5485286
            ],
            [
              26.0120354,
              46.5935904
            ],
            [
              26.0087797,
              46.6679528
            ],
            [
              25.927131,
              46.6818537
            ],
            [
              25.9175192,
              46.679735
            ],
            [
              25.9069772,
              46.6748258
            ],
            [
              25.9072872,
              46.6657565
            ],
            [
              25.9136434,
              46.6446467
            ],
            [
              25.9150387,
              46.6355517
            ],
            [
              25.911163,
              46.6292988
            ],
            [
              25.900931,
              46.630074
            ],
            [
              25.8889938,
              46.6347765
            ],
            [
              25.8557658,
              46.657695
            ],
            [
              25.840883,
              46.6701749
            ],
            [
              25.8328215,
              46.6811561
            ],
            [
              25.8281706,
              46.6936101
            ],
            [
              25.8165434,
              46.8591814
            ],
            [
              25.8169568,
              46.8698009
            ],
            [
              25.8194373,
              46.8778108
            ],
            [
              25.8244499,
              46.8825133
            ],
            [
              25.8320463,
              46.8853039
            ],
            [
              25.8419682,
              46.8856656
            ],
            [
              25.8602617,
              46.8832885
            ],
            [
              25.8667729,
              46.8837019
            ],
            [
              25.8704936,
              46.8884044
            ],
            [
              25.8712688,
              46.8964143
            ],
            [
              25.8658427,
              46.9128474
            ],
            [
              25.8571611,
              46.922976
            ],
            [
              25.8430534,
              46.9323036
            ],
            [
              25.8093604,
              46.9497444
            ],
            [
              25.7918421,
              46.9661
            ],
            [
              25.7794397,
              46.983179
            ],
            [
              25.7626966,
              47.0124796
            ],
            [
              25.7505526,
              47.0277758
            ],
            [
              25.7370651,
              47.0389896
            ],
            [
              25.7220272,
              47.0456042
            ],
            [
              25.6937602,
              47.0541824
            ],
            [
              25.671281,
              47.0579031
            ],
            [
              25.6186744,
              47.0525805
            ],
            [
              25.6044117,
              47.0493507
            ],
            [
              25.5835861,
              47.0473095
            ],
            [
              25.5679281,
              47.0488081
            ],
            [
              25.5521151,
              47.0559394
            ],
            [
              25.5398678,
              47.0652154
            ],
            [
              25.5300493,
              47.0744396
            ],
            [
              25.5188872,
              47.0823978
            ],
            [
              25.4068527,
              47.1348494
            ],
            [
              25.3897994,
              47.1397328
            ],
            [
              25.3725395,
              47.1403271
            ],
            [
              25.3480449,
              47.1366064
            ],
            [
              25.3283562,
              47.1305085
            ],
            [
              25.311768,
              47.1229638
            ],
            [
              25.3016394,
              47.1116466
            ],
            [
              25.299314,
              47.1024224
            ],
            [
              25.2988489,
              47.093069
            ],
            [
              25.2972986,
              47.0847749
            ],
            [
              25.2918726,
              47.076765
            ],
            [
              25.2825708,
              47.0703572
            ],
            [
              25.2698584,
              47.0664298
            ],
            [
              25.2548206,
              47.0657063
            ],
            [
              25.2419015,
              47.0663264
            ],
            [
              25.2046945,
              47.0764291
            ],
            [
              25.1589091,
              47.0914411
            ],
            [
              25.0685787,
              47.102965
            ],
            [
              25.0631527,
              47.1727799
            ],
            [
              25.0685787,
              47.2024938
            ],
            [
              25.0727645,
              47.2131908
            ],
            [
              25.0764852,
              47.228332
            ],
            [
              25.0747799,
              47.2343265
            ],
            [
              25.069819,
              47.2365486
            ],
            [
              25.0617574,
              47.23505
            ],
            [
              25.0509054,
              47.2347399
            ],
            [
              25.0391232,
              47.2371687
            ],
            [
              25.0275993,
              47.2472714
            ],
            [
              25.0291496,
              47.2575809
            ],
            [
              25.036746,
              47.2707584
            ],
            [
              25.0495101,
              47.2861579
            ],
            [
              25.0574166,
              47.304038
            ],
            [
              25.0567965,
              47.3153035
            ],
            [
              25.0523007,
              47.3249153
            ],
            [
              25.0403634,
              47.3428987
            ],
            [
              25.032922,
              47.3513219
            ],
            [
              25.0131816,
              47.3686594
            ],
            [
              25.0040349,
              47.3791755
            ],
            [
              25.0026396,
              47.3865653
            ],
            [
              25.0069804,
              47.3925597
            ],
            [
              25.0141118,
              47.3960737
            ],
            [
              25.0229484,
              47.3971072
            ],
            [
              25.0305449,
              47.3967972
            ],
            [
              25.038193,
              47.3956861
            ],
            [
              25.0447042,
              47.3964355
            ],
            [
              25.0493551,
              47.3999494
            ],
            [
              25.0519906,
              47.4086828
            ],
            [
              25.0504403,
              47.4151423
            ],
            [
              25.0459445,
              47.4210593
            ],
            [
              25.0406735,
              47.4255293
            ],
            [
              25.0372628,
              47.4302318
            ],
            [
              25.0394332,
              47.4352445
            ],
            [
              25.0471847,
              47.4397403
            ],
            [
              25.0591219,
              47.4434868
            ],
            [
              25.0726095,
              47.4494555
            ],
            [
              25.0837716,
              47.4577754
            ],
            [
              25.0904895,
              47.4714696
            ],
            [
              25.0893527,
              47.4829935
            ],
            [
              25.0842367,
              47.4937939
            ],
            [
              25.0721444,
              47.5085733
            ],
            [
              25.0460995,
              47.5296831
            ],
            [
              24.9670862,
              47.5735823
            ],
            [
              24.9562342,
              47.5822897
            ],
            [
              24.8707613,
              47.5828323
            ],
            [
              24.8370683,
              47.5746675
            ],
            [
              24.7957788,
              47.5484675
            ],
            [
              24.7801209,
              47.5407161
            ],
            [
              24.7591919,
              47.5365044
            ],
            [
              24.5709347,
              47.5321636
            ],
            [
              24.3833492,
              47.5621101
            ],
            [
              24.3656759,
              47.559087
            ],
            [
              24.2962744,
              47.5377188
            ],
            [
              24.2823218,
              47.5299157
            ],
            [
              24.2744153,
              47.5211307
            ],
            [
              24.2551917,
              47.4900215
            ],
            [
              24.2450631,
              47.4817016
            ],
            [
              24.2249093,
              47.4732008
            ],
            [
              24.1403667,
              47.461186
            ],
            [
              24.1258973,
              47.456716
            ],
            [
              24.1209363,
              47.4515484
            ],
            [
              24.119076,
              47.4455281
            ],
            [
              24.1173706,
              47.4299735
            ],
            [
              24.114115,
              47.4207234
            ],
            [
              24.1071387,
              47.4109049
            ],
            [
              24.0460055,
              47.35003
            ],
            [
              24.0075065,
              47.3246052
            ],
            [
              23.8414702,
              47.3332352
            ],
            [
              23.8129448,
              47.3165178
            ],
            [
              23.8284477,
              47.3008341
            ],
            [
              23.8287578,
              47.2940903
            ],
            [
              23.8270524,
              47.2862613
            ],
            [
              23.8206962,
              47.2774505
            ],
            [
              23.8158903,
              47.2655907
            ],
            [
              23.8110844,
              47.2467288
            ],
            [
              23.8118596,
              47.2274018
            ],
            [
              23.8041081,
              47.2184618
            ],
            [
              23.7887085,
              47.214276
            ],
            [
              23.7294357,
              47.2098319
            ],
            [
              23.6967245,
              47.2027005
            ],
            [
              23.6619462,
              47.1897814
            ],
            [
              23.6462883,
              47.1775599
            ],
            [
              23.6374516,
              47.1656485
            ],
            [
              23.6303203,
              47.1530911
            ],
            [
              23.621897,
              47.148957
            ],
            [
              23.6124402,
              47.148957
            ],
            [
              23.6020533,
              47.1519026
            ],
            [
              23.5908911,
              47.1523677
            ],
            [
              23.577817,
              47.1497838
            ],
            [
              23.5553378,
              47.1394486
            ],
            [
              23.5095524,
              47.1268912
            ],
            [
              23.5059868,
              47.1205867
            ],
            [
              23.5039714,
              47.1125251
            ],
            [
              23.5027312,
              47.1037918
            ],
            [
              23.4952897,
              47.0944384
            ],
            [
              23.4887785,
              47.0831212
            ],
            [
              23.4867631,
              47.0777469
            ],
            [
              23.4802519,
              47.0748789
            ],
            [
              23.4598914,
              47.0707189
            ],
            [
              23.4544654,
              47.0658096
            ],
            [
              23.4533802,
              47.0591175
            ],
            [
              23.4567908,
              47.0526838
            ],
            [
              23.4704851,
              47.0409274
            ],
            [
              23.4751359,
              47.0342353
            ],
            [
              23.4841276,
              47.0122212
            ],
            [
              23.4856779,
              47.0044697
            ],
            [
              23.4818022,
              46.9948579
            ],
            [
              23.4717253,
              46.9887601
            ],
            [
              23.4571009,
              46.9859696
            ],
            [
              23.4439234,
              46.9850652
            ],
            [
              23.4214441,
              46.9855561
            ],
            [
              23.4096619,
              46.9843159
            ],
            [
              23.397828,
              46.9797684
            ],
            [
              23.3933321,
              46.9736706
            ],
            [
              23.3896114,
              46.9609065
            ],
            [
              23.3838754,
              46.959227
            ],
            [
              23.3669772,
              46.9634645
            ],
            [
              23.3567452,
              46.963697
            ],
            [
              23.3421208,
              46.9590978
            ],
            [
              23.33778,
              46.9522765
            ],
            [
              23.3413457,
              46.9435174
            ],
            [
              23.350234,
              46.9357401
            ],
            [
              23.360776,
              46.928557
            ],
            [
              23.3649618,
              46.9193845
            ],
            [
              23.3646517,
              46.9103153
            ],
            [
              23.3561251,
              46.8962334
            ],
            [
              23.3472368,
              46.8917634
            ],
            [
              23.33778,
              46.89135
            ],
            [
              23.3308037,
              46.8958459
            ],
            [
              23.3244475,
              46.9016336
            ],
            [
              23.3176262,
              46.9065429
            ],
            [
              23.3094096,
              46.9086874
            ],
            [
              23.2988676,
              46.9082999
            ],
            [
              23.277732,
              46.903649
            ],
            [
              23.2690503,
              46.9050701
            ],
            [
              23.2636243,
              46.9097468
            ],
            [
              23.2572681,
              46.9250172
            ],
            [
              23.2507569,
              46.9327945
            ],
            [
              23.2423336,
              46.936541
            ],
            [
              23.2302413,
              46.9353783
            ],
            [
              23.22342,
              46.928247
            ],
            [
              23.2099325,
              46.9097468
            ],
            [
              23.207142,
              46.9026155
            ],
            [
              23.2066769,
              46.8945539
            ],
            [
              23.2085372,
              46.8864407
            ],
            [
              23.2055917,
              46.8780692
            ],
            [
              23.1964449,
              46.8741934
            ],
            [
              23.1840426,
              46.873625
            ],
            [
              23.1613566,
              46.8797486
            ],
            [
              23.1498845,
              46.8805496
            ],
            [
              23.1356218,
              46.8785342
            ],
            [
              23.1160364,
              46.8736767
            ],
            [
              23.0989832,
              46.8719713
            ],
            [
              23.0842554,
              46.8741934
            ],
            [
              23.0732483,
              46.8770615
            ],
            [
              23.0618795,
              46.8784826
            ],
            [
              23.0496322,
              46.8782759
            ],
            [
              23.0279281,
              46.8753303
            ],
            [
              23.0184713,
              46.875692
            ],
            [
              23.0108232,
              46.8791027
            ],
            [
              23.0055522,
              46.8839086
            ],
            [
              23.0007463,
              46.8895413
            ],
            [
              22.99377,
              46.8937788
            ],
            [
              22.9843132,
              46.8961042
            ],
            [
              22.9472095,
              46.8985589
            ],
            [
              22.9344971,
              46.9019437
            ],
            [
              22.9242652,
              46.9103928
            ],
            [
              22.9135682,
              46.9233894
            ],
            [
              22.8969283,
              46.9534651
            ],
            [
              22.8891769,
              46.9626118
            ],
            [
              22.879255,
              46.9684512
            ],
            [
              22.8682479,
              46.972327
            ],
            [
              22.8505746,
              46.9748074
            ],
            [
              22.7312537,
              46.976151
            ],
            [
              22.7194198,
              46.979355
            ],
            [
              22.7118234,
              46.9654023
            ],
            [
              22.6899642,
              46.936076
            ],
            [
              22.6865536,
              46.9268776
            ],
            [
              22.6882589,
              46.9202888
            ],
            [
              22.6967855,
              46.9155862
            ],
            [
              22.7476868,
              46.9021245
            ],
            [
              22.7602442,
              46.8948123
            ],
            [
              22.7656702,
              46.8843737
            ],
            [
              22.7613294,
              46.8658735
            ],
            [
              22.7566785,
              46.8541946
            ],
            [
              22.7512525,
              46.8433168
            ],
            [
              22.7459815,
              46.8351777
            ],
            [
              22.7391602,
              46.8284081
            ],
            [
              22.7302718,
              46.8234213
            ],
            [
              22.6935299,
              46.8123367
            ],
            [
              22.6822128,
              46.8066523
            ],
            [
              22.6736345,
              46.7999344
            ],
            [
              22.6680534,
              46.7925705
            ],
            [
              22.6661931,
              46.784354
            ],
            [
              22.6688286,
              46.7753106
            ],
            [
              22.6808175,
              46.7636575
            ],
            [
              22.7208151,
              46.7388529
            ],
            [
              22.7338375,
              46.7242801
            ],
            [
              22.7469117,
              46.7035578
            ],
            [
              22.7642749,
              46.6569974
            ],
            [
              22.7734217,
              46.6446467
            ],
            [
              22.7827234,
              46.6389623
            ],
            [
              22.7938855,
              46.6337947
            ],
            [
              22.803394,
              46.6273609
            ],
            [
              22.8078898,
              46.6193769
            ],
            [
              22.803549,
              46.5943139
            ],
            [
              22.8027739,
              46.5569001
            ],
            [
              22.787581,
              46.5633597
            ],
            [
              22.7780725,
              46.5655818
            ],
            [
              22.7650501,
              46.566977
            ],
            [
              22.7531128,
              46.566977
            ],
            [
              22.7397803,
              46.5654267
            ],
            [
              22.7281014,
              46.5606725
            ],
            [
              22.7155441,
              46.5503889
            ],
            [
              22.7025216,
              46.5321471
            ],
            [
              22.6919796,
              46.5064639
            ],
            [
              22.6868636,
              46.4830028
            ],
            [
              22.6881039,
              46.421973
            ],
            [
              22.7067074,
              46.3687462
            ],
            [
              22.7552832,
              46.333813
            ],
            [
              22.6896542,
              46.3002491
            ],
            [
              22.6719292,
              46.2737133
            ],
            [
              22.6630925,
              46.2575386
            ],
            [
              22.6403032,
              46.231442
            ],
            [
              22.6193225,
              46.2182386
            ],
            [
              22.600719,
              46.2109264
            ],
            [
              22.5765345,
              46.2085493
            ],
            [
              22.5578793,
              46.2094795
            ],
            [
              22.502017,
              46.2188588
            ],
            [
              22.4841887,
              46.2173343
            ],
            [
              22.470236,
              46.2119599
            ],
            [
              22.447085,
              46.197258
            ],
            [
              22.4380933,
              46.1871036
            ],
            [
              22.4335974,
              46.1761482
            ],
            [
              22.436543,
              46.143282
            ],
            [
              22.4345276,
              46.1293293
            ],
            [
              22.4295667,
              46.1142398
            ],
            [
              22.415304,
              46.0934917
            ],
            [
              22.4095679,
              46.0812186
            ],
            [
              22.4072425,
              46.0713484
            ],
            [
              22.4177845,
              46.0477322
            ],
            [
              22.4201099,
              46.0375003
            ],
            [
              22.4196448,
              46.0253305
            ],
            [
              22.4125135,
              46.0090783
            ],
            [
              22.4015064,
              45.9916633
            ],
            [
              22.3549459,
              45.9498571
            ],
            [
              22.3890524,
              45.9246648
            ],
            [
              22.3988709,
              45.9082059
            ],
            [
              22.4018164,
              45.8897574
            ],
            [
              22.4060022,
              45.8774842
            ],
            [
              22.4125135,
              45.8627048
            ],
            [
              22.4219702,
              45.852447
            ],
            [
              22.4494104,
              45.8371508
            ],
            [
              22.4576787,
              45.8306912
            ],
            [
              22.4672905,
              45.8183664
            ],
            [
              22.486049,
              45.7859911
            ],
            [
              22.4941105,
              45.7774128
            ],
            [
              22.5024821,
              45.774028
            ],
            [
              22.5147811,
              45.7788598
            ],
            [
              22.5225326,
              45.7803584
            ],
            [
              22.529819,
              45.7798933
            ],
            [
              22.540826,
              45.7752941
            ],
            [
              22.5436166,
              45.7686795
            ],
            [
              22.5411361,
              45.7612898
            ],
            [
              22.5327645,
              45.7536933
            ],
            [
              22.4927153,
              45.7281135
            ],
            [
              22.4810881,
              45.719096
            ],
            [
              22.4730266,
              45.7089416
            ],
            [
              22.4682207,
              45.6993814
            ],
            [
              22.4638798,
              45.6806745
            ],
            [
              22.4615544,
              45.6738274
            ],
            [
              22.4573686,
              45.6683756
            ],
            [
              22.4536479,
              45.665585
            ],
            [
              22.4453797,
              45.6628979
            ],
            [
              22.4536479,
              45.6400569
            ],
            [
              22.4834135,
              45.6115315
            ],
            [
              22.496746,
              45.6049169
            ],
            [
              22.5110087,
              45.6014029
            ],
            [
              22.5228426,
              45.6003694
            ],
            [
              22.5374154,
              45.5973205
            ],
            [
              22.5423763,
              45.592437
            ],
            [
              22.5429965,
              45.5855382
            ],
            [
              22.5411361,
              45.5780452
            ],
            [
              22.5423763,
              45.5700353
            ],
            [
              22.5479574,
              45.5673481
            ],
            [
              22.556484,
              45.5672965
            ],
            [
              22.5657858,
              45.5686142
            ],
            [
              22.5760694,
              45.5670897
            ],
            [
              22.5825806,
              45.5623355
            ],
            [
              22.5886267,
              45.5544549
            ],
            [
              22.6010291,
              45.5467809
            ],
            [
              22.6202527,
              45.5384352
            ],
            [
              22.6533256,
              45.5202192
            ],
            [
              22.6686735,
              45.506525
            ],
            [
              22.6784404,
              45.4925465
            ],
            [
              22.6902743,
              45.4632201
            ],
            [
              22.6935299,
              45.4514379
            ],
            [
              22.6946151,
              45.4404825
            ],
            [
              22.69415,
              45.4296563
            ],
            [
              22.6980258,
              45.4130165
            ],
            [
              22.6963204,
              45.4036889
            ],
            [
              22.6912045,
              45.393612
            ],
            [
              22.6787504,
              45.3804345
            ],
            [
              22.6753398,
              45.3739491
            ],
            [
              22.6774069,
              45.3650866
            ],
            [
              22.6846932,
              45.3555264
            ],
            [
              22.6981808,
              45.3420906
            ],
            [
              22.7040719,
              45.3316002
            ],
            [
              22.7068624,
              45.3223243
            ],
            [
              22.7063973,
              45.3142886
            ],
            [
              22.7042269,
              45.3067956
            ],
            [
              22.6986459,
              45.2986307
            ],
            [
              22.6770968,
              45.2754796
            ],
            [
              22.6722392,
              45.2669014
            ],
            [
              22.6699138,
              45.259615
            ],
            [
              22.6691386,
              45.2404689
            ],
            [
              22.8814254,
              45.2949358
            ],
            [
              22.8924325,
              45.2964861
            ],
            [
              22.9052999,
              45.291706
            ],
            [
              22.9123279,
              45.2850398
            ],
            [
              22.9214746,
              45.2798721
            ],
            [
              22.9334119,
              45.2767199
            ],
            [
              22.9760966,
              45.2748078
            ],
            [
              22.9853984,
              45.272069
            ],
            [
              22.99408,
              45.2672631
            ],
            [
              23.0015214,
              45.2618371
            ],
            [
              23.0117534,
              45.2591499
            ],
            [
              23.0269979,
              45.2596667
            ],
            [
              23.0907666,
              45.2793554
            ],
            [
              23.1160364,
              45.2804406
            ],
            [
              23.1306608,
              45.2788644
            ],
            [
              23.1610466,
              45.2691234
            ],
            [
              23.173604,
              45.2687875
            ],
            [
              23.1894686,
              45.2717589
            ],
            [
              23.2440906,
              45.2951684
            ],
            [
              23.2600586,
              45.2992766
            ],
            [
              23.3041386,
              45.305607
            ],
            [
              23.3387102,
              45.3174409
            ],
            [
              23.3575204,
              45.3214975
            ],
            [
              23.3827902,
              45.3213166
            ],
            [
              23.3984481,
              45.3182419
            ],
            [
              23.4122974,
              45.3128417
            ],
            [
              23.4304358,
              45.3037983
            ],
            [
              23.4394275,
              45.3030232
            ],
            [
              23.4491944,
              45.305452
            ],
            [
              23.4667127,
              45.3154772
            ],
            [
              23.5237118,
              45.3378531
            ],
            [
              23.5857752,
              45.3525809
            ],
            [
              23.5998828,
              45.3819073
            ],
            [
              23.5970923,
              45.3927851
            ],
            [
              23.5832947,
              45.4230159
            ],
            [
              23.5808142,
              45.4322918
            ],
            [
              23.5842249,
              45.4473038
            ],
            [
              23.6260828,
              45.4519288
            ],
            [
              23.6469084,
              45.4505077
            ],
            [
              23.6586906,
              45.4538667
            ],
            [
              23.6791545,
              45.4628584
            ],
            [
              23.7097469,
              45.4797566
            ],
            [
              23.7229244,
              45.4833739
            ],
            [
              23.7401327,
              45.4838132
            ],
            [
              23.7525867,
              45.4860611
            ],
            [
              23.7618885,
              45.4912287
            ],
            [
              23.77026,
              45.4984376
            ],
            [
              23.7786316,
              45.5043546
            ],
            [
              23.7939795,
              45.5080236
            ],
            [
              23.960636,
              45.5122094
            ],
            [
              23.9985148,
              45.5090054
            ],
            [
              24.0340682,
              45.4981534
            ],
            [
              24.0494161,
              45.4958796
            ],
            [
              24.0683297,
              45.4963964
            ],
            [
              24.168892,
              45.5370399
            ],
            [
              24.1826896,
              45.5405281
            ],
            [
              24.3217509,
              45.5630331
            ],
            [
              24.5272164,
              45.5618188
            ],
            [
              24.7090658,
              45.5987674
            ],
            [
              24.7719043,
              45.6029015
            ],
            [
              24.7874073,
              45.600266
            ],
            [
              24.8004297,
              45.5950467
            ],
            [
              24.8162944,
              45.5825927
            ],
            [
              24.8238908,
              45.5733943
            ],
            [
              24.8310222,
              45.5661596
            ],
            [
              24.8387736,
              45.5631107
            ],
            [
              24.8508659,
              45.5655911
            ],
            [
              24.8686943,
              45.5738594
            ],
            [
              24.8803732,
              45.5767532
            ],
            [
              24.8924654,
              45.5775801
            ],
            [
              24.9221277,
              45.5761073
            ],
            [
              24.9838811,
              45.5800089
            ],
            [
              25.0951404,
              45.5696219
            ],
            [
              25.11917,
              45.5597517
            ],
            [
              25.1565837,
              45.5362389
            ],
            [
              25.174102,
              45.5285908
            ],
            [
              25.189915,
              45.52425
            ],
            [
              25.2062447,
              45.5162401
            ],
            [
              25.2208175,
              45.5033727
            ],
            [
              25.2759046,
              45.4164529
            ],
            [
              25.3092359,
              45.388496
            ],
            [
              25.3702657,
              45.3993997
            ],
            [
              25.3887142,
              45.4158845
            ],
            [
              25.3939852,
              45.4266849
            ]
          ]
        ]
      }
    }
  ]
}